{"type":"FeatureCollection","features":[{"type":"Feature","properties":{"development_id":"nycha:tds:233","geometry_id":"nycha-polygon:233","name":"1162-1176 WASHINGTON AVENUE","tds_id":"233","tds_raw":"233","borough":"BRONX","borough_code":"BX","join_method":"tds","join_confidence":"high","geometry_quality":"official_source","source_id":"nycha_development_geometry","source_artifact_id":"nycha-geometry-open-data","source_dataset_id":"phvi-damg","source_url":"https://data.cityofnewyork.us/Housing-Development/NYCHA-Public-Housing-Developments/phvi-damg","geometry_vintage_note":"NYC Open Data NYCHA Public Housing Developments (current snapshot)"},"geometry":{"type":"Point","coordinates":[-73.90724556320677,40.82999352312384]}},{"type":"Feature","properties":{"development_id":"nycha:tds:214","geometry_id":"nycha-polygon:214","name":"1471 WATSON AVENUE","tds_id":"214","tds_raw":"214","borough":"BRONX","borough_code":"BX","join_method":"tds","join_confidence":"high","geometry_quality":"official_source","source_id":"nycha_development_geometry","source_artifact_id":"nycha-geometry-open-data","source_dataset_id":"phvi-damg","source_url":"https://data.cityofnewyork.us/Housing-Development/NYCHA-Public-Housing-Developments/phvi-damg","geometry_vintage_note":"NYC Open Data NYCHA Public Housing Developments (current snapshot)"},"geometry":{"type":"Point","coordinates":[-73.88121254413696,40.826272262064194]}},{"type":"Feature","properties":{"development_id":"nycha:tds:359","geometry_id":"nycha-polygon:359","name":"154 WEST 84TH STREET","tds_id":"359","tds_raw":"359","borough":"MANHATTAN","borough_code":"MN","join_method":"tds","join_confidence":"high","geometry_quality":"official_source","source_id":"nycha_development_geometry","source_artifact_id":"nycha-geometry-open-data","source_dataset_id":"phvi-damg","source_url":"https://data.cityofnewyork.us/Housing-Development/NYCHA-Public-Housing-Developments/phvi-damg","geometry_vintage_note":"NYC Open Data NYCHA Public Housing Developments (current snapshot)"},"geometry":{"type":"Point","coordinates":[-73.97534111596359,40.785852741717505]}},{"type":"Feature","properties":{"development_id":"nycha:tds:156","geometry_id":"nycha-polygon:156","name":"303 VERNON AVENUE","tds_id":"156","tds_raw":"156","borough":"BROOKLYN","borough_code":"BK","join_method":"tds","join_confidence":"high","geometry_quality":"official_source","source_id":"nycha_development_geometry","source_artifact_id":"nycha-geometry-open-data","source_dataset_id":"phvi-damg","source_url":"https://data.cityofnewyork.us/Housing-Development/NYCHA-Public-Housing-Developments/phvi-damg","geometry_vintage_note":"NYC Open Data NYCHA Public Housing Developments (current snapshot)"},"geometry":{"type":"Point","coordinates":[-73.93951928786906,40.69608824346054]}},{"type":"Feature","properties":{"development_id":"nycha:tds:265","geometry_id":"nycha-polygon:265","name":"45 ALLEN STREET","tds_id":"265","tds_raw":"265","borough":"MANHATTAN","borough_code":"MN","join_method":"tds","join_confidence":"high","geometry_quality":"official_source","source_id":"nycha_development_geometry","source_artifact_id":"nycha-geometry-open-data","source_dataset_id":"phvi-damg","source_url":"https://data.cityofnewyork.us/Housing-Development/NYCHA-Public-Housing-Developments/phvi-damg","geometry_vintage_note":"NYC Open Data NYCHA Public Housing Developments (current snapshot)"},"geometry":{"type":"Point","coordinates":[-73.99226692543265,40.716719373852925]}},{"type":"Feature","properties":{"development_id":"nycha:tds:150","geometry_id":"nycha-polygon:150","name":"830 AMSTERDAM AVENUE","tds_id":"150","tds_raw":"150","borough":"MANHATTAN","borough_code":"MN","join_method":"tds","join_confidence":"high","geometry_quality":"official_source","source_id":"nycha_development_geometry","source_artifact_id":"nycha-geometry-open-data","source_dataset_id":"phvi-damg","source_url":"https://data.cityofnewyork.us/Housing-Development/NYCHA-Public-Housing-Developments/phvi-damg","geometry_vintage_note":"NYC Open Data NYCHA Public Housing Developments (current snapshot)"},"geometry":{"type":"Point","coordinates":[-73.9687345853597,40.79690157031203]}},{"type":"Feature","properties":{"development_id":"nycha:tds:118","geometry_id":"nycha-polygon:118","name":"ADAMS","tds_id":"118","tds_raw":"118","borough":"BRONX","borough_code":"BX","join_method":"tds","join_confidence":"high","geometry_quality":"official_source","source_id":"nycha_development_geometry","source_artifact_id":"nycha-geometry-open-data","source_dataset_id":"phvi-damg","source_url":"https://data.cityofnewyork.us/Housing-Development/NYCHA-Public-Housing-Developments/phvi-damg","geometry_vintage_note":"NYC Open Data NYCHA Public Housing Developments (current snapshot)"},"geometry":{"type":"Point","coordinates":[-73.90640434330473,40.81674525300913]}},{"type":"Feature","properties":{"development_id":"nycha:tds:31","geometry_id":"nycha-polygon:31","name":"ALBANY","tds_id":"31","tds_raw":"031","borough":"BROOKLYN","borough_code":"BK","join_method":"tds","join_confidence":"high","geometry_quality":"official_source","source_id":"nycha_development_geometry","source_artifact_id":"nycha-geometry-open-data","source_dataset_id":"phvi-damg","source_url":"https://data.cityofnewyork.us/Housing-Development/NYCHA-Public-Housing-Developments/phvi-damg","geometry_vintage_note":"NYC Open Data NYCHA Public Housing Developments (current snapshot)"},"geometry":{"type":"Point","coordinates":[-73.93762203484545,40.673645570467954]}},{"type":"Feature","properties":{"development_id":"nycha:tds:85","geometry_id":"nycha-polygon:85","name":"ALBANY II","tds_id":"85","tds_raw":"085","borough":"BROOKLYN","borough_code":"BK","join_method":"tds","join_confidence":"high","geometry_quality":"official_source","source_id":"nycha_development_geometry","source_artifact_id":"nycha-geometry-open-data","source_dataset_id":"phvi-damg","source_url":"https://data.cityofnewyork.us/Housing-Development/NYCHA-Public-Housing-Developments/phvi-damg","geometry_vintage_note":"NYC Open Data NYCHA Public Housing Developments (current snapshot)"},"geometry":{"type":"Point","coordinates":[-73.93750491519398,40.67486088291234]}},{"type":"Feature","properties":{"development_id":"nycha:tds:22","geometry_id":"nycha-polygon:22","name":"AMSTERDAM","tds_id":"22","tds_raw":"022","borough":"MANHATTAN","borough_code":"MN","join_method":"tds","join_confidence":"high","geometry_quality":"official_source","source_id":"nycha_development_geometry","source_artifact_id":"nycha-geometry-open-data","source_dataset_id":"phvi-damg","source_url":"https://data.cityofnewyork.us/Housing-Development/NYCHA-Public-Housing-Developments/phvi-damg","geometry_vintage_note":"NYC Open Data NYCHA Public Housing Developments (current snapshot)"},"geometry":{"type":"Point","coordinates":[-73.987455384587,40.773176955059526]}},{"type":"Feature","properties":{"development_id":"nycha:tds:187","geometry_id":"nycha-polygon:187","name":"AMSTERDAM ADDITION","tds_id":"187","tds_raw":"187","borough":"MANHATTAN","borough_code":"MN","join_method":"tds","join_confidence":"high","geometry_quality":"official_source","source_id":"nycha_development_geometry","source_artifact_id":"nycha-geometry-open-data","source_dataset_id":"phvi-damg","source_url":"https://data.cityofnewyork.us/Housing-Development/NYCHA-Public-Housing-Developments/phvi-damg","geometry_vintage_note":"NYC Open Data NYCHA Public Housing Developments (current snapshot)"},"geometry":{"type":"Point","coordinates":[-73.98695086049703,40.77467967240449]}},{"type":"Feature","properties":{"development_id":"nycha:tds:26","geometry_id":"nycha-polygon:26","name":"ASTORIA","tds_id":"26","tds_raw":"026","borough":"QUEENS","borough_code":"QN","join_method":"tds","join_confidence":"high","geometry_quality":"official_source","source_id":"nycha_development_geometry","source_artifact_id":"nycha-geometry-open-data","source_dataset_id":"phvi-damg","source_url":"https://data.cityofnewyork.us/Housing-Development/NYCHA-Public-Housing-Developments/phvi-damg","geometry_vintage_note":"NYC Open Data NYCHA Public Housing Developments (current snapshot)"},"geometry":{"type":"Point","coordinates":[-73.93404068037034,40.77364125667195]}},{"type":"Feature","properties":{"development_id":"nycha:tds:256","geometry_id":"nycha-polygon:256","name":"ATLANTIC TERMINAL SITE 4B","tds_id":"256","tds_raw":"256","borough":"BROOKLYN","borough_code":"BK","join_method":"tds","join_confidence":"high","geometry_quality":"official_source","source_id":"nycha_development_geometry","source_artifact_id":"nycha-geometry-open-data","source_dataset_id":"phvi-damg","source_url":"https://data.cityofnewyork.us/Housing-Development/NYCHA-Public-Housing-Developments/phvi-damg","geometry_vintage_note":"NYC Open Data NYCHA Public Housing Developments (current snapshot)"},"geometry":{"type":"Point","coordinates":[-73.970186439076,40.68289865541559]}},{"type":"Feature","properties":{"development_id":"nycha:tds:91","geometry_id":"nycha-polygon:91","name":"BAISLEY PARK","tds_id":"91","tds_raw":"091","borough":"QUEENS","borough_code":"QN","join_method":"tds","join_confidence":"high","geometry_quality":"official_source","source_id":"nycha_development_geometry","source_artifact_id":"nycha-geometry-open-data","source_dataset_id":"phvi-damg","source_url":"https://data.cityofnewyork.us/Housing-Development/NYCHA-Public-Housing-Developments/phvi-damg","geometry_vintage_note":"NYC Open Data NYCHA Public Housing Developments (current snapshot)"},"geometry":{"type":"Point","coordinates":[-73.7824916673448,40.6851573723322]}},{"type":"Feature","properties":{"development_id":"nycha:tds:60","geometry_id":"nycha-polygon:60","name":"BARUCH","tds_id":"60","tds_raw":"060","borough":"MANHATTAN","borough_code":"MN","join_method":"tds","join_confidence":"high","geometry_quality":"official_source","source_id":"nycha_development_geometry","source_artifact_id":"nycha-geometry-open-data","source_dataset_id":"phvi-damg","source_url":"https://data.cityofnewyork.us/Housing-Development/NYCHA-Public-Housing-Developments/phvi-damg","geometry_vintage_note":"NYC Open Data NYCHA Public Housing Developments (current snapshot)"},"geometry":{"type":"Point","coordinates":[-73.97737820914516,40.71757134443091]}},{"type":"Feature","properties":{"development_id":"nycha:tds:198","geometry_id":"nycha-polygon:198","name":"BARUCH HOUSES ADDITION","tds_id":"198","tds_raw":"198","borough":"MANHATTAN","borough_code":"MN","join_method":"tds","join_confidence":"high","geometry_quality":"official_source","source_id":"nycha_development_geometry","source_artifact_id":"nycha-geometry-open-data","source_dataset_id":"phvi-damg","source_url":"https://data.cityofnewyork.us/Housing-Development/NYCHA-Public-Housing-Developments/phvi-damg","geometry_vintage_note":"NYC Open Data NYCHA Public Housing Developments (current snapshot)"},"geometry":{"type":"Point","coordinates":[-73.97919186002757,40.717080734132466]}},{"type":"Feature","properties":{"development_id":"nycha:tds:165","geometry_id":"nycha-polygon:165","name":"BEACH 41ST STREET-BEACH CHANNEL DRIVE","tds_id":"165","tds_raw":"165","borough":"QUEENS","borough_code":"QN","join_method":"tds","join_confidence":"high","geometry_quality":"official_source","source_id":"nycha_development_geometry","source_artifact_id":"nycha-geometry-open-data","source_dataset_id":"phvi-damg","source_url":"https://data.cityofnewyork.us/Housing-Development/NYCHA-Public-Housing-Developments/phvi-damg","geometry_vintage_note":"NYC Open Data NYCHA Public Housing Developments (current snapshot)"},"geometry":{"type":"Point","coordinates":[-73.77283684522133,40.59748066267643]}},{"type":"Feature","properties":{"development_id":"nycha:tds:52","geometry_id":"nycha-polygon:52","name":"BERRY","tds_id":"52","tds_raw":"052","borough":"STATEN ISLAND","borough_code":"SI","join_method":"tds","join_confidence":"high","geometry_quality":"official_source","source_id":"nycha_development_geometry","source_artifact_id":"nycha-geometry-open-data","source_dataset_id":"phvi-damg","source_url":"https://data.cityofnewyork.us/Housing-Development/NYCHA-Public-Housing-Developments/phvi-damg","geometry_vintage_note":"NYC Open Data NYCHA Public Housing Developments (current snapshot)"},"geometry":{"type":"Point","coordinates":[-74.10227555280667,40.58710787893342]}},{"type":"Feature","properties":{"development_id":"nycha:tds:54","geometry_id":"nycha-polygon:54","name":"BLAND","tds_id":"54","tds_raw":"054","borough":"QUEENS","borough_code":"QN","join_method":"tds","join_confidence":"high","geometry_quality":"official_source","source_id":"nycha_development_geometry","source_artifact_id":"nycha-geometry-open-data","source_dataset_id":"phvi-damg","source_url":"https://data.cityofnewyork.us/Housing-Development/NYCHA-Public-Housing-Developments/phvi-damg","geometry_vintage_note":"NYC Open Data NYCHA Public Housing Developments (current snapshot)"},"geometry":{"type":"Point","coordinates":[-73.8328818803016,40.75788737300035]}},{"type":"Feature","properties":{"development_id":"nycha:tds:243","geometry_id":"nycha-polygon:243","name":"BORINQUEN PLAZA I","tds_id":"243","tds_raw":"243","borough":"BROOKLYN","borough_code":"BK","join_method":"tds","join_confidence":"high","geometry_quality":"official_source","source_id":"nycha_development_geometry","source_artifact_id":"nycha-geometry-open-data","source_dataset_id":"phvi-damg","source_url":"https://data.cityofnewyork.us/Housing-Development/NYCHA-Public-Housing-Developments/phvi-damg","geometry_vintage_note":"NYC Open Data NYCHA Public Housing Developments (current snapshot)"},"geometry":{"type":"Point","coordinates":[-73.94180485578383,40.70528002495142]}},{"type":"Feature","properties":{"development_id":"nycha:tds:271","geometry_id":"nycha-polygon:271","name":"BORINQUEN PLAZA II","tds_id":"271","tds_raw":"271","borough":"BROOKLYN","borough_code":"BK","join_method":"tds","join_confidence":"high","geometry_quality":"official_source","source_id":"nycha_development_geometry","source_artifact_id":"nycha-geometry-open-data","source_dataset_id":"phvi-damg","source_url":"https://data.cityofnewyork.us/Housing-Development/NYCHA-Public-Housing-Developments/phvi-damg","geometry_vintage_note":"NYC Open Data NYCHA Public Housing Developments (current snapshot)"},"geometry":{"type":"Point","coordinates":[-73.94033800866507,40.70542199206699]}},{"type":"Feature","properties":{"development_id":"nycha:tds:346","geometry_id":"nycha-polygon:346","name":"BOYNTON AVENUE REHAB","tds_id":"346","tds_raw":"346","borough":"BRONX","borough_code":"BX","join_method":"tds","join_confidence":"high","geometry_quality":"official_source","source_id":"nycha_development_geometry","source_artifact_id":"nycha-geometry-open-data","source_dataset_id":"phvi-damg","source_url":"https://data.cityofnewyork.us/Housing-Development/NYCHA-Public-Housing-Developments/phvi-damg","geometry_vintage_note":"NYC Open Data NYCHA Public Housing Developments (current snapshot)"},"geometry":{"type":"Point","coordinates":[-73.87786530643675,40.82581721075419]}},{"type":"Feature","properties":{"development_id":"nycha:tds:264","geometry_id":"nycha-polygon:264","name":"BRACETTI PLAZA","tds_id":"264","tds_raw":"264","borough":"MANHATTAN","borough_code":"MN","join_method":"tds","join_confidence":"high","geometry_quality":"official_source","source_id":"nycha_development_geometry","source_artifact_id":"nycha-geometry-open-data","source_dataset_id":"phvi-damg","source_url":"https://data.cityofnewyork.us/Housing-Development/NYCHA-Public-Housing-Developments/phvi-damg","geometry_vintage_note":"NYC Open Data NYCHA Public Housing Developments (current snapshot)"},"geometry":{"type":"Point","coordinates":[-73.98111032106948,40.72221935193117]}},{"type":"Feature","properties":{"development_id":"nycha:tds:56","geometry_id":"nycha-polygon:56","name":"BREUKELEN","tds_id":"56","tds_raw":"056","borough":"BROOKLYN","borough_code":"BK","join_method":"tds","join_confidence":"high","geometry_quality":"official_source","source_id":"nycha_development_geometry","source_artifact_id":"nycha-geometry-open-data","source_dataset_id":"phvi-damg","source_url":"https://data.cityofnewyork.us/Housing-Development/NYCHA-Public-Housing-Developments/phvi-damg","geometry_vintage_note":"NYC Open Data NYCHA Public Housing Developments (current snapshot)"},"geometry":{"type":"Point","coordinates":[-73.89445631796202,40.64897383359531]}},{"type":"Feature","properties":{"development_id":"nycha:tds:65","geometry_id":"nycha-polygon:65","name":"BREVOORT","tds_id":"65","tds_raw":"065","borough":"BROOKLYN","borough_code":"BK","join_method":"tds","join_confidence":"high","geometry_quality":"official_source","source_id":"nycha_development_geometry","source_artifact_id":"nycha-geometry-open-data","source_dataset_id":"phvi-damg","source_url":"https://data.cityofnewyork.us/Housing-Development/NYCHA-Public-Housing-Developments/phvi-damg","geometry_vintage_note":"NYC Open Data NYCHA Public Housing Developments (current snapshot)"},"geometry":{"type":"Point","coordinates":[-73.9238945012813,40.68032521792994]}},{"type":"Feature","properties":{"development_id":"nycha:tds:32","geometry_id":"nycha-polygon:32","name":"BRONX RIVER","tds_id":"32","tds_raw":"032","borough":"BRONX","borough_code":"BX","join_method":"tds","join_confidence":"high","geometry_quality":"official_source","source_id":"nycha_development_geometry","source_artifact_id":"nycha-geometry-open-data","source_dataset_id":"phvi-damg","source_url":"https://data.cityofnewyork.us/Housing-Development/NYCHA-Public-Housing-Developments/phvi-damg","geometry_vintage_note":"NYC Open Data NYCHA Public Housing Developments (current snapshot)"},"geometry":{"type":"Point","coordinates":[-73.87680680715297,40.834962362935116]}},{"type":"Feature","properties":{"development_id":"nycha:tds:157","geometry_id":"nycha-polygon:157","name":"BRONX RIVER ADDITION","tds_id":"157","tds_raw":"157","borough":"BRONX","borough_code":"BX","join_method":"tds","join_confidence":"high","geometry_quality":"official_source","source_id":"nycha_development_geometry","source_artifact_id":"nycha-geometry-open-data","source_dataset_id":"phvi-damg","source_url":"https://data.cityofnewyork.us/Housing-Development/NYCHA-Public-Housing-Developments/phvi-damg","geometry_vintage_note":"NYC Open Data NYCHA Public Housing Developments (current snapshot)"},"geometry":{"type":"Point","coordinates":[-73.87514813614202,40.8338238745405]}},{"type":"Feature","properties":{"development_id":"nycha:tds:325","geometry_id":"nycha-polygon:325","name":"BROWN","tds_id":"325","tds_raw":"325","borough":"BROOKLYN","borough_code":"BK","join_method":"tds","join_confidence":"high","geometry_quality":"official_source","source_id":"nycha_development_geometry","source_artifact_id":"nycha-geometry-open-data","source_dataset_id":"phvi-damg","source_url":"https://data.cityofnewyork.us/Housing-Development/NYCHA-Public-Housing-Developments/phvi-damg","geometry_vintage_note":"NYC Open Data NYCHA Public Housing Developments (current snapshot)"},"geometry":{"type":"Point","coordinates":[-73.91319168536488,40.672727248145485]}},{"type":"Feature","properties":{"development_id":"nycha:tds:16","geometry_id":"nycha-polygon:16","name":"BROWNSVILLE","tds_id":"16","tds_raw":"016","borough":"BROOKLYN","borough_code":"BK","join_method":"tds","join_confidence":"high","geometry_quality":"official_source","source_id":"nycha_development_geometry","source_artifact_id":"nycha-geometry-open-data","source_dataset_id":"phvi-damg","source_url":"https://data.cityofnewyork.us/Housing-Development/NYCHA-Public-Housing-Developments/phvi-damg","geometry_vintage_note":"NYC Open Data NYCHA Public Housing Developments (current snapshot)"},"geometry":{"type":"Point","coordinates":[-73.90732422228399,40.66519473476882]}},{"type":"Feature","properties":{"development_id":"nycha:tds:235","geometry_id":"nycha-polygon:235","name":"BRYANT AVENUE-EAST 174TH STREET","tds_id":"235","tds_raw":"235","borough":"BRONX","borough_code":"BX","join_method":"tds","join_confidence":"high","geometry_quality":"official_source","source_id":"nycha_development_geometry","source_artifact_id":"nycha-geometry-open-data","source_dataset_id":"phvi-damg","source_url":"https://data.cityofnewyork.us/Housing-Development/NYCHA-Public-Housing-Developments/phvi-damg","geometry_vintage_note":"NYC Open Data NYCHA Public Housing Developments (current snapshot)"},"geometry":{"type":"Point","coordinates":[-73.88576426449279,40.83589878404923]}},{"type":"Feature","properties":{"development_id":"nycha:tds:86","geometry_id":"nycha-polygon:86","name":"BUSHWICK","tds_id":"86","tds_raw":"086","borough":"BROOKLYN","borough_code":"BK","join_method":"tds","join_confidence":"high","geometry_quality":"official_source","source_id":"nycha_development_geometry","source_artifact_id":"nycha-geometry-open-data","source_dataset_id":"phvi-damg","source_url":"https://data.cityofnewyork.us/Housing-Development/NYCHA-Public-Housing-Developments/phvi-damg","geometry_vintage_note":"NYC Open Data NYCHA Public Housing Developments (current snapshot)"},"geometry":{"type":"Point","coordinates":[-73.9389760265673,40.70254439095774]}},{"type":"Feature","properties":{"development_id":"nycha:tds:113","geometry_id":"nycha-polygon:113","name":"BUTLER","tds_id":"113","tds_raw":"113","borough":"BRONX","borough_code":"BX","join_method":"tds","join_confidence":"high","geometry_quality":"official_source","source_id":"nycha_development_geometry","source_artifact_id":"nycha-geometry-open-data","source_dataset_id":"phvi-damg","source_url":"https://data.cityofnewyork.us/Housing-Development/NYCHA-Public-Housing-Developments/phvi-damg","geometry_vintage_note":"NYC Open Data NYCHA Public Housing Developments (current snapshot)"},"geometry":{"type":"Point","coordinates":[-73.90731214757065,40.83489239579349]}},{"type":"Feature","properties":{"development_id":"nycha:tds:166","geometry_id":"nycha-polygon:166","name":"CAREY GARDENS","tds_id":"166","tds_raw":"166","borough":"BROOKLYN","borough_code":"BK","join_method":"tds","join_confidence":"high","geometry_quality":"official_source","source_id":"nycha_development_geometry","source_artifact_id":"nycha-geometry-open-data","source_dataset_id":"phvi-damg","source_url":"https://data.cityofnewyork.us/Housing-Development/NYCHA-Public-Housing-Developments/phvi-damg","geometry_vintage_note":"NYC Open Data NYCHA Public Housing Developments (current snapshot)"},"geometry":{"type":"Point","coordinates":[-73.9908700026288,40.5773743236403]}},{"type":"Feature","properties":{"development_id":"nycha:tds:164","geometry_id":"nycha-polygon:164","name":"CARLETON MANOR","tds_id":"164","tds_raw":"164","borough":"QUEENS","borough_code":"QN","join_method":"tds","join_confidence":"high","geometry_quality":"official_source","source_id":"nycha_development_geometry","source_artifact_id":"nycha-geometry-open-data","source_dataset_id":"phvi-damg","source_url":"https://data.cityofnewyork.us/Housing-Development/NYCHA-Public-Housing-Developments/phvi-damg","geometry_vintage_note":"NYC Open Data NYCHA Public Housing Developments (current snapshot)"},"geometry":{"type":"Point","coordinates":[-73.79989978039032,40.59132188942728]}},{"type":"Feature","properties":{"development_id":"nycha:tds:58","geometry_id":"nycha-polygon:58","name":"CARVER","tds_id":"58","tds_raw":"058","borough":"MANHATTAN","borough_code":"MN","join_method":"tds","join_confidence":"high","geometry_quality":"official_source","source_id":"nycha_development_geometry","source_artifact_id":"nycha-geometry-open-data","source_dataset_id":"phvi-damg","source_url":"https://data.cityofnewyork.us/Housing-Development/NYCHA-Public-Housing-Developments/phvi-damg","geometry_vintage_note":"NYC Open Data NYCHA Public Housing Developments (current snapshot)"},"geometry":{"type":"Point","coordinates":[-73.95011341316194,40.79141328918472]}},{"type":"Feature","properties":{"development_id":"nycha:tds:206","geometry_id":"nycha-polygon:206","name":"CASSIDY-LAFAYETTE","tds_id":"206","tds_raw":"206","borough":"STATEN ISLAND","borough_code":"SI","join_method":"tds","join_confidence":"high","geometry_quality":"official_source","source_id":"nycha_development_geometry","source_artifact_id":"nycha-geometry-open-data","source_dataset_id":"phvi-damg","source_url":"https://data.cityofnewyork.us/Housing-Development/NYCHA-Public-Housing-Developments/phvi-damg","geometry_vintage_note":"NYC Open Data NYCHA Public Housing Developments (current snapshot)"},"geometry":{"type":"Point","coordinates":[-74.09643375113015,40.64245391917195]}},{"type":"Feature","properties":{"development_id":"nycha:tds:80","geometry_id":"nycha-polygon:80","name":"CASTLE HILL","tds_id":"80","tds_raw":"080","borough":"BRONX","borough_code":"BX","join_method":"tds","join_confidence":"high","geometry_quality":"official_source","source_id":"nycha_development_geometry","source_artifact_id":"nycha-geometry-open-data","source_dataset_id":"phvi-damg","source_url":"https://data.cityofnewyork.us/Housing-Development/NYCHA-Public-Housing-Developments/phvi-damg","geometry_vintage_note":"NYC Open Data NYCHA Public Housing Developments (current snapshot)"},"geometry":{"type":"Point","coordinates":[-73.84622723627447,40.81814851508619]}},{"type":"Feature","properties":{"development_id":"nycha:tds:134","geometry_id":"nycha-polygon:134","name":"CHELSEA","tds_id":"134","tds_raw":"134","borough":"MANHATTAN","borough_code":"MN","join_method":"tds","join_confidence":"high","geometry_quality":"official_source","source_id":"nycha_development_geometry","source_artifact_id":"nycha-geometry-open-data","source_dataset_id":"phvi-damg","source_url":"https://data.cityofnewyork.us/Housing-Development/NYCHA-Public-Housing-Developments/phvi-damg","geometry_vintage_note":"NYC Open Data NYCHA Public Housing Developments (current snapshot)"},"geometry":{"type":"Point","coordinates":[-74.00127174643872,40.748642302766044]}},{"type":"Feature","properties":{"development_id":"nycha:tds:176","geometry_id":"nycha-polygon:176","name":"CHELSEA ADDITION","tds_id":"176","tds_raw":"176","borough":"MANHATTAN","borough_code":"MN","join_method":"tds","join_confidence":"high","geometry_quality":"official_source","source_id":"nycha_development_geometry","source_artifact_id":"nycha-geometry-open-data","source_dataset_id":"phvi-damg","source_url":"https://data.cityofnewyork.us/Housing-Development/NYCHA-Public-Housing-Developments/phvi-damg","geometry_vintage_note":"NYC Open Data NYCHA Public Housing Developments (current snapshot)"},"geometry":{"type":"Point","coordinates":[-74.0013236701813,40.74963934665523]}},{"type":"Feature","properties":{"development_id":"nycha:tds:307","geometry_id":"nycha-polygon:307","name":"CLAREMONT REHAB (GROUP 2)","tds_id":"307","tds_raw":"307","borough":"BRONX","borough_code":"BX","join_method":"tds","join_confidence":"high","geometry_quality":"official_source","source_id":"nycha_development_geometry","source_artifact_id":"nycha-geometry-open-data","source_dataset_id":"phvi-damg","source_url":"https://data.cityofnewyork.us/Housing-Development/NYCHA-Public-Housing-Developments/phvi-damg","geometry_vintage_note":"NYC Open Data NYCHA Public Housing Developments (current snapshot)"},"geometry":{"type":"Point","coordinates":[-73.91211710381506,40.830197398485936]}},{"type":"Feature","properties":{"development_id":"nycha:tds:308","geometry_id":"nycha-polygon:308","name":"CLAREMONT REHAB (GROUP 3)","tds_id":"308","tds_raw":"308","borough":"BRONX","borough_code":"BX","join_method":"tds","join_confidence":"high","geometry_quality":"official_source","source_id":"nycha_development_geometry","source_artifact_id":"nycha-geometry-open-data","source_dataset_id":"phvi-damg","source_url":"https://data.cityofnewyork.us/Housing-Development/NYCHA-Public-Housing-Developments/phvi-damg","geometry_vintage_note":"NYC Open Data NYCHA Public Housing Developments (current snapshot)"},"geometry":{"type":"Point","coordinates":[-73.91337008423847,40.82872373885835]}},{"type":"Feature","properties":{"development_id":"nycha:tds:335","geometry_id":"nycha-polygon:335","name":"CLAREMONT REHAB (GROUP 4)","tds_id":"335","tds_raw":"335","borough":"BRONX","borough_code":"BX","join_method":"tds","join_confidence":"high","geometry_quality":"official_source","source_id":"nycha_development_geometry","source_artifact_id":"nycha-geometry-open-data","source_dataset_id":"phvi-damg","source_url":"https://data.cityofnewyork.us/Housing-Development/NYCHA-Public-Housing-Developments/phvi-damg","geometry_vintage_note":"NYC Open Data NYCHA Public Housing Developments (current snapshot)"},"geometry":{"type":"Point","coordinates":[-73.91319859420004,40.83078086737015]}},{"type":"Feature","properties":{"development_id":"nycha:tds:336","geometry_id":"nycha-polygon:336","name":"CLAREMONT REHAB (GROUP 5)","tds_id":"336","tds_raw":"336","borough":"BRONX","borough_code":"BX","join_method":"tds","join_confidence":"high","geometry_quality":"official_source","source_id":"nycha_development_geometry","source_artifact_id":"nycha-geometry-open-data","source_dataset_id":"phvi-damg","source_url":"https://data.cityofnewyork.us/Housing-Development/NYCHA-Public-Housing-Developments/phvi-damg","geometry_vintage_note":"NYC Open Data NYCHA Public Housing Developments (current snapshot)"},"geometry":{"type":"Point","coordinates":[-73.91395744249199,40.83053735262543]}},{"type":"Feature","properties":{"development_id":"nycha:tds:11","geometry_id":"nycha-polygon:11","name":"CLASON POINT GARDENS","tds_id":"11","tds_raw":"011","borough":"BRONX","borough_code":"BX","join_method":"tds","join_confidence":"high","geometry_quality":"official_source","source_id":"nycha_development_geometry","source_artifact_id":"nycha-geometry-open-data","source_dataset_id":"phvi-damg","source_url":"https://data.cityofnewyork.us/Housing-Development/NYCHA-Public-Housing-Developments/phvi-damg","geometry_vintage_note":"NYC Open Data NYCHA Public Housing Developments (current snapshot)"},"geometry":{"type":"Point","coordinates":[-73.86931116851767,40.82167130739664]}},{"type":"Feature","properties":{"development_id":"nycha:tds:123","geometry_id":"nycha-polygon:123","name":"CLINTON","tds_id":"123","tds_raw":"123","borough":"MANHATTAN","borough_code":"MN","join_method":"tds","join_confidence":"high","geometry_quality":"official_source","source_id":"nycha_development_geometry","source_artifact_id":"nycha-geometry-open-data","source_dataset_id":"phvi-damg","source_url":"https://data.cityofnewyork.us/Housing-Development/NYCHA-Public-Housing-Developments/phvi-damg","geometry_vintage_note":"NYC Open Data NYCHA Public Housing Developments (current snapshot)"},"geometry":{"type":"Point","coordinates":[-73.945848349859,40.79418500594634]}},{"type":"Feature","properties":{"development_id":"nycha:tds:236","geometry_id":"nycha-polygon:236","name":"COLLEGE AVENUE-EAST 165TH STREET","tds_id":"236","tds_raw":"236","borough":"BRONX","borough_code":"BX","join_method":"tds","join_confidence":"high","geometry_quality":"official_source","source_id":"nycha_development_geometry","source_artifact_id":"nycha-geometry-open-data","source_dataset_id":"phvi-damg","source_url":"https://data.cityofnewyork.us/Housing-Development/NYCHA-Public-Housing-Developments/phvi-damg","geometry_vintage_note":"NYC Open Data NYCHA Public Housing Developments (current snapshot)"},"geometry":{"type":"Point","coordinates":[-73.91506140439031,40.82934508702344]}},{"type":"Feature","properties":{"development_id":"nycha:tds:94","geometry_id":"nycha-polygon:94","name":"CONEY ISLAND","tds_id":"94","tds_raw":"094","borough":"BROOKLYN","borough_code":"BK","join_method":"tds","join_confidence":"high","geometry_quality":"official_source","source_id":"nycha_development_geometry","source_artifact_id":"nycha-geometry-open-data","source_dataset_id":"phvi-damg","source_url":"https://data.cityofnewyork.us/Housing-Development/NYCHA-Public-Housing-Developments/phvi-damg","geometry_vintage_note":"NYC Open Data NYCHA Public Housing Developments (current snapshot)"},"geometry":{"type":"Point","coordinates":[-73.99640538275,40.5722940087626]}},{"type":"Feature","properties":{"development_id":"nycha:tds:239","geometry_id":"nycha-polygon:239","name":"CONEY ISLAND I (SITE 1B)","tds_id":"239","tds_raw":"239","borough":"BROOKLYN","borough_code":"BK","join_method":"tds","join_confidence":"high","geometry_quality":"official_source","source_id":"nycha_development_geometry","source_artifact_id":"nycha-geometry-open-data","source_dataset_id":"phvi-damg","source_url":"https://data.cityofnewyork.us/Housing-Development/NYCHA-Public-Housing-Developments/phvi-damg","geometry_vintage_note":"NYC Open Data NYCHA Public Housing Developments (current snapshot)"},"geometry":{"type":"Point","coordinates":[-73.98726149150536,40.57547534569423]}},{"type":"Feature","properties":{"development_id":"nycha:tds:238","geometry_id":"nycha-polygon:238","name":"CONEY ISLAND I (SITE 8)","tds_id":"238","tds_raw":"238","borough":"BROOKLYN","borough_code":"BK","join_method":"tds","join_confidence":"high","geometry_quality":"official_source","source_id":"nycha_development_geometry","source_artifact_id":"nycha-geometry-open-data","source_dataset_id":"phvi-damg","source_url":"https://data.cityofnewyork.us/Housing-Development/NYCHA-Public-Housing-Developments/phvi-damg","geometry_vintage_note":"NYC Open Data NYCHA Public Housing Developments (current snapshot)"},"geometry":{"type":"Point","coordinates":[-74.00095972226381,40.57351624460562]}},{"type":"Feature","properties":{"development_id":"nycha:tds:216","geometry_id":"nycha-polygon:216","name":"CONEY ISLAND I (SITES 4 & 5)","tds_id":"216","tds_raw":"216","borough":"BROOKLYN","borough_code":"BK","join_method":"tds","join_confidence":"high","geometry_quality":"official_source","source_id":"nycha_development_geometry","source_artifact_id":"nycha-geometry-open-data","source_dataset_id":"phvi-damg","source_url":"https://data.cityofnewyork.us/Housing-Development/NYCHA-Public-Housing-Developments/phvi-damg","geometry_vintage_note":"NYC Open Data NYCHA Public Housing Developments (current snapshot)"},"geometry":{"type":"Point","coordinates":[-73.99310755021945,40.57491825297807]}},{"type":"Feature","properties":{"development_id":"nycha:tds:232","geometry_id":"nycha-polygon:232","name":"CONLON LIHFE TOWER","tds_id":"232","tds_raw":"232","borough":"QUEENS","borough_code":"QN","join_method":"tds","join_confidence":"high","geometry_quality":"official_source","source_id":"nycha_development_geometry","source_artifact_id":"nycha-geometry-open-data","source_dataset_id":"phvi-damg","source_url":"https://data.cityofnewyork.us/Housing-Development/NYCHA-Public-Housing-Developments/phvi-damg","geometry_vintage_note":"NYC Open Data NYCHA Public Housing Developments (current snapshot)"},"geometry":{"type":"Point","coordinates":[-73.78856895872936,40.70619485045623]}},{"type":"Feature","properties":{"development_id":"nycha:tds:69","geometry_id":"nycha-polygon:69","name":"COOPER PARK","tds_id":"69","tds_raw":"069","borough":"BROOKLYN","borough_code":"BK","join_method":"tds","join_confidence":"high","geometry_quality":"official_source","source_id":"nycha_development_geometry","source_artifact_id":"nycha-geometry-open-data","source_dataset_id":"phvi-damg","source_url":"https://data.cityofnewyork.us/Housing-Development/NYCHA-Public-Housing-Developments/phvi-damg","geometry_vintage_note":"NYC Open Data NYCHA Public Housing Developments (current snapshot)"},"geometry":{"type":"Point","coordinates":[-73.93871028185748,40.7182175789627]}},{"type":"Feature","properties":{"development_id":"nycha:tds:70","geometry_id":"nycha-polygon:70","name":"CYPRESS HILLS","tds_id":"70","tds_raw":"070","borough":"BROOKLYN","borough_code":"BK","join_method":"tds","join_confidence":"high","geometry_quality":"official_source","source_id":"nycha_development_geometry","source_artifact_id":"nycha-geometry-open-data","source_dataset_id":"phvi-damg","source_url":"https://data.cityofnewyork.us/Housing-Development/NYCHA-Public-Housing-Developments/phvi-damg","geometry_vintage_note":"NYC Open Data NYCHA Public Housing Developments (current snapshot)"},"geometry":{"type":"Point","coordinates":[-73.87306263201295,40.66978268636937]}},{"type":"Feature","properties":{"development_id":"nycha:tds:155","geometry_id":"nycha-polygon:155","name":"DE HOSTOS APARTMENTS","tds_id":"155","tds_raw":"155","borough":"MANHATTAN","borough_code":"MN","join_method":"tds","join_confidence":"high","geometry_quality":"official_source","source_id":"nycha_development_geometry","source_artifact_id":"nycha-geometry-open-data","source_dataset_id":"phvi-damg","source_url":"https://data.cityofnewyork.us/Housing-Development/NYCHA-Public-Housing-Developments/phvi-damg","geometry_vintage_note":"NYC Open Data NYCHA Public Housing Developments (current snapshot)"},"geometry":{"type":"Point","coordinates":[-73.97211071777141,40.79258012946838]}},{"type":"Feature","properties":{"development_id":"nycha:tds:148","geometry_id":"nycha-polygon:148","name":"DOUGLASS ADDITION","tds_id":"148","tds_raw":"148","borough":"MANHATTAN","borough_code":"MN","join_method":"tds","join_confidence":"high","geometry_quality":"official_source","source_id":"nycha_development_geometry","source_artifact_id":"nycha-geometry-open-data","source_dataset_id":"phvi-damg","source_url":"https://data.cityofnewyork.us/Housing-Development/NYCHA-Public-Housing-Developments/phvi-damg","geometry_vintage_note":"NYC Open Data NYCHA Public Housing Developments (current snapshot)"},"geometry":{"type":"Point","coordinates":[-73.96770349770028,40.798265368472926]}},{"type":"Feature","properties":{"development_id":"nycha:tds:82","geometry_id":"nycha-polygon:82","name":"DOUGLASS I","tds_id":"82","tds_raw":"082","borough":"MANHATTAN","borough_code":"MN","join_method":"tds","join_confidence":"high","geometry_quality":"official_source","source_id":"nycha_development_geometry","source_artifact_id":"nycha-geometry-open-data","source_dataset_id":"phvi-damg","source_url":"https://data.cityofnewyork.us/Housing-Development/NYCHA-Public-Housing-Developments/phvi-damg","geometry_vintage_note":"NYC Open Data NYCHA Public Housing Developments (current snapshot)"},"geometry":{"type":"Point","coordinates":[-73.96506933473802,40.79761231886068]}},{"type":"Feature","properties":{"development_id":"nycha:tds:582","geometry_id":"nycha-polygon:582","name":"DOUGLASS II","tds_id":"582","tds_raw":"582","borough":"MANHATTAN","borough_code":"MN","join_method":"tds","join_confidence":"high","geometry_quality":"official_source","source_id":"nycha_development_geometry","source_artifact_id":"nycha-geometry-open-data","source_dataset_id":"phvi-damg","source_url":"https://data.cityofnewyork.us/Housing-Development/NYCHA-Public-Housing-Developments/phvi-damg","geometry_vintage_note":"NYC Open Data NYCHA Public Housing Developments (current snapshot)"},"geometry":{"type":"Point","coordinates":[-73.9660956079268,40.797116587419]}},{"type":"Feature","properties":{"development_id":"nycha:tds:111","geometry_id":"nycha-polygon:111","name":"DREW-HAMILTON","tds_id":"111","tds_raw":"111","borough":"MANHATTAN","borough_code":"MN","join_method":"tds","join_confidence":"high","geometry_quality":"official_source","source_id":"nycha_development_geometry","source_artifact_id":"nycha-geometry-open-data","source_dataset_id":"phvi-damg","source_url":"https://data.cityofnewyork.us/Housing-Development/NYCHA-Public-Housing-Developments/phvi-damg","geometry_vintage_note":"NYC Open Data NYCHA Public Housing Developments (current snapshot)"},"geometry":{"type":"Point","coordinates":[-73.94111129058953,40.82039783241998]}},{"type":"Feature","properties":{"development_id":"nycha:tds:41","geometry_id":"nycha-polygon:41","name":"DYCKMAN","tds_id":"41","tds_raw":"041","borough":"MANHATTAN","borough_code":"MN","join_method":"tds","join_confidence":"high","geometry_quality":"official_source","source_id":"nycha_development_geometry","source_artifact_id":"nycha-geometry-open-data","source_dataset_id":"phvi-damg","source_url":"https://data.cityofnewyork.us/Housing-Development/NYCHA-Public-Housing-Developments/phvi-damg","geometry_vintage_note":"NYC Open Data NYCHA Public Housing Developments (current snapshot)"},"geometry":{"type":"Point","coordinates":[-73.92295069661576,40.86030048420078]}},{"type":"Feature","properties":{"development_id":"nycha:tds:304","geometry_id":"nycha-polygon:304","name":"EAST 165TH STREET-BRYANT AVENUE","tds_id":"304","tds_raw":"304","borough":"BRONX","borough_code":"BX","join_method":"tds","join_confidence":"high","geometry_quality":"official_source","source_id":"nycha_development_geometry","source_artifact_id":"nycha-geometry-open-data","source_dataset_id":"phvi-damg","source_url":"https://data.cityofnewyork.us/Housing-Development/NYCHA-Public-Housing-Developments/phvi-damg","geometry_vintage_note":"NYC Open Data NYCHA Public Housing Developments (current snapshot)"},"geometry":{"type":"Point","coordinates":[-73.8891967825743,40.82534200394126]}},{"type":"Feature","properties":{"development_id":"nycha:tds:338","geometry_id":"nycha-polygon:338","name":"EAST 173RD STREET-VYSE AVENUE","tds_id":"338","tds_raw":"338","borough":"BRONX","borough_code":"BX","join_method":"tds","join_confidence":"high","geometry_quality":"official_source","source_id":"nycha_development_geometry","source_artifact_id":"nycha-geometry-open-data","source_dataset_id":"phvi-damg","source_url":"https://data.cityofnewyork.us/Housing-Development/NYCHA-Public-Housing-Developments/phvi-damg","geometry_vintage_note":"NYC Open Data NYCHA Public Housing Developments (current snapshot)"},"geometry":{"type":"Point","coordinates":[-73.88842473012613,40.834889067134]}},{"type":"Feature","properties":{"development_id":"nycha:tds:263","geometry_id":"nycha-polygon:263","name":"EAST NEW YORK CITY LINE","tds_id":"263","tds_raw":"263","borough":"BROOKLYN","borough_code":"BK","join_method":"tds","join_confidence":"high","geometry_quality":"official_source","source_id":"nycha_development_geometry","source_artifact_id":"nycha-geometry-open-data","source_dataset_id":"phvi-damg","source_url":"https://data.cityofnewyork.us/Housing-Development/NYCHA-Public-Housing-Developments/phvi-damg","geometry_vintage_note":"NYC Open Data NYCHA Public Housing Developments (current snapshot)"},"geometry":{"type":"Point","coordinates":[-73.87376809395488,40.66722040374252]}},{"type":"Feature","properties":{"development_id":"nycha:tds:9","geometry_id":"nycha-polygon:9","name":"EAST RIVER","tds_id":"9","tds_raw":"009","borough":"MANHATTAN","borough_code":"MN","join_method":"tds","join_confidence":"high","geometry_quality":"official_source","source_id":"nycha_development_geometry","source_artifact_id":"nycha-geometry-open-data","source_dataset_id":"phvi-damg","source_url":"https://data.cityofnewyork.us/Housing-Development/NYCHA-Public-Housing-Developments/phvi-damg","geometry_vintage_note":"NYC Open Data NYCHA Public Housing Developments (current snapshot)"},"geometry":{"type":"Point","coordinates":[-73.93983917957742,40.7876335283378]}},{"type":"Feature","properties":{"development_id":"nycha:tds:15","geometry_id":"nycha-polygon:15","name":"ELLIOTT","tds_id":"15","tds_raw":"015","borough":"MANHATTAN","borough_code":"MN","join_method":"tds","join_confidence":"high","geometry_quality":"official_source","source_id":"nycha_development_geometry","source_artifact_id":"nycha-geometry-open-data","source_dataset_id":"phvi-damg","source_url":"https://data.cityofnewyork.us/Housing-Development/NYCHA-Public-Housing-Developments/phvi-damg","geometry_vintage_note":"NYC Open Data NYCHA Public Housing Developments (current snapshot)"},"geometry":{"type":"Point","coordinates":[-74.00238213931993,40.74902148468359]}},{"type":"Feature","properties":{"development_id":"nycha:tds:29","geometry_id":"nycha-polygon:29","name":"FARRAGUT","tds_id":"29","tds_raw":"029","borough":"BROOKLYN","borough_code":"BK","join_method":"tds","join_confidence":"high","geometry_quality":"official_source","source_id":"nycha_development_geometry","source_artifact_id":"nycha-geometry-open-data","source_dataset_id":"phvi-damg","source_url":"https://data.cityofnewyork.us/Housing-Development/NYCHA-Public-Housing-Developments/phvi-damg","geometry_vintage_note":"NYC Open Data NYCHA Public Housing Developments (current snapshot)"},"geometry":{"type":"Point","coordinates":[-73.98166526008168,40.70026429360678]}},{"type":"Feature","properties":{"development_id":"nycha:tds:209","geometry_id":"nycha-polygon:209","name":"FHA REPOSSESSED HOUSES (GROUP I)","tds_id":"209","tds_raw":"209","borough":null,"borough_code":null,"join_method":"tds","join_confidence":"high","geometry_quality":"official_source","source_id":"nycha_development_geometry","source_artifact_id":"nycha-geometry-open-data","source_dataset_id":"phvi-damg","source_url":"https://data.cityofnewyork.us/Housing-Development/NYCHA-Public-Housing-Developments/phvi-damg","geometry_vintage_note":"NYC Open Data NYCHA Public Housing Developments (current snapshot)"},"geometry":{"type":"Point","coordinates":[-73.80630811637042,40.67610006987786]}},{"type":"Feature","properties":{"development_id":"nycha:tds:212","geometry_id":"nycha-polygon:212","name":"FHA REPOSSESSED HOUSES (GROUP II)","tds_id":"212","tds_raw":"212","borough":null,"borough_code":null,"join_method":"tds","join_confidence":"high","geometry_quality":"official_source","source_id":"nycha_development_geometry","source_artifact_id":"nycha-geometry-open-data","source_dataset_id":"phvi-damg","source_url":"https://data.cityofnewyork.us/Housing-Development/NYCHA-Public-Housing-Developments/phvi-damg","geometry_vintage_note":"NYC Open Data NYCHA Public Housing Developments (current snapshot)"},"geometry":{"type":"Point","coordinates":[-73.79858370566042,40.67179343440387]}},{"type":"Feature","properties":{"development_id":"nycha:tds:213","geometry_id":"nycha-polygon:213","name":"FHA REPOSSESSED HOUSES (GROUP III)","tds_id":"213","tds_raw":"213","borough":null,"borough_code":null,"join_method":"tds","join_confidence":"high","geometry_quality":"official_source","source_id":"nycha_development_geometry","source_artifact_id":"nycha-geometry-open-data","source_dataset_id":"phvi-damg","source_url":"https://data.cityofnewyork.us/Housing-Development/NYCHA-Public-Housing-Developments/phvi-damg","geometry_vintage_note":"NYC Open Data NYCHA Public Housing Developments (current snapshot)"},"geometry":{"type":"Point","coordinates":[-73.7452788762017,40.69935176351946]}},{"type":"Feature","properties":{"development_id":"nycha:tds:226","geometry_id":"nycha-polygon:226","name":"FHA REPOSSESSED HOUSES (GROUP IV)","tds_id":"226","tds_raw":"226","borough":null,"borough_code":null,"join_method":"tds","join_confidence":"high","geometry_quality":"official_source","source_id":"nycha_development_geometry","source_artifact_id":"nycha-geometry-open-data","source_dataset_id":"phvi-damg","source_url":"https://data.cityofnewyork.us/Housing-Development/NYCHA-Public-Housing-Developments/phvi-damg","geometry_vintage_note":"NYC Open Data NYCHA Public Housing Developments (current snapshot)"},"geometry":{"type":"Point","coordinates":[-73.7323843074767,40.6853776076271]}},{"type":"Feature","properties":{"development_id":"nycha:tds:283","geometry_id":"nycha-polygon:283","name":"FHA REPOSSESSED HOUSES (GROUP IX)","tds_id":"283","tds_raw":"283","borough":null,"borough_code":null,"join_method":"tds","join_confidence":"high","geometry_quality":"official_source","source_id":"nycha_development_geometry","source_artifact_id":"nycha-geometry-open-data","source_dataset_id":"phvi-damg","source_url":"https://data.cityofnewyork.us/Housing-Development/NYCHA-Public-Housing-Developments/phvi-damg","geometry_vintage_note":"NYC Open Data NYCHA Public Housing Developments (current snapshot)"},"geometry":{"type":"Point","coordinates":[-73.87848818006867,40.669832998366665]}},{"type":"Feature","properties":{"development_id":"nycha:tds:260","geometry_id":"nycha-polygon:260","name":"FHA REPOSSESSED HOUSES (GROUP V)","tds_id":"260","tds_raw":"260","borough":null,"borough_code":null,"join_method":"tds","join_confidence":"high","geometry_quality":"official_source","source_id":"nycha_development_geometry","source_artifact_id":"nycha-geometry-open-data","source_dataset_id":"phvi-damg","source_url":"https://data.cityofnewyork.us/Housing-Development/NYCHA-Public-Housing-Developments/phvi-damg","geometry_vintage_note":"NYC Open Data NYCHA Public Housing Developments (current snapshot)"},"geometry":{"type":"Point","coordinates":[-73.75309613973656,40.67497419257947]}},{"type":"Feature","properties":{"development_id":"nycha:tds:273","geometry_id":"nycha-polygon:273","name":"FHA REPOSSESSED HOUSES (GROUP VI)","tds_id":"273","tds_raw":"273","borough":null,"borough_code":null,"join_method":"tds","join_confidence":"high","geometry_quality":"official_source","source_id":"nycha_development_geometry","source_artifact_id":"nycha-geometry-open-data","source_dataset_id":"phvi-damg","source_url":"https://data.cityofnewyork.us/Housing-Development/NYCHA-Public-Housing-Developments/phvi-damg","geometry_vintage_note":"NYC Open Data NYCHA Public Housing Developments (current snapshot)"},"geometry":{"type":"Point","coordinates":[-73.76212955411225,40.692880125539105]}},{"type":"Feature","properties":{"development_id":"nycha:tds:274","geometry_id":"nycha-polygon:274","name":"FHA REPOSSESSED HOUSES (GROUP VII)","tds_id":"274","tds_raw":"274","borough":null,"borough_code":null,"join_method":"tds","join_confidence":"high","geometry_quality":"official_source","source_id":"nycha_development_geometry","source_artifact_id":"nycha-geometry-open-data","source_dataset_id":"phvi-damg","source_url":"https://data.cityofnewyork.us/Housing-Development/NYCHA-Public-Housing-Developments/phvi-damg","geometry_vintage_note":"NYC Open Data NYCHA Public Housing Developments (current snapshot)"},"geometry":{"type":"Point","coordinates":[-73.80609729374564,40.67108850398455]}},{"type":"Feature","properties":{"development_id":"nycha:tds:275","geometry_id":"nycha-polygon:275","name":"FHA REPOSSESSED HOUSES (GROUP VIII)","tds_id":"275","tds_raw":"275","borough":null,"borough_code":null,"join_method":"tds","join_confidence":"high","geometry_quality":"official_source","source_id":"nycha_development_geometry","source_artifact_id":"nycha-geometry-open-data","source_dataset_id":"phvi-damg","source_url":"https://data.cityofnewyork.us/Housing-Development/NYCHA-Public-Housing-Developments/phvi-damg","geometry_vintage_note":"NYC Open Data NYCHA Public Housing Developments (current snapshot)"},"geometry":{"type":"Point","coordinates":[-73.75950856366381,40.7025779026843]}},{"type":"Feature","properties":{"development_id":"nycha:tds:284","geometry_id":"nycha-polygon:284","name":"FHA REPOSSESSED HOUSES (GROUP X)","tds_id":"284","tds_raw":"284","borough":null,"borough_code":null,"join_method":"tds","join_confidence":"high","geometry_quality":"official_source","source_id":"nycha_development_geometry","source_artifact_id":"nycha-geometry-open-data","source_dataset_id":"phvi-damg","source_url":"https://data.cityofnewyork.us/Housing-Development/NYCHA-Public-Housing-Developments/phvi-damg","geometry_vintage_note":"NYC Open Data NYCHA Public Housing Developments (current snapshot)"},"geometry":{"type":"Point","coordinates":[-73.7313807327624,40.706455187602]}},{"type":"Feature","properties":{"development_id":"nycha:tds:1","geometry_id":"nycha-polygon:1","name":"FIRST HOUSES","tds_id":"1","tds_raw":"001","borough":"MANHATTAN","borough_code":"MN","join_method":"tds","join_confidence":"high","geometry_quality":"official_source","source_id":"nycha_development_geometry","source_artifact_id":"nycha-geometry-open-data","source_dataset_id":"phvi-damg","source_url":"https://data.cityofnewyork.us/Housing-Development/NYCHA-Public-Housing-Developments/phvi-damg","geometry_vintage_note":"NYC Open Data NYCHA Public Housing Developments (current snapshot)"},"geometry":{"type":"Point","coordinates":[-73.9859715881706,40.72369055060655]}},{"type":"Feature","properties":{"development_id":"nycha:tds:59","geometry_id":"nycha-polygon:59","name":"FOREST","tds_id":"59","tds_raw":"059","borough":"BRONX","borough_code":"BX","join_method":"tds","join_confidence":"high","geometry_quality":"official_source","source_id":"nycha_development_geometry","source_artifact_id":"nycha-geometry-open-data","source_dataset_id":"phvi-damg","source_url":"https://data.cityofnewyork.us/Housing-Development/NYCHA-Public-Housing-Developments/phvi-damg","geometry_vintage_note":"NYC Open Data NYCHA Public Housing Developments (current snapshot)"},"geometry":{"type":"Point","coordinates":[-73.90402219503397,40.82400662039909]}},{"type":"Feature","properties":{"development_id":"nycha:tds:136","geometry_id":"nycha-polygon:136","name":"FULTON","tds_id":"136","tds_raw":"136","borough":"MANHATTAN","borough_code":"MN","join_method":"tds","join_confidence":"high","geometry_quality":"official_source","source_id":"nycha_development_geometry","source_artifact_id":"nycha-geometry-open-data","source_dataset_id":"phvi-damg","source_url":"https://data.cityofnewyork.us/Housing-Development/NYCHA-Public-Housing-Developments/phvi-damg","geometry_vintage_note":"NYC Open Data NYCHA Public Housing Developments (current snapshot)"},"geometry":{"type":"Point","coordinates":[-74.00481718079973,40.74360300212049]}},{"type":"Feature","properties":{"development_id":"nycha:tds:252","geometry_id":"nycha-polygon:252","name":"GARVEY (GROUP A)","tds_id":"252","tds_raw":"252","borough":"BROOKLYN","borough_code":"BK","join_method":"tds","join_confidence":"high","geometry_quality":"official_source","source_id":"nycha_development_geometry","source_artifact_id":"nycha-geometry-open-data","source_dataset_id":"phvi-damg","source_url":"https://data.cityofnewyork.us/Housing-Development/NYCHA-Public-Housing-Developments/phvi-damg","geometry_vintage_note":"NYC Open Data NYCHA Public Housing Developments (current snapshot)"},"geometry":{"type":"Point","coordinates":[-73.91528813540721,40.67007060184682]}},{"type":"Feature","properties":{"development_id":"nycha:tds:225","geometry_id":"nycha-polygon:225","name":"GLEBE AVENUE-WESTCHESTER AVENUE","tds_id":"225","tds_raw":"225","borough":"BRONX","borough_code":"BX","join_method":"tds","join_confidence":"high","geometry_quality":"official_source","source_id":"nycha_development_geometry","source_artifact_id":"nycha-geometry-open-data","source_dataset_id":"phvi-damg","source_url":"https://data.cityofnewyork.us/Housing-Development/NYCHA-Public-Housing-Developments/phvi-damg","geometry_vintage_note":"NYC Open Data NYCHA Public Housing Developments (current snapshot)"},"geometry":{"type":"Point","coordinates":[-73.85088940506267,40.83501196396575]}},{"type":"Feature","properties":{"development_id":"nycha:tds:171","geometry_id":"nycha-polygon:171","name":"GLENMORE PLAZA","tds_id":"171","tds_raw":"171","borough":"BROOKLYN","borough_code":"BK","join_method":"tds","join_confidence":"high","geometry_quality":"official_source","source_id":"nycha_development_geometry","source_artifact_id":"nycha-geometry-open-data","source_dataset_id":"phvi-damg","source_url":"https://data.cityofnewyork.us/Housing-Development/NYCHA-Public-Housing-Developments/phvi-damg","geometry_vintage_note":"NYC Open Data NYCHA Public Housing Developments (current snapshot)"},"geometry":{"type":"Point","coordinates":[-73.90611962737361,40.67112232745342]}},{"type":"Feature","properties":{"development_id":"nycha:tds:44","geometry_id":"nycha-polygon:44","name":"GLENWOOD","tds_id":"44","tds_raw":"044","borough":"BROOKLYN","borough_code":"BK","join_method":"tds","join_confidence":"high","geometry_quality":"official_source","source_id":"nycha_development_geometry","source_artifact_id":"nycha-geometry-open-data","source_dataset_id":"phvi-damg","source_url":"https://data.cityofnewyork.us/Housing-Development/NYCHA-Public-Housing-Developments/phvi-damg","geometry_vintage_note":"NYC Open Data NYCHA Public Housing Developments (current snapshot)"},"geometry":{"type":"Point","coordinates":[-73.92084978490865,40.635026547234915]}},{"type":"Feature","properties":{"development_id":"nycha:tds:100","geometry_id":"nycha-polygon:100","name":"GOMPERS","tds_id":"100","tds_raw":"100","borough":"MANHATTAN","borough_code":"MN","join_method":"tds","join_confidence":"high","geometry_quality":"official_source","source_id":"nycha_development_geometry","source_artifact_id":"nycha-geometry-open-data","source_dataset_id":"phvi-damg","source_url":"https://data.cityofnewyork.us/Housing-Development/NYCHA-Public-Housing-Developments/phvi-damg","geometry_vintage_note":"NYC Open Data NYCHA Public Housing Developments (current snapshot)"},"geometry":{"type":"Point","coordinates":[-73.98192765235004,40.71820202898033]}},{"type":"Feature","properties":{"development_id":"nycha:tds:25","geometry_id":"nycha-polygon:25","name":"GOWANUS","tds_id":"25","tds_raw":"025","borough":"BROOKLYN","borough_code":"BK","join_method":"tds","join_confidence":"high","geometry_quality":"official_source","source_id":"nycha_development_geometry","source_artifact_id":"nycha-geometry-open-data","source_dataset_id":"phvi-damg","source_url":"https://data.cityofnewyork.us/Housing-Development/NYCHA-Public-Housing-Developments/phvi-damg","geometry_vintage_note":"NYC Open Data NYCHA Public Housing Developments (current snapshot)"},"geometry":{"type":"Point","coordinates":[-73.98892919221595,40.68289958522293]}},{"type":"Feature","properties":{"development_id":"nycha:tds:87","geometry_id":"nycha-polygon:87","name":"GRANT","tds_id":"87","tds_raw":"087","borough":"MANHATTAN","borough_code":"MN","join_method":"tds","join_confidence":"high","geometry_quality":"official_source","source_id":"nycha_development_geometry","source_artifact_id":"nycha-geometry-open-data","source_dataset_id":"phvi-damg","source_url":"https://data.cityofnewyork.us/Housing-Development/NYCHA-Public-Housing-Developments/phvi-damg","geometry_vintage_note":"NYC Open Data NYCHA Public Housing Developments (current snapshot)"},"geometry":{"type":"Point","coordinates":[-73.95820526181906,40.813849458898304]}},{"type":"Feature","properties":{"development_id":"nycha:tds:68","geometry_id":"nycha-polygon:68","name":"GRAVESEND","tds_id":"68","tds_raw":"068","borough":"BROOKLYN","borough_code":"BK","join_method":"tds","join_confidence":"high","geometry_quality":"official_source","source_id":"nycha_development_geometry","source_artifact_id":"nycha-geometry-open-data","source_dataset_id":"phvi-damg","source_url":"https://data.cityofnewyork.us/Housing-Development/NYCHA-Public-Housing-Developments/phvi-damg","geometry_vintage_note":"NYC Open Data NYCHA Public Housing Developments (current snapshot)"},"geometry":{"type":"Point","coordinates":[-73.99918284091719,40.578596786108676]}},{"type":"Feature","properties":{"development_id":"nycha:tds:40","geometry_id":"nycha-polygon:40","name":"GUN HILL","tds_id":"40","tds_raw":"040","borough":"BRONX","borough_code":"BX","join_method":"tds","join_confidence":"high","geometry_quality":"official_source","source_id":"nycha_development_geometry","source_artifact_id":"nycha-geometry-open-data","source_dataset_id":"phvi-damg","source_url":"https://data.cityofnewyork.us/Housing-Development/NYCHA-Public-Housing-Developments/phvi-damg","geometry_vintage_note":"NYC Open Data NYCHA Public Housing Developments (current snapshot)"},"geometry":{"type":"Point","coordinates":[-73.8657559570585,40.876345230720716]}},{"type":"Feature","properties":{"development_id":"nycha:tds:142","geometry_id":"nycha-polygon:142","name":"HABER","tds_id":"142","tds_raw":"142","borough":"BROOKLYN","borough_code":"BK","join_method":"tds","join_confidence":"high","geometry_quality":"official_source","source_id":"nycha_development_geometry","source_artifact_id":"nycha-geometry-open-data","source_dataset_id":"phvi-damg","source_url":"https://data.cityofnewyork.us/Housing-Development/NYCHA-Public-Housing-Developments/phvi-damg","geometry_vintage_note":"NYC Open Data NYCHA Public Housing Developments (current snapshot)"},"geometry":{"type":"Point","coordinates":[-73.99107493197322,40.57274980320226]}},{"type":"Feature","properties":{"development_id":"nycha:tds:75","geometry_id":"nycha-polygon:75","name":"HAMMEL","tds_id":"75","tds_raw":"075","borough":"QUEENS","borough_code":"QN","join_method":"tds","join_confidence":"high","geometry_quality":"official_source","source_id":"nycha_development_geometry","source_artifact_id":"nycha-geometry-open-data","source_dataset_id":"phvi-damg","source_url":"https://data.cityofnewyork.us/Housing-Development/NYCHA-Public-Housing-Developments/phvi-damg","geometry_vintage_note":"NYC Open Data NYCHA Public Housing Developments (current snapshot)"},"geometry":{"type":"Point","coordinates":[-73.80934133220595,40.588550949393984]}},{"type":"Feature","properties":{"development_id":"nycha:tds:262","geometry_id":"nycha-polygon:262","name":"HARBORVIEW TERRACE","tds_id":"262","tds_raw":"262","borough":"MANHATTAN","borough_code":"MN","join_method":"tds","join_confidence":"high","geometry_quality":"official_source","source_id":"nycha_development_geometry","source_artifact_id":"nycha-geometry-open-data","source_dataset_id":"phvi-damg","source_url":"https://data.cityofnewyork.us/Housing-Development/NYCHA-Public-Housing-Developments/phvi-damg","geometry_vintage_note":"NYC Open Data NYCHA Public Housing Developments (current snapshot)"},"geometry":{"type":"Point","coordinates":[-73.99070213862032,40.76872644131116]}},{"type":"Feature","properties":{"development_id":"nycha:tds:184","geometry_id":"nycha-polygon:184","name":"HERNANDEZ","tds_id":"184","tds_raw":"184","borough":"MANHATTAN","borough_code":"MN","join_method":"tds","join_confidence":"high","geometry_quality":"official_source","source_id":"nycha_development_geometry","source_artifact_id":"nycha-geometry-open-data","source_dataset_id":"phvi-damg","source_url":"https://data.cityofnewyork.us/Housing-Development/NYCHA-Public-Housing-Developments/phvi-damg","geometry_vintage_note":"NYC Open Data NYCHA Public Housing Developments (current snapshot)"},"geometry":{"type":"Point","coordinates":[-73.98949707491028,40.72220144223837]}},{"type":"Feature","properties":{"development_id":"nycha:tds:78","geometry_id":"nycha-polygon:78","name":"HIGHBRIDGE GARDENS","tds_id":"78","tds_raw":"078","borough":"BRONX","borough_code":"BX","join_method":"tds","join_confidence":"high","geometry_quality":"official_source","source_id":"nycha_development_geometry","source_artifact_id":"nycha-geometry-open-data","source_dataset_id":"phvi-damg","source_url":"https://data.cityofnewyork.us/Housing-Development/NYCHA-Public-Housing-Developments/phvi-damg","geometry_vintage_note":"NYC Open Data NYCHA Public Housing Developments (current snapshot)"},"geometry":{"type":"Point","coordinates":[-73.92946902885902,40.83680567531326]}},{"type":"Feature","properties":{"development_id":"nycha:tds:215","geometry_id":"nycha-polygon:215","name":"HOE AVENUE-EAST 173RD STREET","tds_id":"215","tds_raw":"215","borough":"BRONX","borough_code":"BX","join_method":"tds","join_confidence":"high","geometry_quality":"official_source","source_id":"nycha_development_geometry","source_artifact_id":"nycha-geometry-open-data","source_dataset_id":"phvi-damg","source_url":"https://data.cityofnewyork.us/Housing-Development/NYCHA-Public-Housing-Developments/phvi-damg","geometry_vintage_note":"NYC Open Data NYCHA Public Housing Developments (current snapshot)"},"geometry":{"type":"Point","coordinates":[-73.88696615661536,40.836287965550866]}},{"type":"Feature","properties":{"development_id":"nycha:tds:159","geometry_id":"nycha-polygon:159","name":"HOLMES TOWERS","tds_id":"159","tds_raw":"159","borough":"MANHATTAN","borough_code":"MN","join_method":"tds","join_confidence":"high","geometry_quality":"official_source","source_id":"nycha_development_geometry","source_artifact_id":"nycha-geometry-open-data","source_dataset_id":"phvi-damg","source_url":"https://data.cityofnewyork.us/Housing-Development/NYCHA-Public-Housing-Developments/phvi-damg","geometry_vintage_note":"NYC Open Data NYCHA Public Housing Developments (current snapshot)"},"geometry":{"type":"Point","coordinates":[-73.94541431234649,40.78071176098244]}},{"type":"Feature","properties":{"development_id":"nycha:tds:72","geometry_id":"nycha-polygon:72","name":"HOWARD","tds_id":"72","tds_raw":"072","borough":"BROOKLYN","borough_code":"BK","join_method":"tds","join_confidence":"high","geometry_quality":"official_source","source_id":"nycha_development_geometry","source_artifact_id":"nycha-geometry-open-data","source_dataset_id":"phvi-damg","source_url":"https://data.cityofnewyork.us/Housing-Development/NYCHA-Public-Housing-Developments/phvi-damg","geometry_vintage_note":"NYC Open Data NYCHA Public Housing Developments (current snapshot)"},"geometry":{"type":"Point","coordinates":[-73.90982789743262,40.6717746768998]}},{"type":"Feature","properties":{"development_id":"nycha:tds:168","geometry_id":"nycha-polygon:168","name":"HUGHES APARTMENTS","tds_id":"168","tds_raw":"168","borough":"BROOKLYN","borough_code":"BK","join_method":"tds","join_confidence":"high","geometry_quality":"official_source","source_id":"nycha_development_geometry","source_artifact_id":"nycha-geometry-open-data","source_dataset_id":"phvi-damg","source_url":"https://data.cityofnewyork.us/Housing-Development/NYCHA-Public-Housing-Developments/phvi-damg","geometry_vintage_note":"NYC Open Data NYCHA Public Housing Developments (current snapshot)"},"geometry":{"type":"Point","coordinates":[-73.90834913663042,40.66787561471035]}},{"type":"Feature","properties":{"development_id":"nycha:tds:367","geometry_id":"nycha-polygon:367","name":"HUNTS POINT AVENUE REHAB","tds_id":"367","tds_raw":"367","borough":"BRONX","borough_code":"BX","join_method":"tds","join_confidence":"high","geometry_quality":"official_source","source_id":"nycha_development_geometry","source_artifact_id":"nycha-geometry-open-data","source_dataset_id":"phvi-damg","source_url":"https://data.cityofnewyork.us/Housing-Development/NYCHA-Public-Housing-Developments/phvi-damg","geometry_vintage_note":"NYC Open Data NYCHA Public Housing Developments (current snapshot)"},"geometry":{"type":"Point","coordinates":[-73.88907669733663,40.81780649874186]}},{"type":"Feature","properties":{"development_id":"nycha:tds:109","geometry_id":"nycha-polygon:109","name":"HYLAN","tds_id":"109","tds_raw":"109","borough":"BROOKLYN","borough_code":"BK","join_method":"tds","join_confidence":"high","geometry_quality":"official_source","source_id":"nycha_development_geometry","source_artifact_id":"nycha-geometry-open-data","source_dataset_id":"phvi-damg","source_url":"https://data.cityofnewyork.us/Housing-Development/NYCHA-Public-Housing-Developments/phvi-damg","geometry_vintage_note":"NYC Open Data NYCHA Public Housing Developments (current snapshot)"},"geometry":{"type":"Point","coordinates":[-73.93992462640642,40.70429413455063]}},{"type":"Feature","properties":{"development_id":"nycha:tds:14","geometry_id":"nycha-polygon:14","name":"INGERSOLL","tds_id":"14","tds_raw":"014","borough":"BROOKLYN","borough_code":"BK","join_method":"tds","join_confidence":"high","geometry_quality":"official_source","source_id":"nycha_development_geometry","source_artifact_id":"nycha-geometry-open-data","source_dataset_id":"phvi-damg","source_url":"https://data.cityofnewyork.us/Housing-Development/NYCHA-Public-Housing-Developments/phvi-damg","geometry_vintage_note":"NYC Open Data NYCHA Public Housing Developments (current snapshot)"},"geometry":{"type":"Point","coordinates":[-73.98133556422377,40.694991068952376]}},{"type":"Feature","properties":{"development_id":"nycha:tds:316","geometry_id":"nycha-polygon:316","name":"INTERNATIONAL TOWER","tds_id":"316","tds_raw":"316","borough":"QUEENS","borough_code":"QN","join_method":"tds","join_confidence":"high","geometry_quality":"official_source","source_id":"nycha_development_geometry","source_artifact_id":"nycha-geometry-open-data","source_dataset_id":"phvi-damg","source_url":"https://data.cityofnewyork.us/Housing-Development/NYCHA-Public-Housing-Developments/phvi-damg","geometry_vintage_note":"NYC Open Data NYCHA Public Housing Developments (current snapshot)"},"geometry":{"type":"Point","coordinates":[-73.79067620208039,40.70814241785016]}},{"type":"Feature","properties":{"development_id":"nycha:tds:139","geometry_id":"nycha-polygon:139","name":"ISAACS","tds_id":"139","tds_raw":"139","borough":"MANHATTAN","borough_code":"MN","join_method":"tds","join_confidence":"high","geometry_quality":"official_source","source_id":"nycha_development_geometry","source_artifact_id":"nycha-geometry-open-data","source_dataset_id":"phvi-damg","source_url":"https://data.cityofnewyork.us/Housing-Development/NYCHA-Public-Housing-Developments/phvi-damg","geometry_vintage_note":"NYC Open Data NYCHA Public Housing Developments (current snapshot)"},"geometry":{"type":"Point","coordinates":[-73.9450313154526,40.78188164218038]}},{"type":"Feature","properties":{"development_id":"nycha:tds:120","geometry_id":"nycha-polygon:120","name":"JACKSON","tds_id":"120","tds_raw":"120","borough":"BRONX","borough_code":"BX","join_method":"tds","join_confidence":"high","geometry_quality":"official_source","source_id":"nycha_development_geometry","source_artifact_id":"nycha-geometry-open-data","source_dataset_id":"phvi-damg","source_url":"https://data.cityofnewyork.us/Housing-Development/NYCHA-Public-Housing-Developments/phvi-damg","geometry_vintage_note":"NYC Open Data NYCHA Public Housing Developments (current snapshot)"},"geometry":{"type":"Point","coordinates":[-73.91827943447221,40.82244303162243]}},{"type":"Feature","properties":{"development_id":"nycha:tds:64","geometry_id":"nycha-polygon:64","name":"JEFFERSON","tds_id":"64","tds_raw":"064","borough":"MANHATTAN","borough_code":"MN","join_method":"tds","join_confidence":"high","geometry_quality":"official_source","source_id":"nycha_development_geometry","source_artifact_id":"nycha-geometry-open-data","source_dataset_id":"phvi-damg","source_url":"https://data.cityofnewyork.us/Housing-Development/NYCHA-Public-Housing-Developments/phvi-damg","geometry_vintage_note":"NYC Open Data NYCHA Public Housing Developments (current snapshot)"},"geometry":{"type":"Point","coordinates":[-73.93996713741467,40.796004619123764]}},{"type":"Feature","properties":{"development_id":"nycha:tds:17","geometry_id":"nycha-polygon:17","name":"JOHNSON","tds_id":"17","tds_raw":"017","borough":"MANHATTAN","borough_code":"MN","join_method":"tds","join_confidence":"high","geometry_quality":"official_source","source_id":"nycha_development_geometry","source_artifact_id":"nycha-geometry-open-data","source_dataset_id":"phvi-damg","source_url":"https://data.cityofnewyork.us/Housing-Development/NYCHA-Public-Housing-Developments/phvi-damg","geometry_vintage_note":"NYC Open Data NYCHA Public Housing Developments (current snapshot)"},"geometry":{"type":"Point","coordinates":[-73.94223961951008,40.796389890862706]}},{"type":"Feature","properties":{"development_id":"nycha:tds:30","geometry_id":"nycha-polygon:30","name":"KING TOWERS","tds_id":"30","tds_raw":"030","borough":"MANHATTAN","borough_code":"MN","join_method":"tds","join_confidence":"high","geometry_quality":"official_source","source_id":"nycha_development_geometry","source_artifact_id":"nycha-geometry-open-data","source_dataset_id":"phvi-damg","source_url":"https://data.cityofnewyork.us/Housing-Development/NYCHA-Public-Housing-Developments/phvi-damg","geometry_vintage_note":"NYC Open Data NYCHA Public Housing Developments (current snapshot)"},"geometry":{"type":"Point","coordinates":[-73.9492927506974,40.79962475940539]}},{"type":"Feature","properties":{"development_id":"nycha:tds:10","geometry_id":"nycha-polygon:10","name":"KINGSBOROUGH","tds_id":"10","tds_raw":"010","borough":"BROOKLYN","borough_code":"BK","join_method":"tds","join_confidence":"high","geometry_quality":"official_source","source_id":"nycha_development_geometry","source_artifact_id":"nycha-geometry-open-data","source_dataset_id":"phvi-damg","source_url":"https://data.cityofnewyork.us/Housing-Development/NYCHA-Public-Housing-Developments/phvi-damg","geometry_vintage_note":"NYC Open Data NYCHA Public Housing Developments (current snapshot)"},"geometry":{"type":"Point","coordinates":[-73.9248191887772,40.67558081168036]}},{"type":"Feature","properties":{"development_id":"nycha:tds:161","geometry_id":"nycha-polygon:161","name":"KINGSBOROUGH EXTENSION","tds_id":"161","tds_raw":"161","borough":"BROOKLYN","borough_code":"BK","join_method":"tds","join_confidence":"high","geometry_quality":"official_source","source_id":"nycha_development_geometry","source_artifact_id":"nycha-geometry-open-data","source_dataset_id":"phvi-damg","source_url":"https://data.cityofnewyork.us/Housing-Development/NYCHA-Public-Housing-Developments/phvi-damg","geometry_vintage_note":"NYC Open Data NYCHA Public Housing Developments (current snapshot)"},"geometry":{"type":"Point","coordinates":[-73.92431225134712,40.67508523804722]}},{"type":"Feature","properties":{"development_id":"nycha:tds:76","geometry_id":"nycha-polygon:76","name":"LA GUARDIA","tds_id":"76","tds_raw":"076","borough":"MANHATTAN","borough_code":"MN","join_method":"tds","join_confidence":"high","geometry_quality":"official_source","source_id":"nycha_development_geometry","source_artifact_id":"nycha-geometry-open-data","source_dataset_id":"phvi-damg","source_url":"https://data.cityofnewyork.us/Housing-Development/NYCHA-Public-Housing-Developments/phvi-damg","geometry_vintage_note":"NYC Open Data NYCHA Public Housing Developments (current snapshot)"},"geometry":{"type":"Point","coordinates":[-73.98589449378697,40.71230447828183]}},{"type":"Feature","properties":{"development_id":"nycha:tds:152","geometry_id":"nycha-polygon:152","name":"LA GUARDIA ADDITION","tds_id":"152","tds_raw":"152","borough":"MANHATTAN","borough_code":"MN","join_method":"tds","join_confidence":"high","geometry_quality":"official_source","source_id":"nycha_development_geometry","source_artifact_id":"nycha-geometry-open-data","source_dataset_id":"phvi-damg","source_url":"https://data.cityofnewyork.us/Housing-Development/NYCHA-Public-Housing-Developments/phvi-damg","geometry_vintage_note":"NYC Open Data NYCHA Public Housing Developments (current snapshot)"},"geometry":{"type":"Point","coordinates":[-73.98860244249394,40.7116204549829]}},{"type":"Feature","properties":{"development_id":"nycha:tds:122","geometry_id":"nycha-polygon:122","name":"LAFAYETTE","tds_id":"122","tds_raw":"122","borough":"BROOKLYN","borough_code":"BK","join_method":"tds","join_confidence":"high","geometry_quality":"official_source","source_id":"nycha_development_geometry","source_artifact_id":"nycha-geometry-open-data","source_dataset_id":"phvi-damg","source_url":"https://data.cityofnewyork.us/Housing-Development/NYCHA-Public-Housing-Developments/phvi-damg","geometry_vintage_note":"NYC Open Data NYCHA Public Housing Developments (current snapshot)"},"geometry":{"type":"Point","coordinates":[-73.95867344439823,40.6899301006126]}},{"type":"Feature","properties":{"development_id":"nycha:tds:186","geometry_id":"nycha-polygon:186","name":"LATIMER GARDENS","tds_id":"186","tds_raw":"186","borough":"QUEENS","borough_code":"QN","join_method":"tds","join_confidence":"high","geometry_quality":"official_source","source_id":"nycha_development_geometry","source_artifact_id":"nycha-geometry-open-data","source_dataset_id":"phvi-damg","source_url":"https://data.cityofnewyork.us/Housing-Development/NYCHA-Public-Housing-Developments/phvi-damg","geometry_vintage_note":"NYC Open Data NYCHA Public Housing Developments (current snapshot)"},"geometry":{"type":"Point","coordinates":[-73.83039343453882,40.765865470181254]}},{"type":"Feature","properties":{"development_id":"nycha:tds:201","geometry_id":"nycha-polygon:201","name":"LEAVITT STREET-34TH AVENUE","tds_id":"201","tds_raw":"201","borough":"QUEENS","borough_code":"QN","join_method":"tds","join_confidence":"high","geometry_quality":"official_source","source_id":"nycha_development_geometry","source_artifact_id":"nycha-geometry-open-data","source_dataset_id":"phvi-damg","source_url":"https://data.cityofnewyork.us/Housing-Development/NYCHA-Public-Housing-Developments/phvi-damg","geometry_vintage_note":"NYC Open Data NYCHA Public Housing Developments (current snapshot)"},"geometry":{"type":"Point","coordinates":[-73.82868053659226,40.76690146776157]}},{"type":"Feature","properties":{"development_id":"nycha:tds:101","geometry_id":"nycha-polygon:101","name":"LEHMAN VILLAGE","tds_id":"101","tds_raw":"101","borough":"MANHATTAN","borough_code":"MN","join_method":"tds","join_confidence":"high","geometry_quality":"official_source","source_id":"nycha_development_geometry","source_artifact_id":"nycha-geometry-open-data","source_dataset_id":"phvi-damg","source_url":"https://data.cityofnewyork.us/Housing-Development/NYCHA-Public-Housing-Developments/phvi-damg","geometry_vintage_note":"NYC Open Data NYCHA Public Housing Developments (current snapshot)"},"geometry":{"type":"Point","coordinates":[-73.94807812112848,40.79420964735135]}},{"type":"Feature","properties":{"development_id":"nycha:tds:50","geometry_id":"nycha-polygon:50","name":"LEXINGTON","tds_id":"50","tds_raw":"050","borough":"MANHATTAN","borough_code":"MN","join_method":"tds","join_confidence":"high","geometry_quality":"official_source","source_id":"nycha_development_geometry","source_artifact_id":"nycha-geometry-open-data","source_dataset_id":"phvi-damg","source_url":"https://data.cityofnewyork.us/Housing-Development/NYCHA-Public-Housing-Developments/phvi-damg","geometry_vintage_note":"NYC Open Data NYCHA Public Housing Developments (current snapshot)"},"geometry":{"type":"Point","coordinates":[-73.95046701960263,40.78779479244986]}},{"type":"Feature","properties":{"development_id":"nycha:tds:20","geometry_id":"nycha-polygon:20","name":"LINCOLN","tds_id":"20","tds_raw":"020","borough":"MANHATTAN","borough_code":"MN","join_method":"tds","join_confidence":"high","geometry_quality":"official_source","source_id":"nycha_development_geometry","source_artifact_id":"nycha-geometry-open-data","source_dataset_id":"phvi-damg","source_url":"https://data.cityofnewyork.us/Housing-Development/NYCHA-Public-Housing-Developments/phvi-damg","geometry_vintage_note":"NYC Open Data NYCHA Public Housing Developments (current snapshot)"},"geometry":{"type":"Point","coordinates":[-73.93757131836051,40.811371321752176]}},{"type":"Feature","properties":{"development_id":"nycha:tds:276","geometry_id":"nycha-polygon:276","name":"LONG ISLAND BAPTIST HOUSES","tds_id":"276","tds_raw":"276","borough":"BROOKLYN","borough_code":"BK","join_method":"tds","join_confidence":"high","geometry_quality":"official_source","source_id":"nycha_development_geometry","source_artifact_id":"nycha-geometry-open-data","source_dataset_id":"phvi-damg","source_url":"https://data.cityofnewyork.us/Housing-Development/NYCHA-Public-Housing-Developments/phvi-damg","geometry_vintage_note":"NYC Open Data NYCHA Public Housing Developments (current snapshot)"},"geometry":{"type":"Point","coordinates":[-73.89842281402616,40.66866235987199]}},{"type":"Feature","properties":{"development_id":"nycha:tds:362","geometry_id":"nycha-polygon:362","name":"LONGFELLOW AVENUE REHAB","tds_id":"362","tds_raw":"362","borough":"BRONX","borough_code":"BX","join_method":"tds","join_confidence":"high","geometry_quality":"official_source","source_id":"nycha_development_geometry","source_artifact_id":"nycha-geometry-open-data","source_dataset_id":"phvi-damg","source_url":"https://data.cityofnewyork.us/Housing-Development/NYCHA-Public-Housing-Developments/phvi-damg","geometry_vintage_note":"NYC Open Data NYCHA Public Housing Developments (current snapshot)"},"geometry":{"type":"Point","coordinates":[-73.88756299470421,40.82652985057773]}},{"type":"Feature","properties":{"development_id":"nycha:tds:169","geometry_id":"nycha-polygon:169","name":"LOW HOUSES","tds_id":"169","tds_raw":"169","borough":"BROOKLYN","borough_code":"BK","join_method":"tds","join_confidence":"high","geometry_quality":"official_source","source_id":"nycha_development_geometry","source_artifact_id":"nycha-geometry-open-data","source_dataset_id":"phvi-damg","source_url":"https://data.cityofnewyork.us/Housing-Development/NYCHA-Public-Housing-Developments/phvi-damg","geometry_vintage_note":"NYC Open Data NYCHA Public Housing Developments (current snapshot)"},"geometry":{"type":"Point","coordinates":[-73.90496340946177,40.66988016760385]}},{"type":"Feature","properties":{"development_id":"nycha:tds:326","geometry_id":"nycha-polygon:326","name":"LOWER EAST SIDE I INFILL","tds_id":"326","tds_raw":"326","borough":"MANHATTAN","borough_code":"MN","join_method":"tds","join_confidence":"high","geometry_quality":"official_source","source_id":"nycha_development_geometry","source_artifact_id":"nycha-geometry-open-data","source_dataset_id":"phvi-damg","source_url":"https://data.cityofnewyork.us/Housing-Development/NYCHA-Public-Housing-Developments/phvi-damg","geometry_vintage_note":"NYC Open Data NYCHA Public Housing Developments (current snapshot)"},"geometry":{"type":"Point","coordinates":[-73.99057271067262,40.72144017542479]}},{"type":"Feature","properties":{"development_id":"nycha:tds:337","geometry_id":"nycha-polygon:337","name":"LOWER EAST SIDE II","tds_id":"337","tds_raw":"337","borough":"MANHATTAN","borough_code":"MN","join_method":"tds","join_confidence":"high","geometry_quality":"official_source","source_id":"nycha_development_geometry","source_artifact_id":"nycha-geometry-open-data","source_dataset_id":"phvi-damg","source_url":"https://data.cityofnewyork.us/Housing-Development/NYCHA-Public-Housing-Developments/phvi-damg","geometry_vintage_note":"NYC Open Data NYCHA Public Housing Developments (current snapshot)"},"geometry":{"type":"Point","coordinates":[-73.98030289418847,40.7234629089688]}},{"type":"Feature","properties":{"development_id":"nycha:tds:364","geometry_id":"nycha-polygon:364","name":"LOWER EAST SIDE III","tds_id":"364","tds_raw":"364","borough":"MANHATTAN","borough_code":"MN","join_method":"tds","join_confidence":"high","geometry_quality":"official_source","source_id":"nycha_development_geometry","source_artifact_id":"nycha-geometry-open-data","source_dataset_id":"phvi-damg","source_url":"https://data.cityofnewyork.us/Housing-Development/NYCHA-Public-Housing-Developments/phvi-damg","geometry_vintage_note":"NYC Open Data NYCHA Public Housing Developments (current snapshot)"},"geometry":{"type":"Point","coordinates":[-73.97682246116918,40.72441143859556]}},{"type":"Feature","properties":{"development_id":"nycha:tds:292","geometry_id":"nycha-polygon:292","name":"LOWER EAST SIDE REHAB (GROUP 5)","tds_id":"292","tds_raw":"292","borough":"MANHATTAN","borough_code":"MN","join_method":"tds","join_confidence":"high","geometry_quality":"official_source","source_id":"nycha_development_geometry","source_artifact_id":"nycha-geometry-open-data","source_dataset_id":"phvi-damg","source_url":"https://data.cityofnewyork.us/Housing-Development/NYCHA-Public-Housing-Developments/phvi-damg","geometry_vintage_note":"NYC Open Data NYCHA Public Housing Developments (current snapshot)"},"geometry":{"type":"Point","coordinates":[-73.97941869442582,40.72390980222521]}},{"type":"Feature","properties":{"development_id":"nycha:tds:49","geometry_id":"nycha-polygon:49","name":"MARBLE HILL","tds_id":"49","tds_raw":"049","borough":"BRONX","borough_code":"BX","join_method":"tds","join_confidence":"high","geometry_quality":"official_source","source_id":"nycha_development_geometry","source_artifact_id":"nycha-geometry-open-data","source_dataset_id":"phvi-damg","source_url":"https://data.cityofnewyork.us/Housing-Development/NYCHA-Public-Housing-Developments/phvi-damg","geometry_vintage_note":"NYC Open Data NYCHA Public Housing Developments (current snapshot)"},"geometry":{"type":"Point","coordinates":[-73.90730268588756,40.87544834753069]}},{"type":"Feature","properties":{"development_id":"nycha:tds:21","geometry_id":"nycha-polygon:21","name":"MARCY","tds_id":"21","tds_raw":"021","borough":"BROOKLYN","borough_code":"BK","join_method":"tds","join_confidence":"high","geometry_quality":"official_source","source_id":"nycha_development_geometry","source_artifact_id":"nycha-geometry-open-data","source_dataset_id":"phvi-damg","source_url":"https://data.cityofnewyork.us/Housing-Development/NYCHA-Public-Housing-Developments/phvi-damg","geometry_vintage_note":"NYC Open Data NYCHA Public Housing Developments (current snapshot)"},"geometry":{"type":"Point","coordinates":[-73.95111027607072,40.696517701294106]}},{"type":"Feature","properties":{"development_id":"nycha:tds:77","geometry_id":"nycha-polygon:77","name":"MARINER'S HARBOR","tds_id":"77","tds_raw":"077","borough":"STATEN ISLAND","borough_code":"SI","join_method":"tds","join_confidence":"high","geometry_quality":"official_source","source_id":"nycha_development_geometry","source_artifact_id":"nycha-geometry-open-data","source_dataset_id":"phvi-damg","source_url":"https://data.cityofnewyork.us/Housing-Development/NYCHA-Public-Housing-Developments/phvi-damg","geometry_vintage_note":"NYC Open Data NYCHA Public Housing Developments (current snapshot)"},"geometry":{"type":"Point","coordinates":[-74.16348069202921,40.6327615694418]}},{"type":"Feature","properties":{"development_id":"nycha:tds:83","geometry_id":"nycha-polygon:83","name":"MARLBORO","tds_id":"83","tds_raw":"083","borough":"BROOKLYN","borough_code":"BK","join_method":"tds","join_confidence":"high","geometry_quality":"official_source","source_id":"nycha_development_geometry","source_artifact_id":"nycha-geometry-open-data","source_dataset_id":"phvi-damg","source_url":"https://data.cityofnewyork.us/Housing-Development/NYCHA-Public-Housing-Developments/phvi-damg","geometry_vintage_note":"NYC Open Data NYCHA Public Housing Developments (current snapshot)"},"geometry":{"type":"Point","coordinates":[-73.97981931612972,40.5916762147442]}},{"type":"Feature","properties":{"development_id":"nycha:tds:103","geometry_id":"nycha-polygon:103","name":"MCKINLEY","tds_id":"103","tds_raw":"103","borough":"BRONX","borough_code":"BX","join_method":"tds","join_confidence":"high","geometry_quality":"official_source","source_id":"nycha_development_geometry","source_artifact_id":"nycha-geometry-open-data","source_dataset_id":"phvi-damg","source_url":"https://data.cityofnewyork.us/Housing-Development/NYCHA-Public-Housing-Developments/phvi-damg","geometry_vintage_note":"NYC Open Data NYCHA Public Housing Developments (current snapshot)"},"geometry":{"type":"Point","coordinates":[-73.90404300194177,40.82218316466974]}},{"type":"Feature","properties":{"development_id":"nycha:tds:28","geometry_id":"nycha-polygon:28","name":"MELROSE","tds_id":"28","tds_raw":"028","borough":"BRONX","borough_code":"BX","join_method":"tds","join_confidence":"high","geometry_quality":"official_source","source_id":"nycha_development_geometry","source_artifact_id":"nycha-geometry-open-data","source_dataset_id":"phvi-damg","source_url":"https://data.cityofnewyork.us/Housing-Development/NYCHA-Public-Housing-Developments/phvi-damg","geometry_vintage_note":"NYC Open Data NYCHA Public Housing Developments (current snapshot)"},"geometry":{"type":"Point","coordinates":[-73.91989911998573,40.82074782739225]}},{"type":"Feature","properties":{"development_id":"nycha:tds:183","geometry_id":"nycha-polygon:183","name":"MELTZER TOWER","tds_id":"183","tds_raw":"183","borough":"MANHATTAN","borough_code":"MN","join_method":"tds","join_confidence":"high","geometry_quality":"official_source","source_id":"nycha_development_geometry","source_artifact_id":"nycha-geometry-open-data","source_dataset_id":"phvi-damg","source_url":"https://data.cityofnewyork.us/Housing-Development/NYCHA-Public-Housing-Developments/phvi-damg","geometry_vintage_note":"NYC Open Data NYCHA Public Housing Developments (current snapshot)"},"geometry":{"type":"Point","coordinates":[-73.98717285730493,40.72306309571803]}},{"type":"Feature","properties":{"development_id":"nycha:tds:84","geometry_id":"nycha-polygon:84","name":"MILL BROOK","tds_id":"84","tds_raw":"084","borough":"BRONX","borough_code":"BX","join_method":"tds","join_confidence":"high","geometry_quality":"official_source","source_id":"nycha_development_geometry","source_artifact_id":"nycha-geometry-open-data","source_dataset_id":"phvi-damg","source_url":"https://data.cityofnewyork.us/Housing-Development/NYCHA-Public-Housing-Developments/phvi-damg","geometry_vintage_note":"NYC Open Data NYCHA Public Housing Developments (current snapshot)"},"geometry":{"type":"Point","coordinates":[-73.91691149031959,40.80489251101089]}},{"type":"Feature","properties":{"development_id":"nycha:tds:132","geometry_id":"nycha-polygon:132","name":"MILL BROOK EXTENSION","tds_id":"132","tds_raw":"132","borough":"BRONX","borough_code":"BX","join_method":"tds","join_confidence":"high","geometry_quality":"official_source","source_id":"nycha_development_geometry","source_artifact_id":"nycha-geometry-open-data","source_dataset_id":"phvi-damg","source_url":"https://data.cityofnewyork.us/Housing-Development/NYCHA-Public-Housing-Developments/phvi-damg","geometry_vintage_note":"NYC Open Data NYCHA Public Housing Developments (current snapshot)"},"geometry":{"type":"Point","coordinates":[-73.91597200126883,40.80411576839293]}},{"type":"Feature","properties":{"development_id":"nycha:tds:145","geometry_id":"nycha-polygon:145","name":"MITCHEL","tds_id":"145","tds_raw":"145","borough":"BRONX","borough_code":"BX","join_method":"tds","join_confidence":"high","geometry_quality":"official_source","source_id":"nycha_development_geometry","source_artifact_id":"nycha-geometry-open-data","source_dataset_id":"phvi-damg","source_url":"https://data.cityofnewyork.us/Housing-Development/NYCHA-Public-Housing-Developments/phvi-damg","geometry_vintage_note":"NYC Open Data NYCHA Public Housing Developments (current snapshot)"},"geometry":{"type":"Point","coordinates":[-73.92685726168222,40.80953707641285]}},{"type":"Feature","properties":{"development_id":"nycha:tds:88","geometry_id":"nycha-polygon:88","name":"MONROE","tds_id":"88","tds_raw":"088","borough":"BRONX","borough_code":"BX","join_method":"tds","join_confidence":"high","geometry_quality":"official_source","source_id":"nycha_development_geometry","source_artifact_id":"nycha-geometry-open-data","source_dataset_id":"phvi-damg","source_url":"https://data.cityofnewyork.us/Housing-Development/NYCHA-Public-Housing-Developments/phvi-damg","geometry_vintage_note":"NYC Open Data NYCHA Public Housing Developments (current snapshot)"},"geometry":{"type":"Point","coordinates":[-73.86512640723943,40.822594428982555]}},{"type":"Feature","properties":{"development_id":"nycha:tds:102","geometry_id":"nycha-polygon:102","name":"MORRIS I","tds_id":"102","tds_raw":"102","borough":"BRONX","borough_code":"BX","join_method":"tds","join_confidence":"high","geometry_quality":"official_source","source_id":"nycha_development_geometry","source_artifact_id":"nycha-geometry-open-data","source_dataset_id":"phvi-damg","source_url":"https://data.cityofnewyork.us/Housing-Development/NYCHA-Public-Housing-Developments/phvi-damg","geometry_vintage_note":"NYC Open Data NYCHA Public Housing Developments (current snapshot)"},"geometry":{"type":"Point","coordinates":[-73.90584897082411,40.834389583672106]}},{"type":"Feature","properties":{"development_id":"nycha:tds:502","geometry_id":"nycha-polygon:502","name":"MORRIS II","tds_id":"502","tds_raw":"502","borough":"BRONX","borough_code":"BX","join_method":"tds","join_confidence":"high","geometry_quality":"official_source","source_id":"nycha_development_geometry","source_artifact_id":"nycha-geometry-open-data","source_dataset_id":"phvi-damg","source_url":"https://data.cityofnewyork.us/Housing-Development/NYCHA-Public-Housing-Developments/phvi-damg","geometry_vintage_note":"NYC Open Data NYCHA Public Housing Developments (current snapshot)"},"geometry":{"type":"Point","coordinates":[-73.90434693536513,40.83706636898437]}},{"type":"Feature","properties":{"development_id":"nycha:tds:130","geometry_id":"nycha-polygon:130","name":"MORRISANIA","tds_id":"130","tds_raw":"130","borough":"BRONX","borough_code":"BX","join_method":"tds","join_confidence":"high","geometry_quality":"official_source","source_id":"nycha_development_geometry","source_artifact_id":"nycha-geometry-open-data","source_dataset_id":"phvi-damg","source_url":"https://data.cityofnewyork.us/Housing-Development/NYCHA-Public-Housing-Developments/phvi-damg","geometry_vintage_note":"NYC Open Data NYCHA Public Housing Developments (current snapshot)"},"geometry":{"type":"Point","coordinates":[-73.90667053713013,40.83289063334165]}},{"type":"Feature","properties":{"development_id":"nycha:tds:267","geometry_id":"nycha-polygon:267","name":"MORRISANIA AIR RIGHTS","tds_id":"267","tds_raw":"267","borough":"BRONX","borough_code":"BX","join_method":"tds","join_confidence":"high","geometry_quality":"official_source","source_id":"nycha_development_geometry","source_artifact_id":"nycha-geometry-open-data","source_dataset_id":"phvi-damg","source_url":"https://data.cityofnewyork.us/Housing-Development/NYCHA-Public-Housing-Developments/phvi-damg","geometry_vintage_note":"NYC Open Data NYCHA Public Housing Developments (current snapshot)"},"geometry":{"type":"Point","coordinates":[-73.91471120634625,40.82555881067144]}},{"type":"Feature","properties":{"development_id":"nycha:tds:121","geometry_id":"nycha-polygon:121","name":"MOTT HAVEN","tds_id":"121","tds_raw":"121","borough":"BRONX","borough_code":"BX","join_method":"tds","join_confidence":"high","geometry_quality":"official_source","source_id":"nycha_development_geometry","source_artifact_id":"nycha-geometry-open-data","source_dataset_id":"phvi-damg","source_url":"https://data.cityofnewyork.us/Housing-Development/NYCHA-Public-Housing-Developments/phvi-damg","geometry_vintage_note":"NYC Open Data NYCHA Public Housing Developments (current snapshot)"},"geometry":{"type":"Point","coordinates":[-73.92216026872754,40.812109323189716]}},{"type":"Feature","properties":{"development_id":"nycha:tds:314","geometry_id":"nycha-polygon:314","name":"NEW LANE AREA","tds_id":"314","tds_raw":"314","borough":"STATEN ISLAND","borough_code":"SI","join_method":"tds","join_confidence":"high","geometry_quality":"official_source","source_id":"nycha_development_geometry","source_artifact_id":"nycha-geometry-open-data","source_dataset_id":"phvi-damg","source_url":"https://data.cityofnewyork.us/Housing-Development/NYCHA-Public-Housing-Developments/phvi-damg","geometry_vintage_note":"NYC Open Data NYCHA Public Housing Developments (current snapshot)"},"geometry":{"type":"Point","coordinates":[-74.0615676289562,40.613002129278215]}},{"type":"Feature","properties":{"development_id":"nycha:tds:43","geometry_id":"nycha-polygon:43","name":"NOSTRAND","tds_id":"43","tds_raw":"043","borough":"BROOKLYN","borough_code":"BK","join_method":"tds","join_confidence":"high","geometry_quality":"official_source","source_id":"nycha_development_geometry","source_artifact_id":"nycha-geometry-open-data","source_dataset_id":"phvi-damg","source_url":"https://data.cityofnewyork.us/Housing-Development/NYCHA-Public-Housing-Developments/phvi-damg","geometry_vintage_note":"NYC Open Data NYCHA Public Housing Developments (current snapshot)"},"geometry":{"type":"Point","coordinates":[-73.93657385200433,40.59532639889581]}},{"type":"Feature","properties":{"development_id":"nycha:tds:172","geometry_id":"nycha-polygon:172","name":"O'DWYER GARDENS","tds_id":"172","tds_raw":"172","borough":"BROOKLYN","borough_code":"BK","join_method":"tds","join_confidence":"high","geometry_quality":"official_source","source_id":"nycha_development_geometry","source_artifact_id":"nycha-geometry-open-data","source_dataset_id":"phvi-damg","source_url":"https://data.cityofnewyork.us/Housing-Development/NYCHA-Public-Housing-Developments/phvi-damg","geometry_vintage_note":"NYC Open Data NYCHA Public Housing Developments (current snapshot)"},"geometry":{"type":"Point","coordinates":[-73.99993220767755,40.57379775914515]}},{"type":"Feature","properties":{"development_id":"nycha:tds:51","geometry_id":"nycha-polygon:51","name":"OCEAN BAY APARTMENTS (OCEANSIDE)","tds_id":"51","tds_raw":"051","borough":"QUEENS","borough_code":"QN","join_method":"tds","join_confidence":"high","geometry_quality":"official_source","source_id":"nycha_development_geometry","source_artifact_id":"nycha-geometry-open-data","source_dataset_id":"phvi-damg","source_url":"https://data.cityofnewyork.us/Housing-Development/NYCHA-Public-Housing-Developments/phvi-damg","geometry_vintage_note":"NYC Open Data NYCHA Public Housing Developments (current snapshot)"},"geometry":{"type":"Point","coordinates":[-73.78527754178091,40.59369099131726]}},{"type":"Feature","properties":{"development_id":"nycha:tds:47","geometry_id":"nycha-polygon:47","name":"PARKSIDE","tds_id":"47","tds_raw":"047","borough":"BRONX","borough_code":"BX","join_method":"tds","join_confidence":"high","geometry_quality":"official_source","source_id":"nycha_development_geometry","source_artifact_id":"nycha-geometry-open-data","source_dataset_id":"phvi-damg","source_url":"https://data.cityofnewyork.us/Housing-Development/NYCHA-Public-Housing-Developments/phvi-damg","geometry_vintage_note":"NYC Open Data NYCHA Public Housing Developments (current snapshot)"},"geometry":{"type":"Point","coordinates":[-73.86889525830816,40.86916421688586]}},{"type":"Feature","properties":{"development_id":"nycha:tds:24","geometry_id":"nycha-polygon:24","name":"PATTERSON","tds_id":"24","tds_raw":"024","borough":"BRONX","borough_code":"BX","join_method":"tds","join_confidence":"high","geometry_quality":"official_source","source_id":"nycha_development_geometry","source_artifact_id":"nycha-geometry-open-data","source_dataset_id":"phvi-damg","source_url":"https://data.cityofnewyork.us/Housing-Development/NYCHA-Public-Housing-Developments/phvi-damg","geometry_vintage_note":"NYC Open Data NYCHA Public Housing Developments (current snapshot)"},"geometry":{"type":"Point","coordinates":[-73.92276694574896,40.81463494449356]}},{"type":"Feature","properties":{"development_id":"nycha:tds:39","geometry_id":"nycha-polygon:39","name":"PELHAM PARKWAY","tds_id":"39","tds_raw":"039","borough":"BRONX","borough_code":"BX","join_method":"tds","join_confidence":"high","geometry_quality":"official_source","source_id":"nycha_development_geometry","source_artifact_id":"nycha-geometry-open-data","source_dataset_id":"phvi-damg","source_url":"https://data.cityofnewyork.us/Housing-Development/NYCHA-Public-Housing-Developments/phvi-damg","geometry_vintage_note":"NYC Open Data NYCHA Public Housing Developments (current snapshot)"},"geometry":{"type":"Point","coordinates":[-73.8632148581419,40.85880397567228]}},{"type":"Feature","properties":{"development_id":"nycha:tds:89","geometry_id":"nycha-polygon:89","name":"PINK","tds_id":"89","tds_raw":"089","borough":"BROOKLYN","borough_code":"BK","join_method":"tds","join_confidence":"high","geometry_quality":"official_source","source_id":"nycha_development_geometry","source_artifact_id":"nycha-geometry-open-data","source_dataset_id":"phvi-damg","source_url":"https://data.cityofnewyork.us/Housing-Development/NYCHA-Public-Housing-Developments/phvi-damg","geometry_vintage_note":"NYC Open Data NYCHA Public Housing Developments (current snapshot)"},"geometry":{"type":"Point","coordinates":[-73.86443779417694,40.668293220852675]}},{"type":"Feature","properties":{"development_id":"nycha:tds:149","geometry_id":"nycha-polygon:149","name":"POLO GROUNDS TOWERS","tds_id":"149","tds_raw":"149","borough":"MANHATTAN","borough_code":"MN","join_method":"tds","join_confidence":"high","geometry_quality":"official_source","source_id":"nycha_development_geometry","source_artifact_id":"nycha-geometry-open-data","source_dataset_id":"phvi-damg","source_url":"https://data.cityofnewyork.us/Housing-Development/NYCHA-Public-Housing-Developments/phvi-damg","geometry_vintage_note":"NYC Open Data NYCHA Public Housing Developments (current snapshot)"},"geometry":{"type":"Point","coordinates":[-73.93788720123143,40.83101062067681]}},{"type":"Feature","properties":{"development_id":"nycha:tds:53","geometry_id":"nycha-polygon:53","name":"POMONOK","tds_id":"53","tds_raw":"053","borough":"QUEENS","borough_code":"QN","join_method":"tds","join_confidence":"high","geometry_quality":"official_source","source_id":"nycha_development_geometry","source_artifact_id":"nycha-geometry-open-data","source_dataset_id":"phvi-damg","source_url":"https://data.cityofnewyork.us/Housing-Development/NYCHA-Public-Housing-Developments/phvi-damg","geometry_vintage_note":"NYC Open Data NYCHA Public Housing Developments (current snapshot)"},"geometry":{"type":"Point","coordinates":[-73.81269721346021,40.7346684162363]}},{"type":"Feature","properties":{"development_id":"nycha:tds:505","geometry_id":"nycha-polygon:505","name":"QUEENSBRIDGE NORTH","tds_id":"505","tds_raw":"505","borough":"QUEENS","borough_code":"QN","join_method":"tds","join_confidence":"high","geometry_quality":"official_source","source_id":"nycha_development_geometry","source_artifact_id":"nycha-geometry-open-data","source_dataset_id":"phvi-damg","source_url":"https://data.cityofnewyork.us/Housing-Development/NYCHA-Public-Housing-Developments/phvi-damg","geometry_vintage_note":"NYC Open Data NYCHA Public Housing Developments (current snapshot)"},"geometry":{"type":"Point","coordinates":[-73.94424407375212,40.755849693413026]}},{"type":"Feature","properties":{"development_id":"nycha:tds:5","geometry_id":"nycha-polygon:5","name":"QUEENSBRIDGE SOUTH","tds_id":"5","tds_raw":"005","borough":"QUEENS","borough_code":"QN","join_method":"tds","join_confidence":"high","geometry_quality":"official_source","source_id":"nycha_development_geometry","source_artifact_id":"nycha-geometry-open-data","source_dataset_id":"phvi-damg","source_url":"https://data.cityofnewyork.us/Housing-Development/NYCHA-Public-Housing-Developments/phvi-damg","geometry_vintage_note":"NYC Open Data NYCHA Public Housing Developments (current snapshot)"},"geometry":{"type":"Point","coordinates":[-73.94552145895548,40.75454368942904]}},{"type":"Feature","properties":{"development_id":"nycha:tds:245","geometry_id":"nycha-polygon:245","name":"RANDALL AVENUE-BALCOM AVENUE","tds_id":"245","tds_raw":"245","borough":"BRONX","borough_code":"BX","join_method":"tds","join_confidence":"high","geometry_quality":"official_source","source_id":"nycha_development_geometry","source_artifact_id":"nycha-geometry-open-data","source_dataset_id":"phvi-damg","source_url":"https://data.cityofnewyork.us/Housing-Development/NYCHA-Public-Housing-Developments/phvi-damg","geometry_vintage_note":"NYC Open Data NYCHA Public Housing Developments (current snapshot)"},"geometry":{"type":"Point","coordinates":[-73.82812698382747,40.822075047178664]}},{"type":"Feature","properties":{"development_id":"nycha:tds:37","geometry_id":"nycha-polygon:37","name":"RANGEL","tds_id":"37","tds_raw":"037","borough":"MANHATTAN","borough_code":"MN","join_method":"tds","join_confidence":"high","geometry_quality":"official_source","source_id":"nycha_development_geometry","source_artifact_id":"nycha-geometry-open-data","source_dataset_id":"phvi-damg","source_url":"https://data.cityofnewyork.us/Housing-Development/NYCHA-Public-Housing-Developments/phvi-damg","geometry_vintage_note":"NYC Open Data NYCHA Public Housing Developments (current snapshot)"},"geometry":{"type":"Point","coordinates":[-73.9361961563759,40.83412014679935]}},{"type":"Feature","properties":{"development_id":"nycha:tds:48","geometry_id":"nycha-polygon:48","name":"RAVENSWOOD","tds_id":"48","tds_raw":"048","borough":"QUEENS","borough_code":"QN","join_method":"tds","join_confidence":"high","geometry_quality":"official_source","source_id":"nycha_development_geometry","source_artifact_id":"nycha-geometry-open-data","source_dataset_id":"phvi-damg","source_url":"https://data.cityofnewyork.us/Housing-Development/NYCHA-Public-Housing-Developments/phvi-damg","geometry_vintage_note":"NYC Open Data NYCHA Public Housing Developments (current snapshot)"},"geometry":{"type":"Point","coordinates":[-73.93483272120442,40.7600317310082]}},{"type":"Feature","properties":{"development_id":"nycha:tds:4","geometry_id":"nycha-polygon:4","name":"RED HOOK EAST","tds_id":"4","tds_raw":"004","borough":"BROOKLYN","borough_code":"BK","join_method":"tds","join_confidence":"high","geometry_quality":"official_source","source_id":"nycha_development_geometry","source_artifact_id":"nycha-geometry-open-data","source_dataset_id":"phvi-damg","source_url":"https://data.cityofnewyork.us/Housing-Development/NYCHA-Public-Housing-Developments/phvi-damg","geometry_vintage_note":"NYC Open Data NYCHA Public Housing Developments (current snapshot)"},"geometry":{"type":"Point","coordinates":[-74.00372030986313,40.67518346526842]}},{"type":"Feature","properties":{"development_id":"nycha:tds:79","geometry_id":"nycha-polygon:79","name":"RED HOOK WEST","tds_id":"79","tds_raw":"079","borough":"BROOKLYN","borough_code":"BK","join_method":"tds","join_confidence":"high","geometry_quality":"official_source","source_id":"nycha_development_geometry","source_artifact_id":"nycha-geometry-open-data","source_dataset_id":"phvi-damg","source_url":"https://data.cityofnewyork.us/Housing-Development/NYCHA-Public-Housing-Developments/phvi-damg","geometry_vintage_note":"NYC Open Data NYCHA Public Housing Developments (current snapshot)"},"geometry":{"type":"Point","coordinates":[-74.00994852550221,40.67639776713934]}},{"type":"Feature","properties":{"development_id":"nycha:tds:55","geometry_id":"nycha-polygon:55","name":"REDFERN","tds_id":"55","tds_raw":"055","borough":"QUEENS","borough_code":"QN","join_method":"tds","join_confidence":"high","geometry_quality":"official_source","source_id":"nycha_development_geometry","source_artifact_id":"nycha-geometry-open-data","source_dataset_id":"phvi-damg","source_url":"https://data.cityofnewyork.us/Housing-Development/NYCHA-Public-Housing-Developments/phvi-damg","geometry_vintage_note":"NYC Open Data NYCHA Public Housing Developments (current snapshot)"},"geometry":{"type":"Point","coordinates":[-73.75191326207722,40.61009339202744]}},{"type":"Feature","properties":{"development_id":"nycha:tds:143","geometry_id":"nycha-polygon:143","name":"REHAB PROGRAM (COLLEGE POINT)","tds_id":"143","tds_raw":"143","borough":"QUEENS","borough_code":"QN","join_method":"tds","join_confidence":"high","geometry_quality":"official_source","source_id":"nycha_development_geometry","source_artifact_id":"nycha-geometry-open-data","source_dataset_id":"phvi-damg","source_url":"https://data.cityofnewyork.us/Housing-Development/NYCHA-Public-Housing-Developments/phvi-damg","geometry_vintage_note":"NYC Open Data NYCHA Public Housing Developments (current snapshot)"},"geometry":{"type":"Point","coordinates":[-73.84301583421055,40.780364961351395]}},{"type":"Feature","properties":{"development_id":"nycha:tds:515","geometry_id":"nycha-polygon:515","name":"REHAB PROGRAM (DOUGLASS REHABS)","tds_id":"515","tds_raw":"515","borough":"MANHATTAN","borough_code":"MN","join_method":"tds","join_confidence":"high","geometry_quality":"official_source","source_id":"nycha_development_geometry","source_artifact_id":"nycha-geometry-open-data","source_dataset_id":"phvi-damg","source_url":"https://data.cityofnewyork.us/Housing-Development/NYCHA-Public-Housing-Developments/phvi-damg","geometry_vintage_note":"NYC Open Data NYCHA Public Housing Developments (current snapshot)"},"geometry":{"type":"Point","coordinates":[-73.96912560804246,40.79969005891073]}},{"type":"Feature","properties":{"development_id":"nycha:tds:517","geometry_id":"nycha-polygon:517","name":"REHAB PROGRAM (WISE REHAB)","tds_id":"517","tds_raw":"517","borough":"MANHATTAN","borough_code":"MN","join_method":"tds","join_confidence":"high","geometry_quality":"official_source","source_id":"nycha_development_geometry","source_artifact_id":"nycha-geometry-open-data","source_dataset_id":"phvi-damg","source_url":"https://data.cityofnewyork.us/Housing-Development/NYCHA-Public-Housing-Developments/phvi-damg","geometry_vintage_note":"NYC Open Data NYCHA Public Housing Developments (current snapshot)"},"geometry":{"type":"Point","coordinates":[-73.96742958416854,40.79086745556035]}},{"type":"Feature","properties":{"development_id":"nycha:tds:117","geometry_id":"nycha-polygon:117","name":"RICHMOND TERRACE","tds_id":"117","tds_raw":"117","borough":"STATEN ISLAND","borough_code":"SI","join_method":"tds","join_confidence":"high","geometry_quality":"official_source","source_id":"nycha_development_geometry","source_artifact_id":"nycha-geometry-open-data","source_dataset_id":"phvi-damg","source_url":"https://data.cityofnewyork.us/Housing-Development/NYCHA-Public-Housing-Developments/phvi-damg","geometry_vintage_note":"NYC Open Data NYCHA Public Housing Developments (current snapshot)"},"geometry":{"type":"Point","coordinates":[-74.08773407140676,40.64627074340267]}},{"type":"Feature","properties":{"development_id":"nycha:tds:18","geometry_id":"nycha-polygon:18","name":"RIIS","tds_id":"18","tds_raw":"018","borough":"MANHATTAN","borough_code":"MN","join_method":"tds","join_confidence":"high","geometry_quality":"official_source","source_id":"nycha_development_geometry","source_artifact_id":"nycha-geometry-open-data","source_dataset_id":"phvi-damg","source_url":"https://data.cityofnewyork.us/Housing-Development/NYCHA-Public-Housing-Developments/phvi-damg","geometry_vintage_note":"NYC Open Data NYCHA Public Housing Developments (current snapshot)"},"geometry":{"type":"Point","coordinates":[-73.97474061004067,40.723890831334565]}},{"type":"Feature","properties":{"development_id":"nycha:tds:19","geometry_id":"nycha-polygon:19","name":"RIIS II","tds_id":"19","tds_raw":"019","borough":"MANHATTAN","borough_code":"MN","join_method":"tds","join_confidence":"high","geometry_quality":"official_source","source_id":"nycha_development_geometry","source_artifact_id":"nycha-geometry-open-data","source_dataset_id":"phvi-damg","source_url":"https://data.cityofnewyork.us/Housing-Development/NYCHA-Public-Housing-Developments/phvi-damg","geometry_vintage_note":"NYC Open Data NYCHA Public Housing Developments (current snapshot)"},"geometry":{"type":"Point","coordinates":[-73.97553856512269,40.72270559080931]}},{"type":"Feature","properties":{"development_id":"nycha:tds:218","geometry_id":"nycha-polygon:218","name":"ROBBINS PLAZA","tds_id":"218","tds_raw":"218","borough":"MANHATTAN","borough_code":"MN","join_method":"tds","join_confidence":"high","geometry_quality":"official_source","source_id":"nycha_development_geometry","source_artifact_id":"nycha-geometry-open-data","source_dataset_id":"phvi-damg","source_url":"https://data.cityofnewyork.us/Housing-Development/NYCHA-Public-Housing-Developments/phvi-damg","geometry_vintage_note":"NYC Open Data NYCHA Public Housing Developments (current snapshot)"},"geometry":{"type":"Point","coordinates":[-73.95715993876907,40.76682740451426]}},{"type":"Feature","properties":{"development_id":"nycha:tds:135","geometry_id":"nycha-polygon:135","name":"ROOSEVELT I","tds_id":"135","tds_raw":"135","borough":"BROOKLYN","borough_code":"BK","join_method":"tds","join_confidence":"high","geometry_quality":"official_source","source_id":"nycha_development_geometry","source_artifact_id":"nycha-geometry-open-data","source_dataset_id":"phvi-damg","source_url":"https://data.cityofnewyork.us/Housing-Development/NYCHA-Public-Housing-Developments/phvi-damg","geometry_vintage_note":"NYC Open Data NYCHA Public Housing Developments (current snapshot)"},"geometry":{"type":"Point","coordinates":[-73.93565892952972,40.6935571245251]}},{"type":"Feature","properties":{"development_id":"nycha:tds:177","geometry_id":"nycha-polygon:177","name":"ROOSEVELT II","tds_id":"177","tds_raw":"177","borough":"BROOKLYN","borough_code":"BK","join_method":"tds","join_confidence":"high","geometry_quality":"official_source","source_id":"nycha_development_geometry","source_artifact_id":"nycha-geometry-open-data","source_dataset_id":"phvi-damg","source_url":"https://data.cityofnewyork.us/Housing-Development/NYCHA-Public-Housing-Developments/phvi-damg","geometry_vintage_note":"NYC Open Data NYCHA Public Housing Developments (current snapshot)"},"geometry":{"type":"Point","coordinates":[-73.93649021796847,40.69429152483484]}},{"type":"Feature","properties":{"development_id":"nycha:tds:99","geometry_id":"nycha-polygon:99","name":"RUTGERS","tds_id":"99","tds_raw":"099","borough":"MANHATTAN","borough_code":"MN","join_method":"tds","join_confidence":"high","geometry_quality":"official_source","source_id":"nycha_development_geometry","source_artifact_id":"nycha-geometry-open-data","source_dataset_id":"phvi-damg","source_url":"https://data.cityofnewyork.us/Housing-Development/NYCHA-Public-Housing-Developments/phvi-damg","geometry_vintage_note":"NYC Open Data NYCHA Public Housing Developments (current snapshot)"},"geometry":{"type":"Point","coordinates":[-73.99148334778779,40.71175754131406]}},{"type":"Feature","properties":{"development_id":"nycha:tds:93","geometry_id":"nycha-polygon:93","name":"SAINT MARY'S PARK","tds_id":"93","tds_raw":"093","borough":"BRONX","borough_code":"BX","join_method":"tds","join_confidence":"high","geometry_quality":"official_source","source_id":"nycha_development_geometry","source_artifact_id":"nycha-geometry-open-data","source_dataset_id":"phvi-damg","source_url":"https://data.cityofnewyork.us/Housing-Development/NYCHA-Public-Housing-Developments/phvi-damg","geometry_vintage_note":"NYC Open Data NYCHA Public Housing Developments (current snapshot)"},"geometry":{"type":"Point","coordinates":[-73.90778031859011,40.8173152123438]}},{"type":"Feature","properties":{"development_id":"nycha:tds:38","geometry_id":"nycha-polygon:38","name":"SAINT NICHOLAS","tds_id":"38","tds_raw":"038","borough":"MANHATTAN","borough_code":"MN","join_method":"tds","join_confidence":"high","geometry_quality":"official_source","source_id":"nycha_development_geometry","source_artifact_id":"nycha-geometry-open-data","source_dataset_id":"phvi-damg","source_url":"https://data.cityofnewyork.us/Housing-Development/NYCHA-Public-Housing-Developments/phvi-damg","geometry_vintage_note":"NYC Open Data NYCHA Public Housing Developments (current snapshot)"},"geometry":{"type":"Point","coordinates":[-73.94837282022718,40.81151551235929]}},{"type":"Feature","properties":{"development_id":"nycha:tds:45","geometry_id":"nycha-polygon:45","name":"SEDGWICK","tds_id":"45","tds_raw":"045","borough":"BRONX","borough_code":"BX","join_method":"tds","join_confidence":"high","geometry_quality":"official_source","source_id":"nycha_development_geometry","source_artifact_id":"nycha-geometry-open-data","source_dataset_id":"phvi-damg","source_url":"https://data.cityofnewyork.us/Housing-Development/NYCHA-Public-Housing-Developments/phvi-damg","geometry_vintage_note":"NYC Open Data NYCHA Public Housing Developments (current snapshot)"},"geometry":{"type":"Point","coordinates":[-73.92252053796192,40.84651427791604]}},{"type":"Feature","properties":{"development_id":"nycha:tds:192","geometry_id":"nycha-polygon:192","name":"SEWARD PARK EXTENSION","tds_id":"192","tds_raw":"192","borough":"MANHATTAN","borough_code":"MN","join_method":"tds","join_confidence":"high","geometry_quality":"official_source","source_id":"nycha_development_geometry","source_artifact_id":"nycha-geometry-open-data","source_dataset_id":"phvi-damg","source_url":"https://data.cityofnewyork.us/Housing-Development/NYCHA-Public-Housing-Developments/phvi-damg","geometry_vintage_note":"NYC Open Data NYCHA Public Housing Developments (current snapshot)"},"geometry":{"type":"Point","coordinates":[-73.98501057217192,40.71683050939974]}},{"type":"Feature","properties":{"development_id":"nycha:tds:36","geometry_id":"nycha-polygon:36","name":"SHEEPSHEAD BAY","tds_id":"36","tds_raw":"036","borough":"BROOKLYN","borough_code":"BK","join_method":"tds","join_confidence":"high","geometry_quality":"official_source","source_id":"nycha_development_geometry","source_artifact_id":"nycha-geometry-open-data","source_dataset_id":"phvi-damg","source_url":"https://data.cityofnewyork.us/Housing-Development/NYCHA-Public-Housing-Developments/phvi-damg","geometry_vintage_note":"NYC Open Data NYCHA Public Housing Developments (current snapshot)"},"geometry":{"type":"Point","coordinates":[-73.93939698018161,40.595015528671]}},{"type":"Feature","properties":{"development_id":"nycha:tds:279","geometry_id":"nycha-polygon:279","name":"SHELTON HOUSE","tds_id":"279","tds_raw":"279","borough":"QUEENS","borough_code":"QN","join_method":"tds","join_confidence":"high","geometry_quality":"official_source","source_id":"nycha_development_geometry","source_artifact_id":"nycha-geometry-open-data","source_dataset_id":"phvi-damg","source_url":"https://data.cityofnewyork.us/Housing-Development/NYCHA-Public-Housing-Developments/phvi-damg","geometry_vintage_note":"NYC Open Data NYCHA Public Housing Developments (current snapshot)"},"geometry":{"type":"Point","coordinates":[-73.79867408156285,40.70652088130072]}},{"type":"Feature","properties":{"development_id":"nycha:tds:27","geometry_id":"nycha-polygon:27","name":"SMITH","tds_id":"27","tds_raw":"027","borough":"MANHATTAN","borough_code":"MN","join_method":"tds","join_confidence":"high","geometry_quality":"official_source","source_id":"nycha_development_geometry","source_artifact_id":"nycha-geometry-open-data","source_dataset_id":"phvi-damg","source_url":"https://data.cityofnewyork.us/Housing-Development/NYCHA-Public-Housing-Developments/phvi-damg","geometry_vintage_note":"NYC Open Data NYCHA Public Housing Developments (current snapshot)"},"geometry":{"type":"Point","coordinates":[-73.99950652503081,40.71033339263481]}},{"type":"Feature","properties":{"development_id":"nycha:tds:67","geometry_id":"nycha-polygon:67","name":"SOTOMAYOR HOUSES","tds_id":"67","tds_raw":"067","borough":"BRONX","borough_code":"BX","join_method":"tds","join_confidence":"high","geometry_quality":"official_source","source_id":"nycha_development_geometry","source_artifact_id":"nycha-geometry-open-data","source_dataset_id":"phvi-damg","source_url":"https://data.cityofnewyork.us/Housing-Development/NYCHA-Public-Housing-Developments/phvi-damg","geometry_vintage_note":"NYC Open Data NYCHA Public Housing Developments (current snapshot)"},"geometry":{"type":"Point","coordinates":[-73.86938491734232,40.82588006984757]}},{"type":"Feature","properties":{"development_id":"nycha:tds:71","geometry_id":"nycha-polygon:71","name":"SOUNDVIEW","tds_id":"71","tds_raw":"071","borough":"BRONX","borough_code":"BX","join_method":"tds","join_confidence":"high","geometry_quality":"official_source","source_id":"nycha_development_geometry","source_artifact_id":"nycha-geometry-open-data","source_dataset_id":"phvi-damg","source_url":"https://data.cityofnewyork.us/Housing-Development/NYCHA-Public-Housing-Developments/phvi-damg","geometry_vintage_note":"NYC Open Data NYCHA Public Housing Developments (current snapshot)"},"geometry":{"type":"Point","coordinates":[-73.86803237693738,40.81757726375596]}},{"type":"Feature","properties":{"development_id":"nycha:tds:35","geometry_id":"nycha-polygon:35","name":"SOUTH BEACH","tds_id":"35","tds_raw":"035","borough":"STATEN ISLAND","borough_code":"SI","join_method":"tds","join_confidence":"high","geometry_quality":"official_source","source_id":"nycha_development_geometry","source_artifact_id":"nycha-geometry-open-data","source_dataset_id":"phvi-damg","source_url":"https://data.cityofnewyork.us/Housing-Development/NYCHA-Public-Housing-Developments/phvi-damg","geometry_vintage_note":"NYC Open Data NYCHA Public Housing Developments (current snapshot)"},"geometry":{"type":"Point","coordinates":[-74.07946072962203,40.59553091815047]}},{"type":"Feature","properties":{"development_id":"nycha:tds:8","geometry_id":"nycha-polygon:8","name":"SOUTH JAMAICA I","tds_id":"8","tds_raw":"008","borough":"QUEENS","borough_code":"QN","join_method":"tds","join_confidence":"high","geometry_quality":"official_source","source_id":"nycha_development_geometry","source_artifact_id":"nycha-geometry-open-data","source_dataset_id":"phvi-damg","source_url":"https://data.cityofnewyork.us/Housing-Development/NYCHA-Public-Housing-Developments/phvi-damg","geometry_vintage_note":"NYC Open Data NYCHA Public Housing Developments (current snapshot)"},"geometry":{"type":"Point","coordinates":[-73.79486342696593,40.69623784323859]}},{"type":"Feature","properties":{"development_id":"nycha:tds:66","geometry_id":"nycha-polygon:66","name":"SOUTH JAMAICA II","tds_id":"66","tds_raw":"066","borough":"QUEENS","borough_code":"QN","join_method":"tds","join_confidence":"high","geometry_quality":"official_source","source_id":"nycha_development_geometry","source_artifact_id":"nycha-geometry-open-data","source_dataset_id":"phvi-damg","source_url":"https://data.cityofnewyork.us/Housing-Development/NYCHA-Public-Housing-Developments/phvi-damg","geometry_vintage_note":"NYC Open Data NYCHA Public Housing Developments (current snapshot)"},"geometry":{"type":"Point","coordinates":[-73.79244323704222,40.69315630005018]}},{"type":"Feature","properties":{"development_id":"nycha:tds:559","geometry_id":"nycha-polygon:559","name":"STANTON STREET","tds_id":"559","tds_raw":"559","borough":"MANHATTAN","borough_code":"MN","join_method":"tds","join_confidence":"high","geometry_quality":"official_source","source_id":"nycha_development_geometry","source_artifact_id":"nycha-geometry-open-data","source_dataset_id":"phvi-damg","source_url":"https://data.cityofnewyork.us/Housing-Development/NYCHA-Public-Housing-Developments/phvi-damg","geometry_vintage_note":"NYC Open Data NYCHA Public Housing Developments (current snapshot)"},"geometry":{"type":"Point","coordinates":[-73.98357541025425,40.71973952143242]}},{"type":"Feature","properties":{"development_id":"nycha:tds:114","geometry_id":"nycha-polygon:114","name":"STAPLETON","tds_id":"114","tds_raw":"114","borough":"STATEN ISLAND","borough_code":"SI","join_method":"tds","join_confidence":"high","geometry_quality":"official_source","source_id":"nycha_development_geometry","source_artifact_id":"nycha-geometry-open-data","source_dataset_id":"phvi-damg","source_url":"https://data.cityofnewyork.us/Housing-Development/NYCHA-Public-Housing-Developments/phvi-damg","geometry_vintage_note":"NYC Open Data NYCHA Public Housing Developments (current snapshot)"},"geometry":{"type":"Point","coordinates":[-74.08122857405158,40.62242016119335]}},{"type":"Feature","properties":{"development_id":"nycha:tds:153","geometry_id":"nycha-polygon:153","name":"STRAUS","tds_id":"153","tds_raw":"153","borough":"MANHATTAN","borough_code":"MN","join_method":"tds","join_confidence":"high","geometry_quality":"official_source","source_id":"nycha_development_geometry","source_artifact_id":"nycha-geometry-open-data","source_dataset_id":"phvi-damg","source_url":"https://data.cityofnewyork.us/Housing-Development/NYCHA-Public-Housing-Developments/phvi-damg","geometry_vintage_note":"NYC Open Data NYCHA Public Housing Developments (current snapshot)"},"geometry":{"type":"Point","coordinates":[-73.97932377687573,40.74076033314263]}},{"type":"Feature","properties":{"development_id":"nycha:tds:73","geometry_id":"nycha-polygon:73","name":"SUMNER","tds_id":"73","tds_raw":"073","borough":"BROOKLYN","borough_code":"BK","join_method":"tds","join_confidence":"high","geometry_quality":"official_source","source_id":"nycha_development_geometry","source_artifact_id":"nycha-geometry-open-data","source_dataset_id":"phvi-damg","source_url":"https://data.cityofnewyork.us/Housing-Development/NYCHA-Public-Housing-Developments/phvi-damg","geometry_vintage_note":"NYC Open Data NYCHA Public Housing Developments (current snapshot)"},"geometry":{"type":"Point","coordinates":[-73.93946217521224,40.69760850056409]}},{"type":"Feature","properties":{"development_id":"nycha:tds:170","geometry_id":"nycha-polygon:170","name":"SURFSIDE GARDENS","tds_id":"170","tds_raw":"170","borough":"BROOKLYN","borough_code":"BK","join_method":"tds","join_confidence":"high","geometry_quality":"official_source","source_id":"nycha_development_geometry","source_artifact_id":"nycha-geometry-open-data","source_dataset_id":"phvi-damg","source_url":"https://data.cityofnewyork.us/Housing-Development/NYCHA-Public-Housing-Developments/phvi-damg","geometry_vintage_note":"NYC Open Data NYCHA Public Housing Developments (current snapshot)"},"geometry":{"type":"Point","coordinates":[-73.99790882107824,40.574000597043366]}},{"type":"Feature","properties":{"development_id":"nycha:tds:97","geometry_id":"nycha-polygon:97","name":"TAFT","tds_id":"97","tds_raw":"097","borough":"MANHATTAN","borough_code":"MN","join_method":"tds","join_confidence":"high","geometry_quality":"official_source","source_id":"nycha_development_geometry","source_artifact_id":"nycha-geometry-open-data","source_dataset_id":"phvi-damg","source_url":"https://data.cityofnewyork.us/Housing-Development/NYCHA-Public-Housing-Developments/phvi-damg","geometry_vintage_note":"NYC Open Data NYCHA Public Housing Developments (current snapshot)"},"geometry":{"type":"Point","coordinates":[-73.94698618891019,40.79847066207664]}},{"type":"Feature","properties":{"development_id":"nycha:tds:234","geometry_id":"nycha-polygon:234","name":"TAYLOR STREET-WYTHE AVENUE","tds_id":"234","tds_raw":"234","borough":"BROOKLYN","borough_code":"BK","join_method":"tds","join_confidence":"high","geometry_quality":"official_source","source_id":"nycha_development_geometry","source_artifact_id":"nycha-geometry-open-data","source_dataset_id":"phvi-damg","source_url":"https://data.cityofnewyork.us/Housing-Development/NYCHA-Public-Housing-Developments/phvi-damg","geometry_vintage_note":"NYC Open Data NYCHA Public Housing Developments (current snapshot)"},"geometry":{"type":"Point","coordinates":[-73.96519205440231,40.70443428460406]}},{"type":"Feature","properties":{"development_id":"nycha:tds:223","geometry_id":"nycha-polygon:223","name":"TELLER AVENUE-EAST 166TH STREET","tds_id":"223","tds_raw":"223","borough":"BRONX","borough_code":"BX","join_method":"tds","join_confidence":"high","geometry_quality":"official_source","source_id":"nycha_development_geometry","source_artifact_id":"nycha-geometry-open-data","source_dataset_id":"phvi-damg","source_url":"https://data.cityofnewyork.us/Housing-Development/NYCHA-Public-Housing-Developments/phvi-damg","geometry_vintage_note":"NYC Open Data NYCHA Public Housing Developments (current snapshot)"},"geometry":{"type":"Point","coordinates":[-73.91267871465094,40.82991553353655]}},{"type":"Feature","properties":{"development_id":"nycha:tds:268","geometry_id":"nycha-polygon:268","name":"THOMAS APARTMENTS","tds_id":"268","tds_raw":"268","borough":"MANHATTAN","borough_code":"MN","join_method":"tds","join_confidence":"high","geometry_quality":"official_source","source_id":"nycha_development_geometry","source_artifact_id":"nycha-geometry-open-data","source_dataset_id":"phvi-damg","source_url":"https://data.cityofnewyork.us/Housing-Development/NYCHA-Public-Housing-Developments/phvi-damg","geometry_vintage_note":"NYC Open Data NYCHA Public Housing Developments (current snapshot)"},"geometry":{"type":"Point","coordinates":[-73.9704330776249,40.78969622176174]}},{"type":"Feature","properties":{"development_id":"nycha:tds:63","geometry_id":"nycha-polygon:63","name":"THROGGS NECK","tds_id":"63","tds_raw":"063","borough":"BRONX","borough_code":"BX","join_method":"tds","join_confidence":"high","geometry_quality":"official_source","source_id":"nycha_development_geometry","source_artifact_id":"nycha-geometry-open-data","source_dataset_id":"phvi-damg","source_url":"https://data.cityofnewyork.us/Housing-Development/NYCHA-Public-Housing-Developments/phvi-damg","geometry_vintage_note":"NYC Open Data NYCHA Public Housing Developments (current snapshot)"},"geometry":{"type":"Point","coordinates":[-73.82335674381807,40.822034448397346]}},{"type":"Feature","properties":{"development_id":"nycha:tds:193","geometry_id":"nycha-polygon:193","name":"THROGGS NECK ADDITION","tds_id":"193","tds_raw":"193","borough":"BRONX","borough_code":"BX","join_method":"tds","join_confidence":"high","geometry_quality":"official_source","source_id":"nycha_development_geometry","source_artifact_id":"nycha-geometry-open-data","source_dataset_id":"phvi-damg","source_url":"https://data.cityofnewyork.us/Housing-Development/NYCHA-Public-Housing-Developments/phvi-damg","geometry_vintage_note":"NYC Open Data NYCHA Public Housing Developments (current snapshot)"},"geometry":{"type":"Point","coordinates":[-73.82520957886662,40.82114275294421]}},{"type":"Feature","properties":{"development_id":"nycha:tds:96","geometry_id":"nycha-polygon:96","name":"TILDEN","tds_id":"96","tds_raw":"096","borough":"BROOKLYN","borough_code":"BK","join_method":"tds","join_confidence":"high","geometry_quality":"official_source","source_id":"nycha_development_geometry","source_artifact_id":"nycha-geometry-open-data","source_dataset_id":"phvi-damg","source_url":"https://data.cityofnewyork.us/Housing-Development/NYCHA-Public-Housing-Developments/phvi-damg","geometry_vintage_note":"NYC Open Data NYCHA Public Housing Developments (current snapshot)"},"geometry":{"type":"Point","coordinates":[-73.90722886970482,40.66344974273173]}},{"type":"Feature","properties":{"development_id":"nycha:tds:42","geometry_id":"nycha-polygon:42","name":"TODT HILL","tds_id":"42","tds_raw":"042","borough":"STATEN ISLAND","borough_code":"SI","join_method":"tds","join_confidence":"high","geometry_quality":"official_source","source_id":"nycha_development_geometry","source_artifact_id":"nycha-geometry-open-data","source_dataset_id":"phvi-damg","source_url":"https://data.cityofnewyork.us/Housing-Development/NYCHA-Public-Housing-Developments/phvi-damg","geometry_vintage_note":"NYC Open Data NYCHA Public Housing Developments (current snapshot)"},"geometry":{"type":"Point","coordinates":[-74.11965310192876,40.607779487366045]}},{"type":"Feature","properties":{"development_id":"nycha:tds:131","geometry_id":"nycha-polygon:131","name":"TOMPKINS","tds_id":"131","tds_raw":"131","borough":"BROOKLYN","borough_code":"BK","join_method":"tds","join_confidence":"high","geometry_quality":"official_source","source_id":"nycha_development_geometry","source_artifact_id":"nycha-geometry-open-data","source_dataset_id":"phvi-damg","source_url":"https://data.cityofnewyork.us/Housing-Development/NYCHA-Public-Housing-Developments/phvi-damg","geometry_vintage_note":"NYC Open Data NYCHA Public Housing Developments (current snapshot)"},"geometry":{"type":"Point","coordinates":[-73.94514790665446,40.696960093105645]}},{"type":"Feature","properties":{"development_id":"nycha:tds:266","geometry_id":"nycha-polygon:266","name":"TWO BRIDGES URA (SITE 7)","tds_id":"266","tds_raw":"266","borough":"MANHATTAN","borough_code":"MN","join_method":"tds","join_confidence":"high","geometry_quality":"official_source","source_id":"nycha_development_geometry","source_artifact_id":"nycha-geometry-open-data","source_dataset_id":"phvi-damg","source_url":"https://data.cityofnewyork.us/Housing-Development/NYCHA-Public-Housing-Developments/phvi-damg","geometry_vintage_note":"NYC Open Data NYCHA Public Housing Developments (current snapshot)"},"geometry":{"type":"Point","coordinates":[-73.98620711917609,40.71085007908373]}},{"type":"Feature","properties":{"development_id":"nycha:tds:240","geometry_id":"nycha-polygon:240","name":"UNITY PLAZA (SITES 17,24,25A)","tds_id":"240","tds_raw":"240","borough":"BROOKLYN","borough_code":"BK","join_method":"tds","join_confidence":"high","geometry_quality":"official_source","source_id":"nycha_development_geometry","source_artifact_id":"nycha-geometry-open-data","source_dataset_id":"phvi-damg","source_url":"https://data.cityofnewyork.us/Housing-Development/NYCHA-Public-Housing-Developments/phvi-damg","geometry_vintage_note":"NYC Open Data NYCHA Public Housing Developments (current snapshot)"},"geometry":{"type":"Point","coordinates":[-73.89719217404203,40.668288528247395]}},{"type":"Feature","properties":{"development_id":"nycha:tds:261","geometry_id":"nycha-polygon:261","name":"UNITY PLAZA (SITES 4-27)","tds_id":"261","tds_raw":"261","borough":"BROOKLYN","borough_code":"BK","join_method":"tds","join_confidence":"high","geometry_quality":"official_source","source_id":"nycha_development_geometry","source_artifact_id":"nycha-geometry-open-data","source_dataset_id":"phvi-damg","source_url":"https://data.cityofnewyork.us/Housing-Development/NYCHA-Public-Housing-Developments/phvi-damg","geometry_vintage_note":"NYC Open Data NYCHA Public Housing Developments (current snapshot)"},"geometry":{"type":"Point","coordinates":[-73.8972612709183,40.666690501156225]}},{"type":"Feature","properties":{"development_id":"nycha:tds:61","geometry_id":"nycha-polygon:61","name":"VAN DYKE I","tds_id":"61","tds_raw":"061","borough":"BROOKLYN","borough_code":"BK","join_method":"tds","join_confidence":"high","geometry_quality":"official_source","source_id":"nycha_development_geometry","source_artifact_id":"nycha-geometry-open-data","source_dataset_id":"phvi-damg","source_url":"https://data.cityofnewyork.us/Housing-Development/NYCHA-Public-Housing-Developments/phvi-damg","geometry_vintage_note":"NYC Open Data NYCHA Public Housing Developments (current snapshot)"},"geometry":{"type":"Point","coordinates":[-73.9047564838225,40.66715792160558]}},{"type":"Feature","properties":{"development_id":"nycha:tds:146","geometry_id":"nycha-polygon:146","name":"VAN DYKE II","tds_id":"146","tds_raw":"146","borough":"BROOKLYN","borough_code":"BK","join_method":"tds","join_confidence":"high","geometry_quality":"official_source","source_id":"nycha_development_geometry","source_artifact_id":"nycha-geometry-open-data","source_dataset_id":"phvi-damg","source_url":"https://data.cityofnewyork.us/Housing-Development/NYCHA-Public-Housing-Developments/phvi-damg","geometry_vintage_note":"NYC Open Data NYCHA Public Housing Developments (current snapshot)"},"geometry":{"type":"Point","coordinates":[-73.9031668344505,40.664538728334676]}},{"type":"Feature","properties":{"development_id":"nycha:tds:315","geometry_id":"nycha-polygon:315","name":"VANDALIA AVENUE","tds_id":"315","tds_raw":"315","borough":"BROOKLYN","borough_code":"BK","join_method":"tds","join_confidence":"high","geometry_quality":"official_source","source_id":"nycha_development_geometry","source_artifact_id":"nycha-geometry-open-data","source_dataset_id":"phvi-damg","source_url":"https://data.cityofnewyork.us/Housing-Development/NYCHA-Public-Housing-Developments/phvi-damg","geometry_vintage_note":"NYC Open Data NYCHA Public Housing Developments (current snapshot)"},"geometry":{"type":"Point","coordinates":[-73.8873199605048,40.65002720038851]}},{"type":"Feature","properties":{"development_id":"nycha:tds:6","geometry_id":"nycha-polygon:6","name":"VLADECK","tds_id":"6","tds_raw":"006","borough":"MANHATTAN","borough_code":"MN","join_method":"tds","join_confidence":"high","geometry_quality":"official_source","source_id":"nycha_development_geometry","source_artifact_id":"nycha-geometry-open-data","source_dataset_id":"phvi-damg","source_url":"https://data.cityofnewyork.us/Housing-Development/NYCHA-Public-Housing-Developments/phvi-damg","geometry_vintage_note":"NYC Open Data NYCHA Public Housing Developments (current snapshot)"},"geometry":{"type":"Point","coordinates":[-73.98224354440757,40.71235945651945]}},{"type":"Feature","properties":{"development_id":"nycha:tds:7","geometry_id":"nycha-polygon:7","name":"VLADECK II","tds_id":"7","tds_raw":"007","borough":"MANHATTAN","borough_code":"MN","join_method":"tds","join_confidence":"high","geometry_quality":"official_source","source_id":"nycha_development_geometry","source_artifact_id":"nycha-geometry-open-data","source_dataset_id":"phvi-damg","source_url":"https://data.cityofnewyork.us/Housing-Development/NYCHA-Public-Housing-Developments/phvi-damg","geometry_vintage_note":"NYC Open Data NYCHA Public Housing Developments (current snapshot)"},"geometry":{"type":"Point","coordinates":[-73.9803149286245,40.712953293725874]}},{"type":"Feature","properties":{"development_id":"nycha:tds:74","geometry_id":"nycha-polygon:74","name":"WAGNER","tds_id":"74","tds_raw":"074","borough":"MANHATTAN","borough_code":"MN","join_method":"tds","join_confidence":"high","geometry_quality":"official_source","source_id":"nycha_development_geometry","source_artifact_id":"nycha-geometry-open-data","source_dataset_id":"phvi-damg","source_url":"https://data.cityofnewyork.us/Housing-Development/NYCHA-Public-Housing-Developments/phvi-damg","geometry_vintage_note":"NYC Open Data NYCHA Public Housing Developments (current snapshot)"},"geometry":{"type":"Point","coordinates":[-73.93133953602981,40.79892512927155]}},{"type":"Feature","properties":{"development_id":"nycha:tds:23","geometry_id":"nycha-polygon:23","name":"WALD","tds_id":"23","tds_raw":"023","borough":"MANHATTAN","borough_code":"MN","join_method":"tds","join_confidence":"high","geometry_quality":"official_source","source_id":"nycha_development_geometry","source_artifact_id":"nycha-geometry-open-data","source_dataset_id":"phvi-damg","source_url":"https://data.cityofnewyork.us/Housing-Development/NYCHA-Public-Housing-Developments/phvi-damg","geometry_vintage_note":"NYC Open Data NYCHA Public Housing Developments (current snapshot)"},"geometry":{"type":"Point","coordinates":[-73.97640216472041,40.72101057124699]}},{"type":"Feature","properties":{"development_id":"nycha:tds:62","geometry_id":"nycha-polygon:62","name":"WASHINGTON","tds_id":"62","tds_raw":"062","borough":"MANHATTAN","borough_code":"MN","join_method":"tds","join_confidence":"high","geometry_quality":"official_source","source_id":"nycha_development_geometry","source_artifact_id":"nycha-geometry-open-data","source_dataset_id":"phvi-damg","source_url":"https://data.cityofnewyork.us/Housing-Development/NYCHA-Public-Housing-Developments/phvi-damg","geometry_vintage_note":"NYC Open Data NYCHA Public Housing Developments (current snapshot)"},"geometry":{"type":"Point","coordinates":[-73.94604811244628,40.787676575332384]}},{"type":"Feature","properties":{"development_id":"nycha:tds:141","geometry_id":"nycha-polygon:141","name":"WEBSTER","tds_id":"141","tds_raw":"141","borough":"BRONX","borough_code":"BX","join_method":"tds","join_confidence":"high","geometry_quality":"official_source","source_id":"nycha_development_geometry","source_artifact_id":"nycha-geometry-open-data","source_dataset_id":"phvi-damg","source_url":"https://data.cityofnewyork.us/Housing-Development/NYCHA-Public-Housing-Developments/phvi-damg","geometry_vintage_note":"NYC Open Data NYCHA Public Housing Developments (current snapshot)"},"geometry":{"type":"Point","coordinates":[-73.90835942328404,40.83300616267676]}},{"type":"Feature","properties":{"development_id":"nycha:tds:360","geometry_id":"nycha-polygon:360","name":"WEST FARMS ROAD REHAB","tds_id":"360","tds_raw":"360","borough":"BRONX","borough_code":"BX","join_method":"tds","join_confidence":"high","geometry_quality":"official_source","source_id":"nycha_development_geometry","source_artifact_id":"nycha-geometry-open-data","source_dataset_id":"phvi-damg","source_url":"https://data.cityofnewyork.us/Housing-Development/NYCHA-Public-Housing-Developments/phvi-damg","geometry_vintage_note":"NYC Open Data NYCHA Public Housing Developments (current snapshot)"},"geometry":{"type":"Point","coordinates":[-73.88704789669008,40.82998890007725]}},{"type":"Feature","properties":{"development_id":"nycha:tds:526","geometry_id":"nycha-polygon:526","name":"WEST FARMS SQUARE CONVENTIONAL","tds_id":"526","tds_raw":"526","borough":"BRONX","borough_code":"BX","join_method":"tds","join_confidence":"high","geometry_quality":"official_source","source_id":"nycha_development_geometry","source_artifact_id":"nycha-geometry-open-data","source_dataset_id":"phvi-damg","source_url":"https://data.cityofnewyork.us/Housing-Development/NYCHA-Public-Housing-Developments/phvi-damg","geometry_vintage_note":"NYC Open Data NYCHA Public Housing Developments (current snapshot)"},"geometry":{"type":"Point","coordinates":[-73.88824996383184,40.82748427382734]}},{"type":"Feature","properties":{"development_id":"nycha:tds:246","geometry_id":"nycha-polygon:246","name":"WEST TREMONT AVENUE-SEDGWICK AVENUE AREA","tds_id":"246","tds_raw":"246","borough":"BRONX","borough_code":"BX","join_method":"tds","join_confidence":"high","geometry_quality":"official_source","source_id":"nycha_development_geometry","source_artifact_id":"nycha-geometry-open-data","source_dataset_id":"phvi-damg","source_url":"https://data.cityofnewyork.us/Housing-Development/NYCHA-Public-Housing-Developments/phvi-damg","geometry_vintage_note":"NYC Open Data NYCHA Public Housing Developments (current snapshot)"},"geometry":{"type":"Point","coordinates":[-73.91796645768747,40.852389287961]}},{"type":"Feature","properties":{"development_id":"nycha:tds:514","geometry_id":"nycha-polygon:514","name":"WHITMAN","tds_id":"514","tds_raw":"514","borough":"BROOKLYN","borough_code":"BK","join_method":"tds","join_confidence":"high","geometry_quality":"official_source","source_id":"nycha_development_geometry","source_artifact_id":"nycha-geometry-open-data","source_dataset_id":"phvi-damg","source_url":"https://data.cityofnewyork.us/Housing-Development/NYCHA-Public-Housing-Developments/phvi-damg","geometry_vintage_note":"NYC Open Data NYCHA Public Housing Developments (current snapshot)"},"geometry":{"type":"Point","coordinates":[-73.97469784765796,40.69475566918217]}},{"type":"Feature","properties":{"development_id":"nycha:tds:112","geometry_id":"nycha-polygon:112","name":"WILSON","tds_id":"112","tds_raw":"112","borough":"MANHATTAN","borough_code":"MN","join_method":"tds","join_confidence":"high","geometry_quality":"official_source","source_id":"nycha_development_geometry","source_artifact_id":"nycha-geometry-open-data","source_dataset_id":"phvi-damg","source_url":"https://data.cityofnewyork.us/Housing-Development/NYCHA-Public-Housing-Developments/phvi-damg","geometry_vintage_note":"NYC Open Data NYCHA Public Housing Developments (current snapshot)"},"geometry":{"type":"Point","coordinates":[-73.93916523197424,40.78878041489202]}},{"type":"Feature","properties":{"development_id":"nycha:tds:33","geometry_id":"nycha-polygon:33","name":"WOODSIDE","tds_id":"33","tds_raw":"033","borough":"QUEENS","borough_code":"QN","join_method":"tds","join_confidence":"high","geometry_quality":"official_source","source_id":"nycha_development_geometry","source_artifact_id":"nycha-geometry-open-data","source_dataset_id":"phvi-damg","source_url":"https://data.cityofnewyork.us/Housing-Development/NYCHA-Public-Housing-Developments/phvi-damg","geometry_vintage_note":"NYC Open Data NYCHA Public Housing Developments (current snapshot)"},"geometry":{"type":"Point","coordinates":[-73.90986617987109,40.7562279220932]}},{"type":"Feature","properties":{"development_id":"nycha:tds:182","geometry_id":"nycha-polygon:182","name":"WOODSON","tds_id":"182","tds_raw":"182","borough":"BROOKLYN","borough_code":"BK","join_method":"tds","join_confidence":"high","geometry_quality":"official_source","source_id":"nycha_development_geometry","source_artifact_id":"nycha-geometry-open-data","source_dataset_id":"phvi-damg","source_url":"https://data.cityofnewyork.us/Housing-Development/NYCHA-Public-Housing-Developments/phvi-damg","geometry_vintage_note":"NYC Open Data NYCHA Public Housing Developments (current snapshot)"},"geometry":{"type":"Point","coordinates":[-73.90210416632186,40.664358175190216]}},{"type":"Feature","properties":{"development_id":"nycha:tds:178","geometry_id":"nycha-polygon:178","name":"WSUR (BROWNSTONES)","tds_id":"178","tds_raw":"178","borough":"MANHATTAN","borough_code":"MN","join_method":"tds","join_confidence":"high","geometry_quality":"official_source","source_id":"nycha_development_geometry","source_artifact_id":"nycha-geometry-open-data","source_dataset_id":"phvi-damg","source_url":"https://data.cityofnewyork.us/Housing-Development/NYCHA-Public-Housing-Developments/phvi-damg","geometry_vintage_note":"NYC Open Data NYCHA Public Housing Developments (current snapshot)"},"geometry":{"type":"Point","coordinates":[-73.97004695992055,40.79163551932673]}},{"type":"Feature","properties":{"development_id":"nycha:tds:151","geometry_id":"nycha-polygon:151","name":"WSUR (SITE A) 120 WEST 94TH STREET","tds_id":"151","tds_raw":"151","borough":"MANHATTAN","borough_code":"MN","join_method":"tds","join_confidence":"high","geometry_quality":"official_source","source_id":"nycha_development_geometry","source_artifact_id":"nycha-geometry-open-data","source_dataset_id":"phvi-damg","source_url":"https://data.cityofnewyork.us/Housing-Development/NYCHA-Public-Housing-Developments/phvi-damg","geometry_vintage_note":"NYC Open Data NYCHA Public Housing Developments (current snapshot)"},"geometry":{"type":"Point","coordinates":[-73.96982902274735,40.791876135961274]}},{"type":"Feature","properties":{"development_id":"nycha:tds:173","geometry_id":"nycha-polygon:173","name":"WSUR (SITE B) 74 WEST 92ND STREET","tds_id":"173","tds_raw":"173","borough":"MANHATTAN","borough_code":"MN","join_method":"tds","join_confidence":"high","geometry_quality":"official_source","source_id":"nycha_development_geometry","source_artifact_id":"nycha-geometry-open-data","source_dataset_id":"phvi-damg","source_url":"https://data.cityofnewyork.us/Housing-Development/NYCHA-Public-Housing-Developments/phvi-damg","geometry_vintage_note":"NYC Open Data NYCHA Public Housing Developments (current snapshot)"},"geometry":{"type":"Point","coordinates":[-73.96926535138516,40.78983605817973]}},{"type":"Feature","properties":{"development_id":"nycha:tds:174","geometry_id":"nycha-polygon:174","name":"WSUR (SITE C) 589 AMSTERDAM AVENUE","tds_id":"174","tds_raw":"174","borough":"MANHATTAN","borough_code":"MN","join_method":"tds","join_confidence":"high","geometry_quality":"official_source","source_id":"nycha_development_geometry","source_artifact_id":"nycha-geometry-open-data","source_dataset_id":"phvi-damg","source_url":"https://data.cityofnewyork.us/Housing-Development/NYCHA-Public-Housing-Developments/phvi-damg","geometry_vintage_note":"NYC Open Data NYCHA Public Housing Developments (current snapshot)"},"geometry":{"type":"Point","coordinates":[-73.97347784728974,40.789226341132135]}},{"type":"Feature","properties":{"development_id":"nycha:tds:163","geometry_id":"nycha-polygon:163","name":"WYCKOFF GARDENS","tds_id":"163","tds_raw":"163","borough":"BROOKLYN","borough_code":"BK","join_method":"tds","join_confidence":"high","geometry_quality":"official_source","source_id":"nycha_development_geometry","source_artifact_id":"nycha-geometry-open-data","source_dataset_id":"phvi-damg","source_url":"https://data.cityofnewyork.us/Housing-Development/NYCHA-Public-Housing-Developments/phvi-damg","geometry_vintage_note":"NYC Open Data NYCHA Public Housing Developments (current snapshot)"},"geometry":{"type":"Point","coordinates":[-73.98381964832095,40.68254161728978]}}],"name":"nycha_development_points","crs":{"type":"name","properties":{"name":"urn:ogc:def:crs:OGC:1.3:CRS84"}}}
