{"type":"FeatureCollection","features":[{"type":"Feature","properties":{"development_id":"nycha:tds:233","geometry_id":"nycha-polygon:233","name":"1162-1176 WASHINGTON AVENUE","tds_id":"233","tds_raw":"233","borough":"BRONX","borough_code":"BX","join_method":"tds","join_confidence":"high","geometry_quality":"official_source","source_id":"nycha_development_geometry","source_artifact_id":"nycha-geometry-open-data","source_dataset_id":"phvi-damg","source_url":"https://data.cityofnewyork.us/Housing-Development/NYCHA-Public-Housing-Developments/phvi-damg","geometry_vintage_note":"NYC Open Data NYCHA Public Housing Developments (current snapshot)"},"geometry":{"type":"Polygon","coordinates":[[[-73.90694084963181,40.830088258829825],[-73.90715140430049,40.82971214848563],[-73.90757741898089,40.8298503024873],[-73.90736686628335,40.83022641360054],[-73.90694084963181,40.830088258829825]]]}},{"type":"Feature","properties":{"development_id":"nycha:tds:214","geometry_id":"nycha-polygon:214","name":"1471 WATSON AVENUE","tds_id":"214","tds_raw":"214","borough":"BRONX","borough_code":"BX","join_method":"tds","join_confidence":"high","geometry_quality":"official_source","source_id":"nycha_development_geometry","source_artifact_id":"nycha-geometry-open-data","source_dataset_id":"phvi-damg","source_url":"https://data.cityofnewyork.us/Housing-Development/NYCHA-Public-Housing-Developments/phvi-damg","geometry_vintage_note":"NYC Open Data NYCHA Public Housing Developments (current snapshot)"},"geometry":{"type":"Polygon","coordinates":[[[-73.88110956529096,40.82663118959112],[-73.88098595474739,40.826095240771494],[-73.88061036262876,40.8261463528047],[-73.8805437720183,40.82585762528599],[-73.88127858098242,40.82575762850802],[-73.88147038405678,40.82658208596567],[-73.88110956529096,40.82663118959112]]]}},{"type":"Feature","properties":{"development_id":"nycha:tds:359","geometry_id":"nycha-polygon:359","name":"154 WEST 84TH STREET","tds_id":"359","tds_raw":"359","borough":"MANHATTAN","borough_code":"MN","join_method":"tds","join_confidence":"high","geometry_quality":"official_source","source_id":"nycha_development_geometry","source_artifact_id":"nycha-geometry-open-data","source_dataset_id":"phvi-damg","source_url":"https://data.cityofnewyork.us/Housing-Development/NYCHA-Public-Housing-Developments/phvi-damg","geometry_vintage_note":"NYC Open Data NYCHA Public Housing Developments (current snapshot)"},"geometry":{"type":"Polygon","coordinates":[[[-73.97509741582043,40.78591456526246],[-73.97528123209972,40.78566313537121],[-73.97558481611685,40.78579091817255],[-73.97540099944632,40.78604234854281],[-73.97509741582043,40.78591456526246]]]}},{"type":"Feature","properties":{"development_id":"nycha:tds:156","geometry_id":"nycha-polygon:156","name":"303 VERNON AVENUE","tds_id":"156","tds_raw":"156","borough":"BROOKLYN","borough_code":"BK","join_method":"tds","join_confidence":"high","geometry_quality":"official_source","source_id":"nycha_development_geometry","source_artifact_id":"nycha-geometry-open-data","source_dataset_id":"phvi-damg","source_url":"https://data.cityofnewyork.us/Housing-Development/NYCHA-Public-Housing-Developments/phvi-damg","geometry_vintage_note":"NYC Open Data NYCHA Public Housing Developments (current snapshot)"},"geometry":{"type":"Polygon","coordinates":[[[-73.93859962954834,40.696501972428244],[-73.93848600261103,40.695945736172796],[-73.94045245950743,40.69572066696622],[-73.94056022663196,40.69627857321525],[-73.93859962954834,40.696501972428244]]]}},{"type":"Feature","properties":{"development_id":"nycha:tds:265","geometry_id":"nycha-polygon:265","name":"45 ALLEN STREET","tds_id":"265","tds_raw":"265","borough":"MANHATTAN","borough_code":"MN","join_method":"tds","join_confidence":"high","geometry_quality":"official_source","source_id":"nycha_development_geometry","source_artifact_id":"nycha-geometry-open-data","source_dataset_id":"phvi-damg","source_url":"https://data.cityofnewyork.us/Housing-Development/NYCHA-Public-Housing-Developments/phvi-damg","geometry_vintage_note":"NYC Open Data NYCHA Public Housing Developments (current snapshot)"},"geometry":{"type":"Polygon","coordinates":[[[-73.99242514551516,40.71709900699528],[-73.99181531791223,40.71691429675239],[-73.99210882130858,40.716339187538566],[-73.9927186183653,40.716524450953465],[-73.99242514551516,40.71709900699528]]]}},{"type":"Feature","properties":{"development_id":"nycha:tds:150","geometry_id":"nycha-polygon:150","name":"830 AMSTERDAM AVENUE","tds_id":"150","tds_raw":"150","borough":"MANHATTAN","borough_code":"MN","join_method":"tds","join_confidence":"high","geometry_quality":"official_source","source_id":"nycha_development_geometry","source_artifact_id":"nycha-geometry-open-data","source_dataset_id":"phvi-damg","source_url":"https://data.cityofnewyork.us/Housing-Development/NYCHA-Public-Housing-Developments/phvi-damg","geometry_vintage_note":"NYC Open Data NYCHA Public Housing Developments (current snapshot)"},"geometry":{"type":"Polygon","coordinates":[[[-73.96935887421552,40.797061556871554],[-73.96926388371878,40.79719161595676],[-73.96877736681192,40.79706547288311],[-73.96854982343825,40.79737674525893],[-73.96823683191298,40.797243975321],[-73.9686045571182,40.79674158375251],[-73.96935887421552,40.797061556871554]]]}},{"type":"Feature","properties":{"development_id":"nycha:tds:118","geometry_id":"nycha-polygon:118","name":"ADAMS","tds_id":"118","tds_raw":"118","borough":"BRONX","borough_code":"BX","join_method":"tds","join_confidence":"high","geometry_quality":"official_source","source_id":"nycha_development_geometry","source_artifact_id":"nycha-geometry-open-data","source_dataset_id":"phvi-damg","source_url":"https://data.cityofnewyork.us/Housing-Development/NYCHA-Public-Housing-Developments/phvi-damg","geometry_vintage_note":"NYC Open Data NYCHA Public Housing Developments (current snapshot)"},"geometry":{"type":"MultiPolygon","coordinates":[[[[-73.90460686092233,40.817273591610956],[-73.90387776823522,40.817264595270785],[-73.90453282032256,40.815429016443034],[-73.90514801970245,40.8155542043605],[-73.90486697173326,40.81774558147607],[-73.90446775490125,40.81766339081108],[-73.90460686092233,40.817273591610956]]],[[[-73.90515227644728,40.81779189675788],[-73.90525187568603,40.81669471471787],[-73.90572128601215,40.81679579130039],[-73.90586549550294,40.816427436447995],[-73.9058059991387,40.81627646901127],[-73.9061622266657,40.8162002073011],[-73.9059723233386,40.81571838015029],[-73.90792697807991,40.816122569086694],[-73.90787376870007,40.81627476105754],[-73.90515227644728,40.81779189675788]]]]}},{"type":"Feature","properties":{"development_id":"nycha:tds:31","geometry_id":"nycha-polygon:31","name":"ALBANY","tds_id":"31","tds_raw":"031","borough":"BROOKLYN","borough_code":"BK","join_method":"tds","join_confidence":"high","geometry_quality":"official_source","source_id":"nycha_development_geometry","source_artifact_id":"nycha-geometry-open-data","source_dataset_id":"phvi-damg","source_url":"https://data.cityofnewyork.us/Housing-Development/NYCHA-Public-Housing-Developments/phvi-damg","geometry_vintage_note":"NYC Open Data NYCHA Public Housing Developments (current snapshot)"},"geometry":{"type":"Polygon","coordinates":[[[-73.93632223527649,40.674360812767084],[-73.93647448782967,40.67280086227363],[-73.93892009521433,40.67293032816882],[-73.93877108177604,40.67449610089528],[-73.93632223527649,40.674360812767084]]]}},{"type":"Feature","properties":{"development_id":"nycha:tds:85","geometry_id":"nycha-polygon:85","name":"ALBANY II","tds_id":"85","tds_raw":"085","borough":"BROOKLYN","borough_code":"BK","join_method":"tds","join_confidence":"high","geometry_quality":"official_source","source_id":"nycha_development_geometry","source_artifact_id":"nycha-geometry-open-data","source_dataset_id":"phvi-damg","source_url":"https://data.cityofnewyork.us/Housing-Development/NYCHA-Public-Housing-Developments/phvi-damg","geometry_vintage_note":"NYC Open Data NYCHA Public Housing Developments (current snapshot)"},"geometry":{"type":"Polygon","coordinates":[[[-73.93632223527649,40.674360812767084],[-73.93877108177604,40.67449610089528],[-73.93868875983256,40.675361064861434],[-73.93623789123046,40.67522566492939],[-73.93632223527649,40.674360812767084]]]}},{"type":"Feature","properties":{"development_id":"nycha:tds:22","geometry_id":"nycha-polygon:22","name":"AMSTERDAM","tds_id":"22","tds_raw":"022","borough":"MANHATTAN","borough_code":"MN","join_method":"tds","join_confidence":"high","geometry_quality":"official_source","source_id":"nycha_development_geometry","source_artifact_id":"nycha-geometry-open-data","source_dataset_id":"phvi-damg","source_url":"https://data.cityofnewyork.us/Housing-Development/NYCHA-Public-Housing-Developments/phvi-damg","geometry_vintage_note":"NYC Open Data NYCHA Public Housing Developments (current snapshot)"},"geometry":{"type":"Polygon","coordinates":[[[-73.98726579143474,40.773633284296075],[-73.98688685299028,40.773473771743305],[-73.98652618484198,40.77396589185392],[-73.98552651909002,40.773545076411054],[-73.98680690279566,40.77179803462638],[-73.98743930167409,40.77206424358261],[-73.98725567679563,40.772314802798654],[-73.98788930942965,40.772581528089816],[-73.988606360329,40.772883360669574],[-73.98878997932407,40.77263280112336],[-73.98934272914325,40.77286546789761],[-73.98852594439583,40.7739800148045],[-73.98754262606546,40.77347889002447],[-73.98726579143474,40.773633284296075]]]}},{"type":"Feature","properties":{"development_id":"nycha:tds:187","geometry_id":"nycha-polygon:187","name":"AMSTERDAM ADDITION","tds_id":"187","tds_raw":"187","borough":"MANHATTAN","borough_code":"MN","join_method":"tds","join_confidence":"high","geometry_quality":"official_source","source_id":"nycha_development_geometry","source_artifact_id":"nycha-geometry-open-data","source_dataset_id":"phvi-damg","source_url":"https://data.cityofnewyork.us/Housing-Development/NYCHA-Public-Housing-Developments/phvi-damg","geometry_vintage_note":"NYC Open Data NYCHA Public Housing Developments (current snapshot)"},"geometry":{"type":"Polygon","coordinates":[[[-73.98652578354202,40.77473153346487],[-73.98685490296083,40.77427742994424],[-73.98733025959108,40.77447803235798],[-73.98722023643172,40.77462983326027],[-73.98745646406266,40.774729511548706],[-73.98723736250383,40.77503182766126],[-73.98652578354202,40.77473153346487]]]}},{"type":"Feature","properties":{"development_id":"nycha:tds:26","geometry_id":"nycha-polygon:26","name":"ASTORIA","tds_id":"26","tds_raw":"026","borough":"QUEENS","borough_code":"QN","join_method":"tds","join_confidence":"high","geometry_quality":"official_source","source_id":"nycha_development_geometry","source_artifact_id":"nycha-geometry-open-data","source_dataset_id":"phvi-damg","source_url":"https://data.cityofnewyork.us/Housing-Development/NYCHA-Public-Housing-Developments/phvi-damg","geometry_vintage_note":"NYC Open Data NYCHA Public Housing Developments (current snapshot)"},"geometry":{"type":"Polygon","coordinates":[[[-73.93200763393936,40.77414562143578],[-73.9327540292275,40.77282838114406],[-73.93417362195294,40.7732562041819],[-73.93426214473885,40.773086861972004],[-73.93288545986272,40.77260424057445],[-73.93307727433181,40.7722729057065],[-73.93426266126905,40.77262359839733],[-73.93467046697297,40.77184970909212],[-73.93700908504712,40.772596126441144],[-73.9374541435702,40.77306257739156],[-73.93763415090243,40.77379100186405],[-73.93763894493665,40.7739298773352],[-73.93693852658062,40.773979329073406],[-73.93581921956734,40.773579176761835],[-73.93573887340683,40.77373861647866],[-73.9367593706655,40.77412927719977],[-73.936075304857,40.77545915145735],[-73.9339157518158,40.774761813828086],[-73.93400750477687,40.77459760653613],[-73.93329636133953,40.77436796059176],[-73.93320460572839,40.77453216724786],[-73.93200763393936,40.77414562143578]]]}},{"type":"Feature","properties":{"development_id":"nycha:tds:256","geometry_id":"nycha-polygon:256","name":"ATLANTIC TERMINAL SITE 4B","tds_id":"256","tds_raw":"256","borough":"BROOKLYN","borough_code":"BK","join_method":"tds","join_confidence":"high","geometry_quality":"official_source","source_id":"nycha_development_geometry","source_artifact_id":"nycha-geometry-open-data","source_dataset_id":"phvi-damg","source_url":"https://data.cityofnewyork.us/Housing-Development/NYCHA-Public-Housing-Developments/phvi-damg","geometry_vintage_note":"NYC Open Data NYCHA Public Housing Developments (current snapshot)"},"geometry":{"type":"Polygon","coordinates":[[[-73.96980164422246,40.68343705042502],[-73.9695924836984,40.6823830039536],[-73.97061816112796,40.68259766662994],[-73.97076084857257,40.68331451847556],[-73.96980164422246,40.68343705042502]]]}},{"type":"Feature","properties":{"development_id":"nycha:tds:91","geometry_id":"nycha-polygon:91","name":"BAISLEY PARK","tds_id":"91","tds_raw":"091","borough":"QUEENS","borough_code":"QN","join_method":"tds","join_confidence":"high","geometry_quality":"official_source","source_id":"nycha_development_geometry","source_artifact_id":"nycha-geometry-open-data","source_dataset_id":"phvi-damg","source_url":"https://data.cityofnewyork.us/Housing-Development/NYCHA-Public-Housing-Developments/phvi-damg","geometry_vintage_note":"NYC Open Data NYCHA Public Housing Developments (current snapshot)"},"geometry":{"type":"MultiPolygon","coordinates":[[[[-73.781280869028,40.68495254716746],[-73.78294317027274,40.684431505849204],[-73.78349557987067,40.685362197496936],[-73.78248517145096,40.68570354277837],[-73.781280869028,40.68495254716746]]],[[[-73.7844155898675,40.68638373262288],[-73.78320995358665,40.68433877288596],[-73.78388003003155,40.68411179651375],[-73.78431801978661,40.68485470249107],[-73.78405648985866,40.68494329199316],[-73.78434425710076,40.6853622107266],[-73.78457804927892,40.685584444041616],[-73.78487512466705,40.685578254033175],[-73.78535889260014,40.68587099316763],[-73.7846623685183,40.68653507980202],[-73.7844155898675,40.68638373262288]]]]}},{"type":"Feature","properties":{"development_id":"nycha:tds:60","geometry_id":"nycha-polygon:60","name":"BARUCH","tds_id":"60","tds_raw":"060","borough":"MANHATTAN","borough_code":"MN","join_method":"tds","join_confidence":"high","geometry_quality":"official_source","source_id":"nycha_development_geometry","source_artifact_id":"nycha-geometry-open-data","source_dataset_id":"phvi-damg","source_url":"https://data.cityofnewyork.us/Housing-Development/NYCHA-Public-Housing-Developments/phvi-damg","geometry_vintage_note":"NYC Open Data NYCHA Public Housing Developments (current snapshot)"},"geometry":{"type":"Polygon","coordinates":[[[-73.97944703510592,40.71718769677022],[-73.97955187447893,40.71698486839226],[-73.97901745593073,40.71682210588476],[-73.97883096450734,40.71717659987268],[-73.97924891277715,40.71730389450978],[-73.9792310223352,40.71758218592685],[-73.97943937734675,40.71764528244096],[-73.97939844636542,40.717724969360546],[-73.97953867352635,40.71776743450469],[-73.9796699874806,40.71751178315912],[-73.97983087096259,40.71756050293497],[-73.97872074599432,40.71972173670674],[-73.97737397098956,40.71915369406272],[-73.97657643348629,40.71899561214949],[-73.97705865898384,40.71806207046085],[-73.97598646642263,40.71773661101421],[-73.97545224711249,40.71876254480646],[-73.97526092540897,40.718669194818325],[-73.97554720480852,40.717490720736265],[-73.97651063960846,40.715422780840605],[-73.98035525727093,40.71653955473439],[-73.97989778790593,40.717430220740574],[-73.97944703510592,40.71718769677022]],[[-73.97728779351945,40.71677904033922],[-73.97701620574223,40.7166988158228],[-73.97690711231382,40.71691269036356],[-73.97717867124648,40.71699290612403],[-73.97728779351945,40.71677904033922]]]}},{"type":"Feature","properties":{"development_id":"nycha:tds:198","geometry_id":"nycha-polygon:198","name":"BARUCH HOUSES ADDITION","tds_id":"198","tds_raw":"198","borough":"MANHATTAN","borough_code":"MN","join_method":"tds","join_confidence":"high","geometry_quality":"official_source","source_id":"nycha_development_geometry","source_artifact_id":"nycha-geometry-open-data","source_dataset_id":"phvi-damg","source_url":"https://data.cityofnewyork.us/Housing-Development/NYCHA-Public-Housing-Developments/phvi-damg","geometry_vintage_note":"NYC Open Data NYCHA Public Housing Developments (current snapshot)"},"geometry":{"type":"Polygon","coordinates":[[[-73.97955187447893,40.71698486839226],[-73.97924895048982,40.717303806418336],[-73.97883096450734,40.71717659987268],[-73.97901745593073,40.71682210588476],[-73.97955187447893,40.71698486839226]]]}},{"type":"Feature","properties":{"development_id":"nycha:tds:165","geometry_id":"nycha-polygon:165","name":"BEACH 41ST STREET-BEACH CHANNEL DRIVE","tds_id":"165","tds_raw":"165","borough":"QUEENS","borough_code":"QN","join_method":"tds","join_confidence":"high","geometry_quality":"official_source","source_id":"nycha_development_geometry","source_artifact_id":"nycha-geometry-open-data","source_dataset_id":"phvi-damg","source_url":"https://data.cityofnewyork.us/Housing-Development/NYCHA-Public-Housing-Developments/phvi-damg","geometry_vintage_note":"NYC Open Data NYCHA Public Housing Developments (current snapshot)"},"geometry":{"type":"Polygon","coordinates":[[[-73.77371882554924,40.59824255996373],[-73.77319551359247,40.59807582086748],[-73.77302924632107,40.597869638785035],[-73.77197571886353,40.597919656704285],[-73.77110385088048,40.59829466548505],[-73.77107517430788,40.598040708799246],[-73.77126359463195,40.59806342782401],[-73.77086453293964,40.5961159135017],[-73.77223432217417,40.59595127750625],[-73.77249868466932,40.59721171394381],[-73.77270975281158,40.59718553097212],[-73.77275171384443,40.59705324480484],[-73.77246401163076,40.59593595621504],[-73.77434208012887,40.595863341726094],[-73.7747198827086,40.59912332780364],[-73.77422363324159,40.599014413369375],[-73.77381405647216,40.59874499657076],[-73.77371882554924,40.59824255996373]]]}},{"type":"Feature","properties":{"development_id":"nycha:tds:52","geometry_id":"nycha-polygon:52","name":"BERRY","tds_id":"52","tds_raw":"052","borough":"STATEN ISLAND","borough_code":"SI","join_method":"tds","join_confidence":"high","geometry_quality":"official_source","source_id":"nycha_development_geometry","source_artifact_id":"nycha-geometry-open-data","source_dataset_id":"phvi-damg","source_url":"https://data.cityofnewyork.us/Housing-Development/NYCHA-Public-Housing-Developments/phvi-damg","geometry_vintage_note":"NYC Open Data NYCHA Public Housing Developments (current snapshot)"},"geometry":{"type":"Polygon","coordinates":[[[-74.10158663878707,40.58560757450206],[-74.10376103727377,40.587081511177026],[-74.10205506959387,40.588578046593604],[-74.10036661744,40.58771075701474],[-74.10076846122067,40.58721095670906],[-74.10158663878707,40.58560757450206]]]}},{"type":"Feature","properties":{"development_id":"nycha:tds:54","geometry_id":"nycha-polygon:54","name":"BLAND","tds_id":"54","tds_raw":"054","borough":"QUEENS","borough_code":"QN","join_method":"tds","join_confidence":"high","geometry_quality":"official_source","source_id":"nycha_development_geometry","source_artifact_id":"nycha-geometry-open-data","source_dataset_id":"phvi-damg","source_url":"https://data.cityofnewyork.us/Housing-Development/NYCHA-Public-Housing-Developments/phvi-damg","geometry_vintage_note":"NYC Open Data NYCHA Public Housing Developments (current snapshot)"},"geometry":{"type":"Polygon","coordinates":[[[-73.83193766250874,40.75881129873442],[-73.83143443775516,40.758007003686124],[-73.83256185725251,40.75756515288477],[-73.83369504541152,40.756908495209714],[-73.83405847209356,40.75808993015879],[-73.83193766250874,40.75881129873442]]]}},{"type":"Feature","properties":{"development_id":"nycha:tds:243","geometry_id":"nycha-polygon:243","name":"BORINQUEN PLAZA I","tds_id":"243","tds_raw":"243","borough":"BROOKLYN","borough_code":"BK","join_method":"tds","join_confidence":"high","geometry_quality":"official_source","source_id":"nycha_development_geometry","source_artifact_id":"nycha-geometry-open-data","source_dataset_id":"phvi-damg","source_url":"https://data.cityofnewyork.us/Housing-Development/NYCHA-Public-Housing-Developments/phvi-damg","geometry_vintage_note":"NYC Open Data NYCHA Public Housing Developments (current snapshot)"},"geometry":{"type":"MultiPolygon","coordinates":[[[[-73.94301408986927,40.7030768858174],[-73.94408889433447,40.7029741638272],[-73.94418145726543,40.70354171134601],[-73.94310617887254,40.70364153251398],[-73.94301408986927,40.7030768858174]]],[[[-73.94321918644766,40.703785280289665],[-73.94420635626147,40.70369248801216],[-73.94429814961065,40.704244544406805],[-73.94321693607483,40.70434901577739],[-73.94321918644766,40.703785280289665]]],[[[-73.94136639936507,40.705966786578024],[-73.94116121847485,40.70469694781948],[-73.94215601022799,40.704603581786806],[-73.9422010073128,40.704886339859485],[-73.94238524754968,40.7049344475105],[-73.94244487888513,40.705865189454364],[-73.94136639936507,40.705966786578024]]]]}},{"type":"Feature","properties":{"development_id":"nycha:tds:271","geometry_id":"nycha-polygon:271","name":"BORINQUEN PLAZA II","tds_id":"271","tds_raw":"271","borough":"BROOKLYN","borough_code":"BK","join_method":"tds","join_confidence":"high","geometry_quality":"official_source","source_id":"nycha_development_geometry","source_artifact_id":"nycha-geometry-open-data","source_dataset_id":"phvi-damg","source_url":"https://data.cityofnewyork.us/Housing-Development/NYCHA-Public-Housing-Developments/phvi-damg","geometry_vintage_note":"NYC Open Data NYCHA Public Housing Developments (current snapshot)"},"geometry":{"type":"Polygon","coordinates":[[[-73.93951042562631,40.70485863811372],[-73.9409564846447,40.7047214161475],[-73.94116373749281,40.70597758386038],[-73.93971975596133,40.70611964795839],[-73.93951042562631,40.70485863811372]]]}},{"type":"Feature","properties":{"development_id":"nycha:tds:346","geometry_id":"nycha-polygon:346","name":"BOYNTON AVENUE REHAB","tds_id":"346","tds_raw":"346","borough":"BRONX","borough_code":"BX","join_method":"tds","join_confidence":"high","geometry_quality":"official_source","source_id":"nycha_development_geometry","source_artifact_id":"nycha-geometry-open-data","source_dataset_id":"phvi-damg","source_url":"https://data.cityofnewyork.us/Housing-Development/NYCHA-Public-Housing-Developments/phvi-damg","geometry_vintage_note":"NYC Open Data NYCHA Public Housing Developments (current snapshot)"},"geometry":{"type":"MultiPolygon","coordinates":[[[[-73.87696949050321,40.8253026077906],[-73.87733034454482,40.82525399441323],[-73.87742321765954,40.82565200988852],[-73.8770619864359,40.82570217110655],[-73.87696949050321,40.8253026077906]]],[[[-73.87763466583164,40.82563060723569],[-73.87799688233517,40.82557990406806],[-73.87809460365062,40.82600381427269],[-73.87773470813615,40.82605144321137],[-73.87763466583164,40.82563060723569]]]]}},{"type":"Feature","properties":{"development_id":"nycha:tds:264","geometry_id":"nycha-polygon:264","name":"BRACETTI PLAZA","tds_id":"264","tds_raw":"264","borough":"MANHATTAN","borough_code":"MN","join_method":"tds","join_confidence":"high","geometry_quality":"official_source","source_id":"nycha_development_geometry","source_artifact_id":"nycha-geometry-open-data","source_dataset_id":"phvi-damg","source_url":"https://data.cityofnewyork.us/Housing-Development/NYCHA-Public-Housing-Developments/phvi-damg","geometry_vintage_note":"NYC Open Data NYCHA Public Housing Developments (current snapshot)"},"geometry":{"type":"Polygon","coordinates":[[[-73.9806300784147,40.722393778632416],[-73.98080703228713,40.72215140282451],[-73.98051790019522,40.72202930641155],[-73.98068832455047,40.72179578978242],[-73.98151724500998,40.72214532261962],[-73.98125033240757,40.7226553235126],[-73.9806300784147,40.722393778632416]]]}},{"type":"Feature","properties":{"development_id":"nycha:tds:56","geometry_id":"nycha-polygon:56","name":"BREUKELEN","tds_id":"56","tds_raw":"056","borough":"BROOKLYN","borough_code":"BK","join_method":"tds","join_confidence":"high","geometry_quality":"official_source","source_id":"nycha_development_geometry","source_artifact_id":"nycha-geometry-open-data","source_dataset_id":"phvi-damg","source_url":"https://data.cityofnewyork.us/Housing-Development/NYCHA-Public-Housing-Developments/phvi-damg","geometry_vintage_note":"NYC Open Data NYCHA Public Housing Developments (current snapshot)"},"geometry":{"type":"MultiPolygon","coordinates":[[[[-73.89490502402897,40.64756617103671],[-73.8961717706946,40.64674805877889],[-73.89762109194302,40.64804965986092],[-73.89635172850993,40.64886656630903],[-73.89490502402897,40.64756617103671]]],[[[-73.89275423280066,40.648947778835435],[-73.89470234464821,40.64769114149538],[-73.89615841300079,40.64899988835519],[-73.89420925427987,40.650256030522385],[-73.89275423280066,40.648947778835435]]],[[[-73.89145658309694,40.65003671535403],[-73.89256431185345,40.64906832325877],[-73.89403007027288,40.650383248357784],[-73.89275651957087,40.65120580420778],[-73.89145658309694,40.65003671535403]]],[[[-73.89439108789229,40.650418940174134],[-73.89633637177364,40.64916390539566],[-73.89780989593432,40.65048460028065],[-73.89586392511596,40.6517418276296],[-73.89439108789229,40.650418940174134]]],[[[-73.89021336650038,40.65115232553533],[-73.89126820775893,40.65020379156281],[-73.89254213756328,40.651343966006486],[-73.89138006343131,40.652201086989216],[-73.89021336650038,40.65115232553533]]],[[[-73.89292841132348,40.65136334610044],[-73.89420610787775,40.65054173681819],[-73.897412877885,40.65342134642635],[-73.8952622532108,40.65434615704852],[-73.89331172063713,40.65171723938076],[-73.89292841132348,40.65136334610044]]],[[[-73.89362257956601,40.655057393089365],[-73.89156558035006,40.652367244615725],[-73.89271522456382,40.651500016273545],[-73.8944210066299,40.653640841725824],[-73.89372584096904,40.65394584714607],[-73.89431540309589,40.654736711758],[-73.89502337298539,40.654451811337985],[-73.89362257956601,40.655057393089365]]]]}},{"type":"Feature","properties":{"development_id":"nycha:tds:65","geometry_id":"nycha-polygon:65","name":"BREVOORT","tds_id":"65","tds_raw":"065","borough":"BROOKLYN","borough_code":"BK","join_method":"tds","join_confidence":"high","geometry_quality":"official_source","source_id":"nycha_development_geometry","source_artifact_id":"nycha-geometry-open-data","source_dataset_id":"phvi-damg","source_url":"https://data.cityofnewyork.us/Housing-Development/NYCHA-Public-Housing-Developments/phvi-damg","geometry_vintage_note":"NYC Open Data NYCHA Public Housing Developments (current snapshot)"},"geometry":{"type":"Polygon","coordinates":[[[-73.92218587268748,40.67909019738652],[-73.9251287983802,40.67919181088126],[-73.92557984249204,40.681458624978625],[-73.92272631174886,40.68177278590081],[-73.92218587268748,40.67909019738652]]]}},{"type":"Feature","properties":{"development_id":"nycha:tds:32","geometry_id":"nycha-polygon:32","name":"BRONX RIVER","tds_id":"32","tds_raw":"032","borough":"BRONX","borough_code":"BX","join_method":"tds","join_confidence":"high","geometry_quality":"official_source","source_id":"nycha_development_geometry","source_artifact_id":"nycha-geometry-open-data","source_dataset_id":"phvi-damg","source_url":"https://data.cityofnewyork.us/Housing-Development/NYCHA-Public-Housing-Developments/phvi-damg","geometry_vintage_note":"NYC Open Data NYCHA Public Housing Developments (current snapshot)"},"geometry":{"type":"Polygon","coordinates":[[[-73.87765767045218,40.83397517195057],[-73.8772297601641,40.834435087198564],[-73.87782382691458,40.834760648137774],[-73.87831460138263,40.83420186957958],[-73.87904165474498,40.83445276037689],[-73.87812448054856,40.83528837077269],[-73.87696632735238,40.83598343699977],[-73.87643032661143,40.83611144471658],[-73.87534284049968,40.83603200885949],[-73.87491452140684,40.83420791599146],[-73.87736770998086,40.83387510715798],[-73.87765767045218,40.83397517195057]]]}},{"type":"Feature","properties":{"development_id":"nycha:tds:157","geometry_id":"nycha-polygon:157","name":"BRONX RIVER ADDITION","tds_id":"157","tds_raw":"157","borough":"BRONX","borough_code":"BX","join_method":"tds","join_confidence":"high","geometry_quality":"official_source","source_id":"nycha_development_geometry","source_artifact_id":"nycha-geometry-open-data","source_dataset_id":"phvi-damg","source_url":"https://data.cityofnewyork.us/Housing-Development/NYCHA-Public-Housing-Developments/phvi-damg","geometry_vintage_note":"NYC Open Data NYCHA Public Housing Developments (current snapshot)"},"geometry":{"type":"MultiPolygon","coordinates":[[[[-73.87685241112571,40.83297113725181],[-73.87721462204712,40.83292231138549],[-73.8773886305318,40.83367209657976],[-73.87667089264544,40.833769269144334],[-73.87657482855683,40.833357004364096],[-73.87693082300562,40.83330901740124],[-73.87685241112571,40.83297113725181]]],[[[-73.87476169654575,40.83374141706107],[-73.87547340970481,40.833644703719465],[-73.87553454510758,40.83390633201992],[-73.87482132456924,40.833996189532996],[-73.87476169654575,40.83374141706107]]]]}},{"type":"Feature","properties":{"development_id":"nycha:tds:325","geometry_id":"nycha-polygon:325","name":"BROWN","tds_id":"325","tds_raw":"325","borough":"BROOKLYN","borough_code":"BK","join_method":"tds","join_confidence":"high","geometry_quality":"official_source","source_id":"nycha_development_geometry","source_artifact_id":"nycha-geometry-open-data","source_dataset_id":"phvi-damg","source_url":"https://data.cityofnewyork.us/Housing-Development/NYCHA-Public-Housing-Developments/phvi-damg","geometry_vintage_note":"NYC Open Data NYCHA Public Housing Developments (current snapshot)"},"geometry":{"type":"Polygon","coordinates":[[[-73.91176777948557,40.67301626651679],[-73.91326567146464,40.67239997149743],[-73.91394062728759,40.67243822977418],[-73.9138747214602,40.67313115960128],[-73.91176777948557,40.67301626651679]]]}},{"type":"Feature","properties":{"development_id":"nycha:tds:16","geometry_id":"nycha-polygon:16","name":"BROWNSVILLE","tds_id":"16","tds_raw":"016","borough":"BROOKLYN","borough_code":"BK","join_method":"tds","join_confidence":"high","geometry_quality":"official_source","source_id":"nycha_development_geometry","source_artifact_id":"nycha-geometry-open-data","source_dataset_id":"phvi-damg","source_url":"https://data.cityofnewyork.us/Housing-Development/NYCHA-Public-Housing-Developments/phvi-damg","geometry_vintage_note":"NYC Open Data NYCHA Public Housing Developments (current snapshot)"},"geometry":{"type":"MultiPolygon","coordinates":[[[[-73.90612625054074,40.66606613624717],[-73.90578636016258,40.66474629292604],[-73.90917137445462,40.66423787685792],[-73.90937243863446,40.665031521933514],[-73.9087295316596,40.66512735719717],[-73.90886495862023,40.66566192735695],[-73.90612625054074,40.66606613624717]]],[[[-73.90831016376933,40.66730182466299],[-73.90820012360794,40.66654170299007],[-73.90713800888219,40.66663271580113],[-73.90717900500727,40.666791340610864],[-73.90634767786054,40.666916637361524],[-73.90617572395034,40.66625371454201],[-73.9095550946052,40.66575083879688],[-73.90989140980327,40.66707019158952],[-73.90831016376933,40.66730182466299]]]]}},{"type":"Feature","properties":{"development_id":"nycha:tds:235","geometry_id":"nycha-polygon:235","name":"BRYANT AVENUE-EAST 174TH STREET","tds_id":"235","tds_raw":"235","borough":"BRONX","borough_code":"BX","join_method":"tds","join_confidence":"high","geometry_quality":"official_source","source_id":"nycha_development_geometry","source_artifact_id":"nycha-geometry-open-data","source_dataset_id":"phvi-damg","source_url":"https://data.cityofnewyork.us/Housing-Development/NYCHA-Public-Housing-Developments/phvi-damg","geometry_vintage_note":"NYC Open Data NYCHA Public Housing Developments (current snapshot)"},"geometry":{"type":"Polygon","coordinates":[[[-73.88540603768128,40.83615462103638],[-73.8857398417944,40.83559587111747],[-73.88608027385321,40.835713611668986],[-73.88574647200826,40.83627236256201],[-73.88540603768128,40.83615462103638]]]}},{"type":"Feature","properties":{"development_id":"nycha:tds:86","geometry_id":"nycha-polygon:86","name":"BUSHWICK","tds_id":"86","tds_raw":"086","borough":"BROOKLYN","borough_code":"BK","join_method":"tds","join_confidence":"high","geometry_quality":"official_source","source_id":"nycha_development_geometry","source_artifact_id":"nycha-geometry-open-data","source_dataset_id":"phvi-damg","source_url":"https://data.cityofnewyork.us/Housing-Development/NYCHA-Public-Housing-Developments/phvi-damg","geometry_vintage_note":"NYC Open Data NYCHA Public Housing Developments (current snapshot)"},"geometry":{"type":"Polygon","coordinates":[[[-73.93894825365543,40.70151344376101],[-73.93903721332788,40.70205965960436],[-73.93926093294836,40.70203814307696],[-73.93928519360392,40.70218709967054],[-73.93962150491909,40.70216705288092],[-73.939676042486,40.70199821655508],[-73.93989334672769,40.70197731588886],[-73.93978799554165,40.70133050222385],[-73.9403174752804,40.70121591046402],[-73.94074033848763,40.70381190252286],[-73.93863598743098,40.70394799917569],[-73.93781056362555,40.7033460826651],[-73.93717200841544,40.70198137914765],[-73.93894825365543,40.70151344376101]]]}},{"type":"Feature","properties":{"development_id":"nycha:tds:113","geometry_id":"nycha-polygon:113","name":"BUTLER","tds_id":"113","tds_raw":"113","borough":"BRONX","borough_code":"BX","join_method":"tds","join_confidence":"high","geometry_quality":"official_source","source_id":"nycha_development_geometry","source_artifact_id":"nycha-geometry-open-data","source_dataset_id":"phvi-damg","source_url":"https://data.cityofnewyork.us/Housing-Development/NYCHA-Public-Housing-Developments/phvi-damg","geometry_vintage_note":"NYC Open Data NYCHA Public Housing Developments (current snapshot)"},"geometry":{"type":"MultiPolygon","coordinates":[[[[-73.90729757027097,40.8360911327399],[-73.90615434922725,40.83577890998887],[-73.90739954205688,40.833570663844895],[-73.90846738534832,40.83400588159812],[-73.90729757027097,40.8360911327399]]],[[[-73.90587658014174,40.838357861115426],[-73.9048397390239,40.83808509084952],[-73.90606757729662,40.83590001347794],[-73.9072046108223,40.836266748929106],[-73.90587658014174,40.838357861115426]]]]}},{"type":"Feature","properties":{"development_id":"nycha:tds:166","geometry_id":"nycha-polygon:166","name":"CAREY GARDENS","tds_id":"166","tds_raw":"166","borough":"BROOKLYN","borough_code":"BK","join_method":"tds","join_confidence":"high","geometry_quality":"official_source","source_id":"nycha_development_geometry","source_artifact_id":"nycha-geometry-open-data","source_dataset_id":"phvi-damg","source_url":"https://data.cityofnewyork.us/Housing-Development/NYCHA-Public-Housing-Developments/phvi-damg","geometry_vintage_note":"NYC Open Data NYCHA Public Housing Developments (current snapshot)"},"geometry":{"type":"MultiPolygon","coordinates":[[[[-73.98981588682035,40.57411308814945],[-73.99064036437608,40.57387733073202],[-73.99096290180799,40.57556741576089],[-73.99011114623507,40.57566248509694],[-73.98981588682035,40.57411308814945]]],[[[-73.98907704123694,40.575883451241644],[-73.98879126786149,40.574398881346085],[-73.98962096134771,40.57415907039391],[-73.98990974209319,40.57569300886687],[-73.98926780873694,40.575751094846275],[-73.98928872009702,40.57585972344604],[-73.98907704123694,40.575883451241644]]],[[[-73.99067720855204,40.57637428793483],[-73.99110788107154,40.57632635384975],[-73.99137965368871,40.57775655922858],[-73.99052392250813,40.57785180150894],[-73.99036018730968,40.57699208805201],[-73.99078560244014,40.57694474097719],[-73.99067720855204,40.57637428793483]]]]}},{"type":"Feature","properties":{"development_id":"nycha:tds:164","geometry_id":"nycha-polygon:164","name":"CARLETON MANOR","tds_id":"164","tds_raw":"164","borough":"QUEENS","borough_code":"QN","join_method":"tds","join_confidence":"high","geometry_quality":"official_source","source_id":"nycha_development_geometry","source_artifact_id":"nycha-geometry-open-data","source_dataset_id":"phvi-damg","source_url":"https://data.cityofnewyork.us/Housing-Development/NYCHA-Public-Housing-Developments/phvi-damg","geometry_vintage_note":"NYC Open Data NYCHA Public Housing Developments (current snapshot)"},"geometry":{"type":"Polygon","coordinates":[[[-73.79943581281108,40.59196950117889],[-73.79933790845037,40.59089790406781],[-73.79898953822534,40.59092083041643],[-73.79897832752724,40.59079888416311],[-73.800944588796,40.590565652685804],[-73.79991555917024,40.59197488608484],[-73.79943581281108,40.59196950117889]]]}},{"type":"Feature","properties":{"development_id":"nycha:tds:58","geometry_id":"nycha-polygon:58","name":"CARVER","tds_id":"58","tds_raw":"058","borough":"MANHATTAN","borough_code":"MN","join_method":"tds","join_confidence":"high","geometry_quality":"official_source","source_id":"nycha_development_geometry","source_artifact_id":"nycha-geometry-open-data","source_dataset_id":"phvi-damg","source_url":"https://data.cityofnewyork.us/Housing-Development/NYCHA-Public-Housing-Developments/phvi-damg","geometry_vintage_note":"NYC Open Data NYCHA Public Housing Developments (current snapshot)"},"geometry":{"type":"MultiPolygon","coordinates":[[[[-73.95006547957097,40.79036257511395],[-73.95040279770349,40.78990103945541],[-73.95050724515606,40.789943922075174],[-73.95061150464281,40.789799551694585],[-73.95050802149201,40.7897570658025],[-73.95086069458327,40.78927450956196],[-73.95096295249128,40.78931649304039],[-73.95106723961887,40.789172133952455],[-73.95096591757678,40.78913053457708],[-73.95127935892938,40.788701649978194],[-73.95251662292465,40.78922204802472],[-73.95130276494456,40.79088298695772],[-73.95006547957097,40.79036257511395]]],[[[-73.94913061278655,40.79162329305571],[-73.9494666416637,40.79116174434428],[-73.9495652727689,40.79120328531372],[-73.94966992323883,40.79105954183031],[-73.94957129228092,40.79101800094978],[-73.94991056008742,40.79055199214078],[-73.95118086910236,40.791086995125696],[-73.95040263798353,40.79215596668036],[-73.94913061278655,40.79162329305571]]],[[[-73.94820409449872,40.79291322276665],[-73.9485672268984,40.79241493771963],[-73.94867330490602,40.79245962371181],[-73.94876831977189,40.79232909162566],[-73.94866232719093,40.792284440877495],[-73.94899657131519,40.791825784293565],[-73.9494328151634,40.79200955613933],[-73.9489571138891,40.792662846800546],[-73.94944706624625,40.79286974197299],[-73.94992304529134,40.792216064918854],[-73.95025149770747,40.79235442406227],[-73.94945903509723,40.79344187017317],[-73.94820409449872,40.79291322276665]]]]}},{"type":"Feature","properties":{"development_id":"nycha:tds:206","geometry_id":"nycha-polygon:206","name":"CASSIDY-LAFAYETTE","tds_id":"206","tds_raw":"206","borough":"STATEN ISLAND","borough_code":"SI","join_method":"tds","join_confidence":"high","geometry_quality":"official_source","source_id":"nycha_development_geometry","source_artifact_id":"nycha-geometry-open-data","source_dataset_id":"phvi-damg","source_url":"https://data.cityofnewyork.us/Housing-Development/NYCHA-Public-Housing-Developments/phvi-damg","geometry_vintage_note":"NYC Open Data NYCHA Public Housing Developments (current snapshot)"},"geometry":{"type":"Polygon","coordinates":[[[-74.09554385598113,40.64296959646099],[-74.09527287716384,40.64208076157403],[-74.09798900117462,40.64186585051091],[-74.09802666609613,40.64211481458518],[-74.09755074147886,40.64213226611547],[-74.09749492603011,40.64254689071607],[-74.09810126854632,40.64260791741709],[-74.0975264531236,40.64261983482451],[-74.09759075392317,40.64287185980391],[-74.09554385598113,40.64296959646099]]]}},{"type":"Feature","properties":{"development_id":"nycha:tds:80","geometry_id":"nycha-polygon:80","name":"CASTLE HILL","tds_id":"80","tds_raw":"080","borough":"BRONX","borough_code":"BX","join_method":"tds","join_confidence":"high","geometry_quality":"official_source","source_id":"nycha_development_geometry","source_artifact_id":"nycha-geometry-open-data","source_dataset_id":"phvi-damg","source_url":"https://data.cityofnewyork.us/Housing-Development/NYCHA-Public-Housing-Developments/phvi-damg","geometry_vintage_note":"NYC Open Data NYCHA Public Housing Developments (current snapshot)"},"geometry":{"type":"MultiPolygon","coordinates":[[[[-73.84775447989664,40.81700118905078],[-73.85046686416189,40.81663512649252],[-73.85089372502296,40.81845162430302],[-73.84817674275814,40.81881801050991],[-73.84775447989664,40.81700118905078]]],[[[-73.8446453532485,40.81741657575465],[-73.84738239422599,40.817048322685366],[-73.84780840883562,40.81888045441774],[-73.84507305366489,40.819248311025405],[-73.8446453532485,40.81741657575465]]],[[[-73.84514744362542,40.819565974185416],[-73.8473004389752,40.819276352132704],[-73.84740306772787,40.8197179344804],[-73.84723186020068,40.819740967630906],[-73.8473814555361,40.820384565870505],[-73.84540298675036,40.82065352931083],[-73.84514744362542,40.819565974185416]]],[[[-73.84867739817584,40.82099173866893],[-73.848246017841,40.819149819863284],[-73.84922408877394,40.81901922236726],[-73.84939574736671,40.81975214113988],[-73.84964707305637,40.81971858070135],[-73.84998447614981,40.8193068840024],[-73.84989608198255,40.81892948924279],[-73.85097973764435,40.818784776490844],[-73.8514069796682,40.82062616106545],[-73.84867739817584,40.82099173866893]]]]}},{"type":"Feature","properties":{"development_id":"nycha:tds:134","geometry_id":"nycha-polygon:134","name":"CHELSEA","tds_id":"134","tds_raw":"134","borough":"MANHATTAN","borough_code":"MN","join_method":"tds","join_confidence":"high","geometry_quality":"official_source","source_id":"nycha_development_geometry","source_artifact_id":"nycha-geometry-open-data","source_dataset_id":"phvi-damg","source_url":"https://data.cityofnewyork.us/Housing-Development/NYCHA-Public-Housing-Developments/phvi-damg","geometry_vintage_note":"NYC Open Data NYCHA Public Housing Developments (current snapshot)"},"geometry":{"type":"Polygon","coordinates":[[[-74.00045799698991,40.748534019490755],[-74.0008167834272,40.74804310655682],[-74.00192416999113,40.7485082876743],[-74.00174981016133,40.748750586041325],[-74.00190487238437,40.748815725293845],[-74.00172467670342,40.74906613456688],[-74.00045799698991,40.748534019490755]]]}},{"type":"Feature","properties":{"development_id":"nycha:tds:176","geometry_id":"nycha-polygon:176","name":"CHELSEA ADDITION","tds_id":"176","tds_raw":"176","borough":"MANHATTAN","borough_code":"MN","join_method":"tds","join_confidence":"high","geometry_quality":"official_source","source_id":"nycha_development_geometry","source_artifact_id":"nycha-geometry-open-data","source_dataset_id":"phvi-damg","source_url":"https://data.cityofnewyork.us/Housing-Development/NYCHA-Public-Housing-Developments/phvi-damg","geometry_vintage_note":"NYC Open Data NYCHA Public Housing Developments (current snapshot)"},"geometry":{"type":"Polygon","coordinates":[[[-74.0009000471139,40.74969930417233],[-74.00112076290107,40.74939616129068],[-74.0015176828353,40.749384746432504],[-74.00164836565703,40.74920525666945],[-74.0018977215847,40.74931040132199],[-74.00170187717089,40.749579389138134],[-74.00185810027928,40.750103285799185],[-74.0009000471139,40.74969930417233]]]}},{"type":"Feature","properties":{"development_id":"nycha:tds:307","geometry_id":"nycha-polygon:307","name":"CLAREMONT REHAB (GROUP 2)","tds_id":"307","tds_raw":"307","borough":"BRONX","borough_code":"BX","join_method":"tds","join_confidence":"high","geometry_quality":"official_source","source_id":"nycha_development_geometry","source_artifact_id":"nycha-geometry-open-data","source_dataset_id":"phvi-damg","source_url":"https://data.cityofnewyork.us/Housing-Development/NYCHA-Public-Housing-Developments/phvi-damg","geometry_vintage_note":"NYC Open Data NYCHA Public Housing Developments (current snapshot)"},"geometry":{"type":"MultiPolygon","coordinates":[[[[-73.91183813892494,40.83034385896891],[-73.91205177069749,40.829963951883],[-73.91238702458293,40.83007150016865],[-73.91216699401535,40.83044934536293],[-73.91183813892494,40.83034385896891]]],[[[-73.91066486550538,40.8325787563937],[-73.91077193878485,40.83238925000006],[-73.910990237691,40.83246223270205],[-73.91088316491623,40.832651739296054],[-73.91066486550538,40.8325787563937]]],[[[-73.9098525984011,40.83294097062221],[-73.9099668324447,40.832737929841805],[-73.91023246521446,40.83282457630227],[-73.91011823064625,40.833027618242625],[-73.9098525984011,40.83294097062221]]],[[[-73.91000368281627,40.833231218125555],[-73.90979502059376,40.83304331005746],[-73.91006065436045,40.83312995600882],[-73.91000368281627,40.833231218125555]]],[[[-73.90922616758827,40.83405437141398],[-73.90928033382897,40.83395810073009],[-73.90954597057771,40.834044747853525],[-73.90949180583516,40.834141019562125],[-73.90922616758827,40.83405437141398]]]]}},{"type":"Feature","properties":{"development_id":"nycha:tds:308","geometry_id":"nycha-polygon:308","name":"CLAREMONT REHAB (GROUP 3)","tds_id":"308","tds_raw":"308","borough":"BRONX","borough_code":"BX","join_method":"tds","join_confidence":"high","geometry_quality":"official_source","source_id":"nycha_development_geometry","source_artifact_id":"nycha-geometry-open-data","source_dataset_id":"phvi-damg","source_url":"https://data.cityofnewyork.us/Housing-Development/NYCHA-Public-Housing-Developments/phvi-damg","geometry_vintage_note":"NYC Open Data NYCHA Public Housing Developments (current snapshot)"},"geometry":{"type":"MultiPolygon","coordinates":[[[[-73.91315254863972,40.828731961215205],[-73.91322657382567,40.82860031408381],[-73.91358787021862,40.8287155165015],[-73.91351047187509,40.82884608794151],[-73.91315254863972,40.828731961215205]]],[[[-73.91300643071132,40.828991816892845],[-73.9130801653508,40.82886068652592],[-73.91343478887497,40.82897376192016],[-73.91335769171776,40.82910382109685],[-73.91300643071132,40.828991816892845]]],[[[-73.9128613644606,40.8292498001395],[-73.91293546447615,40.82911801908816],[-73.91328349210237,40.8292289918079],[-73.91320601296152,40.82935969534539],[-73.9128613644606,40.8292498001395]]],[[[-73.91288011553374,40.83028759724407],[-73.91310843999322,40.829900838427264],[-73.91344086673094,40.83001010236558],[-73.91321076273098,40.830396276972344],[-73.91288011553374,40.83028759724407]]],[[[-73.91270860726758,40.83057811046367],[-73.91276640381466,40.83048021274504],[-73.91309616300909,40.83058860126599],[-73.9130379177264,40.830686351128634],[-73.91270860726758,40.83057811046367]]]]}},{"type":"Feature","properties":{"development_id":"nycha:tds:335","geometry_id":"nycha-polygon:335","name":"CLAREMONT REHAB (GROUP 4)","tds_id":"335","tds_raw":"335","borough":"BRONX","borough_code":"BX","join_method":"tds","join_confidence":"high","geometry_quality":"official_source","source_id":"nycha_development_geometry","source_artifact_id":"nycha-geometry-open-data","source_dataset_id":"phvi-damg","source_url":"https://data.cityofnewyork.us/Housing-Development/NYCHA-Public-Housing-Developments/phvi-damg","geometry_vintage_note":"NYC Open Data NYCHA Public Housing Developments (current snapshot)"},"geometry":{"type":"MultiPolygon","coordinates":[[[[-73.91358787021862,40.8287155165015],[-73.91328210707562,40.82850155530038],[-73.9136459354045,40.82861756448499],[-73.91358787021862,40.8287155165015]]],[[[-73.91293546447615,40.82911801908816],[-73.91300643071132,40.828991816892845],[-73.91335769171776,40.82910382109685],[-73.91328349210237,40.8292289918079],[-73.91293546447615,40.82911801908816]]],[[[-73.91310843999322,40.829900838427264],[-73.91316815066673,40.829799694753135],[-73.91350256706625,40.82990655479139],[-73.91344086673094,40.83001010236558],[-73.91310843999322,40.829900838427264]]],[[[-73.91321076273098,40.830396276972344],[-73.91326780154964,40.830300551324385],[-73.91363237527823,40.830417046437],[-73.91357367469325,40.830515561652],[-73.91321076273098,40.830396276972344]]],[[[-73.91292527864742,40.83087538361167],[-73.91315523863042,40.830489458031444],[-73.91351815218783,40.830608741984705],[-73.91328819508226,40.830994669182],[-73.91292527864742,40.83087538361167]]],[[[-73.9099668324447,40.832737929841805],[-73.91002278513704,40.8326384769348],[-73.91028841758283,40.83272512326814],[-73.91023246521446,40.83282457630227],[-73.9099668324447,40.832737929841805]]],[[[-73.90979502059376,40.83304331005746],[-73.9098525984011,40.83294097062221],[-73.91011823064625,40.833027618242625],[-73.91006065436045,40.83312995600882],[-73.90979502059376,40.83304331005746]]],[[[-73.90973615195468,40.833147941111775],[-73.91000368281627,40.833231218125555],[-73.90988935652831,40.83343442094316],[-73.90962372176914,40.83334777460169],[-73.90973615195468,40.833147941111775]]]]}},{"type":"Feature","properties":{"development_id":"nycha:tds:336","geometry_id":"nycha-polygon:336","name":"CLAREMONT REHAB (GROUP 5)","tds_id":"336","tds_raw":"336","borough":"BRONX","borough_code":"BX","join_method":"tds","join_confidence":"high","geometry_quality":"official_source","source_id":"nycha_development_geometry","source_artifact_id":"nycha-geometry-open-data","source_dataset_id":"phvi-damg","source_url":"https://data.cityofnewyork.us/Housing-Development/NYCHA-Public-Housing-Developments/phvi-damg","geometry_vintage_note":"NYC Open Data NYCHA Public Housing Developments (current snapshot)"},"geometry":{"type":"MultiPolygon","coordinates":[[[[-73.91392395029798,40.830264459410735],[-73.9139792029397,40.83017027822666],[-73.91430481883849,40.83027520950908],[-73.91424956657033,40.83036939084738],[-73.91392395029798,40.830264459410735]]],[[[-73.91370070321852,40.83064499669191],[-73.91386759251266,40.830360524477804],[-73.91419321153852,40.830465455173346],[-73.91402632100109,40.83074992875227],[-73.91370070321852,40.83064499669191]]],[[[-73.91342880820285,40.8311084506129],[-73.91364416418777,40.830741368577364],[-73.91396978353829,40.83084630079652],[-73.91373237170092,40.83125097881178],[-73.91409427074832,40.831367601012104],[-73.91372721360284,40.83199779503342],[-73.91342880820285,40.8311084506129]]]]}},{"type":"Feature","properties":{"development_id":"nycha:tds:11","geometry_id":"nycha-polygon:11","name":"CLASON POINT GARDENS","tds_id":"11","tds_raw":"011","borough":"BRONX","borough_code":"BX","join_method":"tds","join_confidence":"high","geometry_quality":"official_source","source_id":"nycha_development_geometry","source_artifact_id":"nycha-geometry-open-data","source_dataset_id":"phvi-damg","source_url":"https://data.cityofnewyork.us/Housing-Development/NYCHA-Public-Housing-Developments/phvi-damg","geometry_vintage_note":"NYC Open Data NYCHA Public Housing Developments (current snapshot)"},"geometry":{"type":"MultiPolygon","coordinates":[[[[-73.86893955397493,40.81849465230615],[-73.86987023545016,40.81836922073231],[-73.87030956827685,40.82026318787354],[-73.8686662305878,40.820484741196665],[-73.86854141762157,40.81994852666195],[-73.86924570921718,40.81985321198155],[-73.86893955397493,40.81849465230615]]],[[[-73.86781299140839,40.8208745000419],[-73.87036306308627,40.820532301277396],[-73.87080652741616,40.82246811475139],[-73.86826369797332,40.82281201369702],[-73.86781299140839,40.8208745000419]]]]}},{"type":"Feature","properties":{"development_id":"nycha:tds:123","geometry_id":"nycha-polygon:123","name":"CLINTON","tds_id":"123","tds_raw":"123","borough":"MANHATTAN","borough_code":"MN","join_method":"tds","join_confidence":"high","geometry_quality":"official_source","source_id":"nycha_development_geometry","source_artifact_id":"nycha-geometry-open-data","source_dataset_id":"phvi-damg","source_url":"https://data.cityofnewyork.us/Housing-Development/NYCHA-Public-Housing-Developments/phvi-damg","geometry_vintage_note":"NYC Open Data NYCHA Public Housing Developments (current snapshot)"},"geometry":{"type":"MultiPolygon","coordinates":[[[[-73.94742911674923,40.79176285452558],[-73.94779182708018,40.79126430599191],[-73.94857372829097,40.791594227208385],[-73.94821075514048,40.79209314456063],[-73.94742911674923,40.79176285452558]]],[[[-73.94731197809787,40.792208814414415],[-73.94749258596268,40.79196056402448],[-73.94811566118088,40.79222385175423],[-73.94775531084825,40.79271915149693],[-73.94754574010749,40.79263059565871],[-73.94772547524707,40.79238354398935],[-73.94731197809787,40.792208814414415]]],[[[-73.94503249857212,40.79416262976765],[-73.9453916815491,40.79366863750527],[-73.94666404640311,40.79420738212503],[-73.94630442585911,40.79469961672566],[-73.94503249857212,40.79416262976765]]],[[[-73.94460484900407,40.794750774897274],[-73.94493682238407,40.79429421561238],[-73.94620839961831,40.79483105396784],[-73.9458827305755,40.79527680662979],[-73.94460484900407,40.794750774897274]]]]}},{"type":"Feature","properties":{"development_id":"nycha:tds:236","geometry_id":"nycha-polygon:236","name":"COLLEGE AVENUE-EAST 165TH STREET","tds_id":"236","tds_raw":"236","borough":"BRONX","borough_code":"BX","join_method":"tds","join_confidence":"high","geometry_quality":"official_source","source_id":"nycha_development_geometry","source_artifact_id":"nycha-geometry-open-data","source_dataset_id":"phvi-damg","source_url":"https://data.cityofnewyork.us/Housing-Development/NYCHA-Public-Housing-Developments/phvi-damg","geometry_vintage_note":"NYC Open Data NYCHA Public Housing Developments (current snapshot)"},"geometry":{"type":"Polygon","coordinates":[[[-73.9147732771866,40.8295103194414],[-73.91511709654431,40.8289122686357],[-73.91544128452804,40.82901607006461],[-73.91509999939042,40.82961724840879],[-73.9147732771866,40.8295103194414]]]}},{"type":"Feature","properties":{"development_id":"nycha:tds:94","geometry_id":"nycha-polygon:94","name":"CONEY ISLAND","tds_id":"94","tds_raw":"094","borough":"BROOKLYN","borough_code":"BK","join_method":"tds","join_confidence":"high","geometry_quality":"official_source","source_id":"nycha_development_geometry","source_artifact_id":"nycha-geometry-open-data","source_dataset_id":"phvi-damg","source_url":"https://data.cityofnewyork.us/Housing-Development/NYCHA-Public-Housing-Developments/phvi-damg","geometry_vintage_note":"NYC Open Data NYCHA Public Housing Developments (current snapshot)"},"geometry":{"type":"Polygon","coordinates":[[[-73.99511484462197,40.57161058975823],[-73.99534208316274,40.57179120842277],[-73.99589990055783,40.57180983362551],[-73.99591567249789,40.571977025592744],[-73.99675474272976,40.57192745146399],[-73.99674628678292,40.57183782650957],[-73.99738409740621,40.571770350282776],[-73.99737069100307,40.57162825348913],[-73.99779864301001,40.571677043007625],[-73.99765976762293,40.57177669862461],[-73.99789502813064,40.57261273762537],[-73.99505772116632,40.572728988466125],[-73.99495362875655,40.57174457545582],[-73.99476804317048,40.571640218858136],[-73.99511484462197,40.57161058975823]]]}},{"type":"Feature","properties":{"development_id":"nycha:tds:239","geometry_id":"nycha-polygon:239","name":"CONEY ISLAND I (SITE 1B)","tds_id":"239","tds_raw":"239","borough":"BROOKLYN","borough_code":"BK","join_method":"tds","join_confidence":"high","geometry_quality":"official_source","source_id":"nycha_development_geometry","source_artifact_id":"nycha-geometry-open-data","source_dataset_id":"phvi-damg","source_url":"https://data.cityofnewyork.us/Housing-Development/NYCHA-Public-Housing-Developments/phvi-damg","geometry_vintage_note":"NYC Open Data NYCHA Public Housing Developments (current snapshot)"},"geometry":{"type":"Polygon","coordinates":[[[-73.98779031082287,40.57595760594505],[-73.9869258068953,40.57600024339315],[-73.98673706763496,40.57500913526502],[-73.98756101724852,40.574770842414566],[-73.98779031082287,40.57595760594505]]]}},{"type":"Feature","properties":{"development_id":"nycha:tds:238","geometry_id":"nycha-polygon:238","name":"CONEY ISLAND I (SITE 8)","tds_id":"238","tds_raw":"238","borough":"BROOKLYN","borough_code":"BK","join_method":"tds","join_confidence":"high","geometry_quality":"official_source","source_id":"nycha_development_geometry","source_artifact_id":"nycha-geometry-open-data","source_dataset_id":"phvi-damg","source_url":"https://data.cityofnewyork.us/Housing-Development/NYCHA-Public-Housing-Developments/phvi-damg","geometry_vintage_note":"NYC Open Data NYCHA Public Housing Developments (current snapshot)"},"geometry":{"type":"Polygon","coordinates":[[[-74.0014583726836,40.573806869304875],[-74.00061066496419,40.57401377694066],[-74.00043474411294,40.573085046102705],[-74.00134767229589,40.57322561990637],[-74.0014583726836,40.573806869304875]]]}},{"type":"Feature","properties":{"development_id":"nycha:tds:216","geometry_id":"nycha-polygon:216","name":"CONEY ISLAND I (SITES 4 & 5)","tds_id":"216","tds_raw":"216","borough":"BROOKLYN","borough_code":"BK","join_method":"tds","join_confidence":"high","geometry_quality":"official_source","source_id":"nycha_development_geometry","source_artifact_id":"nycha-geometry-open-data","source_dataset_id":"phvi-damg","source_url":"https://data.cityofnewyork.us/Housing-Development/NYCHA-Public-Housing-Developments/phvi-damg","geometry_vintage_note":"NYC Open Data NYCHA Public Housing Developments (current snapshot)"},"geometry":{"type":"Polygon","coordinates":[[[-73.99208019144454,40.57463250265881],[-73.99291220418154,40.57445545896962],[-73.99289030427241,40.574340540791574],[-73.99391437084732,40.57405628782403],[-73.99413554902468,40.57520400329734],[-73.99222925782558,40.57541511896576],[-73.99208019144454,40.57463250265881]]]}},{"type":"Feature","properties":{"development_id":"nycha:tds:232","geometry_id":"nycha-polygon:232","name":"CONLON LIHFE TOWER","tds_id":"232","tds_raw":"232","borough":"QUEENS","borough_code":"QN","join_method":"tds","join_confidence":"high","geometry_quality":"official_source","source_id":"nycha_development_geometry","source_artifact_id":"nycha-geometry-open-data","source_dataset_id":"phvi-damg","source_url":"https://data.cityofnewyork.us/Housing-Development/NYCHA-Public-Housing-Developments/phvi-damg","geometry_vintage_note":"NYC Open Data NYCHA Public Housing Developments (current snapshot)"},"geometry":{"type":"Polygon","coordinates":[[[-73.78762945320264,40.70630766570403],[-73.78889327717248,40.70584235806473],[-73.78909900554783,40.706333698114165],[-73.78773529215302,40.70656131688816],[-73.78762945320264,40.70630766570403]]]}},{"type":"Feature","properties":{"development_id":"nycha:tds:69","geometry_id":"nycha-polygon:69","name":"COOPER PARK","tds_id":"69","tds_raw":"069","borough":"BROOKLYN","borough_code":"BK","join_method":"tds","join_confidence":"high","geometry_quality":"official_source","source_id":"nycha_development_geometry","source_artifact_id":"nycha-geometry-open-data","source_dataset_id":"phvi-damg","source_url":"https://data.cityofnewyork.us/Housing-Development/NYCHA-Public-Housing-Developments/phvi-damg","geometry_vintage_note":"NYC Open Data NYCHA Public Housing Developments (current snapshot)"},"geometry":{"type":"Polygon","coordinates":[[[-73.93663999651291,40.71706477899339],[-73.93785360635937,40.716715735426476],[-73.93835588660161,40.7178143830613],[-73.94011055903377,40.717253030622025],[-73.94033226895786,40.7186207748641],[-73.93764249883168,40.719314698994275],[-73.93663999651291,40.71706477899339]]]}},{"type":"Feature","properties":{"development_id":"nycha:tds:70","geometry_id":"nycha-polygon:70","name":"CYPRESS HILLS","tds_id":"70","tds_raw":"070","borough":"BROOKLYN","borough_code":"BK","join_method":"tds","join_confidence":"high","geometry_quality":"official_source","source_id":"nycha_development_geometry","source_artifact_id":"nycha-geometry-open-data","source_dataset_id":"phvi-damg","source_url":"https://data.cityofnewyork.us/Housing-Development/NYCHA-Public-Housing-Developments/phvi-damg","geometry_vintage_note":"NYC Open Data NYCHA Public Housing Developments (current snapshot)"},"geometry":{"type":"Polygon","coordinates":[[[-73.87107027198422,40.671216282093525],[-73.8726203039367,40.67099312009633],[-73.87229209815041,40.66967110711446],[-73.87074209463853,40.66989426562429],[-73.87029862889266,40.66810773787738],[-73.87187233680955,40.66697073861307],[-73.87372695595504,40.66946450778059],[-73.8744247867999,40.672292652223504],[-73.87144402102807,40.67272182038758],[-73.87107027198422,40.671216282093525]]]}},{"type":"Feature","properties":{"development_id":"nycha:tds:155","geometry_id":"nycha-polygon:155","name":"DE HOSTOS APARTMENTS","tds_id":"155","tds_raw":"155","borough":"MANHATTAN","borough_code":"MN","join_method":"tds","join_confidence":"high","geometry_quality":"official_source","source_id":"nycha_development_geometry","source_artifact_id":"nycha-geometry-open-data","source_dataset_id":"phvi-damg","source_url":"https://data.cityofnewyork.us/Housing-Development/NYCHA-Public-Housing-Developments/phvi-damg","geometry_vintage_note":"NYC Open Data NYCHA Public Housing Developments (current snapshot)"},"geometry":{"type":"Polygon","coordinates":[[[-73.9723387168586,40.79291190453648],[-73.97161865901592,40.792609949336864],[-73.97188272096285,40.79224835603284],[-73.97260277609226,40.792550309599896],[-73.9723387168586,40.79291190453648]]]}},{"type":"Feature","properties":{"development_id":"nycha:tds:148","geometry_id":"nycha-polygon:148","name":"DOUGLASS ADDITION","tds_id":"148","tds_raw":"148","borough":"MANHATTAN","borough_code":"MN","join_method":"tds","join_confidence":"high","geometry_quality":"official_source","source_id":"nycha_development_geometry","source_artifact_id":"nycha-geometry-open-data","source_dataset_id":"phvi-damg","source_url":"https://data.cityofnewyork.us/Housing-Development/NYCHA-Public-Housing-Developments/phvi-damg","geometry_vintage_note":"NYC Open Data NYCHA Public Housing Developments (current snapshot)"},"geometry":{"type":"Polygon","coordinates":[[[-73.96800745818803,40.79813963789213],[-73.96782407764914,40.79839109905372],[-73.96816007353712,40.798594154120806],[-73.9678443619087,40.798462205449106],[-73.96769785154027,40.79866461386688],[-73.96731813759908,40.79850449528906],[-73.96768167594757,40.798002260459626],[-73.96800745818803,40.79813963789213]]]}},{"type":"Feature","properties":{"development_id":"nycha:tds:82","geometry_id":"nycha-polygon:82","name":"DOUGLASS I","tds_id":"82","tds_raw":"082","borough":"MANHATTAN","borough_code":"MN","join_method":"tds","join_confidence":"high","geometry_quality":"official_source","source_id":"nycha_development_geometry","source_artifact_id":"nycha-geometry-open-data","source_dataset_id":"phvi-damg","source_url":"https://data.cityofnewyork.us/Housing-Development/NYCHA-Public-Housing-Developments/phvi-damg","geometry_vintage_note":"NYC Open Data NYCHA Public Housing Developments (current snapshot)"},"geometry":{"type":"MultiPolygon","coordinates":[[[[-73.96263926384194,40.79725910565856],[-73.96431693087104,40.79496940330176],[-73.96539102026001,40.79554523760407],[-73.96378131460136,40.79774223250334],[-73.96263926384194,40.79725910565856]]],[[[-73.96407344845925,40.79788935208926],[-73.96488321728339,40.796772009755486],[-73.96603659013381,40.79725055471796],[-73.96527199385964,40.79839297614939],[-73.96407344845925,40.79788935208926]]]]}},{"type":"Feature","properties":{"development_id":"nycha:tds:582","geometry_id":"nycha-polygon:582","name":"DOUGLASS II","tds_id":"582","tds_raw":"582","borough":"MANHATTAN","borough_code":"MN","join_method":"tds","join_confidence":"high","geometry_quality":"official_source","source_id":"nycha_development_geometry","source_artifact_id":"nycha-geometry-open-data","source_dataset_id":"phvi-damg","source_url":"https://data.cityofnewyork.us/Housing-Development/NYCHA-Public-Housing-Developments/phvi-damg","geometry_vintage_note":"NYC Open Data NYCHA Public Housing Developments (current snapshot)"},"geometry":{"type":"Polygon","coordinates":[[[-73.96527330804926,40.79839352835554],[-73.96603659013398,40.79725055471796],[-73.96488321728354,40.796772009755486],[-73.96569297029056,40.795654645853126],[-73.96708675796408,40.796240609472804],[-73.96677167030828,40.796672753540385],[-73.96727793705487,40.796885587393696],[-73.9672002888585,40.79699208272835],[-73.96671713888117,40.79678793963397],[-73.966359604088,40.79727829207825],[-73.96604513785002,40.79736300622534],[-73.96614160461715,40.79750240222301],[-73.96732166897759,40.7979320523717],[-73.96690585047749,40.7985023380262],[-73.9663265042643,40.79825891291543],[-73.96600370094663,40.79870042669498],[-73.96527330804926,40.79839352835554]]]}},{"type":"Feature","properties":{"development_id":"nycha:tds:111","geometry_id":"nycha-polygon:111","name":"DREW-HAMILTON","tds_id":"111","tds_raw":"111","borough":"MANHATTAN","borough_code":"MN","join_method":"tds","join_confidence":"high","geometry_quality":"official_source","source_id":"nycha_development_geometry","source_artifact_id":"nycha-geometry-open-data","source_dataset_id":"phvi-damg","source_url":"https://data.cityofnewyork.us/Housing-Development/NYCHA-Public-Housing-Developments/phvi-damg","geometry_vintage_note":"NYC Open Data NYCHA Public Housing Developments (current snapshot)"},"geometry":{"type":"MultiPolygon","coordinates":[[[[-73.94075996605123,40.819757055620045],[-73.94112282267244,40.81926316063771],[-73.94166788228048,40.81949314533039],[-73.94131043874435,40.81998932842211],[-73.94075996605123,40.819757055620045]]],[[[-73.94188977889249,40.81990912736489],[-73.94206786283756,40.819661919029244],[-73.94355798699648,40.82029064987953],[-73.94320055564289,40.82078683606495],[-73.94202179529026,40.82028948156956],[-73.94220114962158,40.82004050780852],[-73.94188977889249,40.81990912736489]]],[[[-73.94030417608734,40.820377432800555],[-73.9406632915944,40.81988864048793],[-73.94191840523384,40.8204182320394],[-73.94164977603762,40.82094520645655],[-73.94030417608734,40.820377432800555]]],[[[-73.9418116588511,40.82101350986167],[-73.94216540966947,40.820522452674396],[-73.94310532658736,40.82091903150339],[-73.94275158178111,40.82141009244307],[-73.9418116588511,40.82101350986167]]],[[[-73.94185923533244,40.821852724314255],[-73.94222841311779,40.82134807818413],[-73.94269215494276,40.82154406486664],[-73.94232297958771,40.822048711564314],[-73.94185923533244,40.821852724314255]]]]}},{"type":"Feature","properties":{"development_id":"nycha:tds:41","geometry_id":"nycha-polygon:41","name":"DYCKMAN","tds_id":"41","tds_raw":"041","borough":"MANHATTAN","borough_code":"MN","join_method":"tds","join_confidence":"high","geometry_quality":"official_source","source_id":"nycha_development_geometry","source_artifact_id":"nycha-geometry-open-data","source_dataset_id":"phvi-damg","source_url":"https://data.cityofnewyork.us/Housing-Development/NYCHA-Public-Housing-Developments/phvi-damg","geometry_vintage_note":"NYC Open Data NYCHA Public Housing Developments (current snapshot)"},"geometry":{"type":"Polygon","coordinates":[[[-73.92091332136812,40.862045757506095],[-73.92300139471747,40.85920027053448],[-73.9244133184264,40.86140069786707],[-73.9237372897295,40.86177375292734],[-73.92143786463845,40.86261915533204],[-73.92091332136812,40.862045757506095]]]}},{"type":"Feature","properties":{"development_id":"nycha:tds:304","geometry_id":"nycha-polygon:304","name":"EAST 165TH STREET-BRYANT AVENUE","tds_id":"304","tds_raw":"304","borough":"BRONX","borough_code":"BX","join_method":"tds","join_confidence":"high","geometry_quality":"official_source","source_id":"nycha_development_geometry","source_artifact_id":"nycha-geometry-open-data","source_dataset_id":"phvi-damg","source_url":"https://data.cityofnewyork.us/Housing-Development/NYCHA-Public-Housing-Developments/phvi-damg","geometry_vintage_note":"NYC Open Data NYCHA Public Housing Developments (current snapshot)"},"geometry":{"type":"MultiPolygon","coordinates":[[[[-73.88973464926715,40.82474983405799],[-73.8904488568967,40.824711522389784],[-73.89047413242307,40.82501420498343],[-73.8897596937513,40.82504977727903],[-73.88973464926715,40.82474983405799]]],[[[-73.88913674117272,40.82467101846285],[-73.88949927109816,40.82465368968577],[-73.88953299386543,40.8250574189645],[-73.8888096875951,40.82509199173721],[-73.88878703774748,40.82482081156735],[-73.88914781399076,40.824803569551314],[-73.88913674117272,40.82467101846285]]],[[[-73.88813602530759,40.82394638796097],[-73.88849958059755,40.823928291597376],[-73.88859762921574,40.82510720356556],[-73.88787351688471,40.825143247402316],[-73.88785052647326,40.82486678710656],[-73.88821107560676,40.82484884091034],[-73.88813602530759,40.82394638796097]]],[[[-73.8888182751605,40.825263551748264],[-73.88955924807927,40.82522583329966],[-73.8895761298769,40.82544449353903],[-73.88884519893384,40.825562347924986],[-73.8888182751605,40.825263551748264]]],[[[-73.8882503937134,40.8252867750274],[-73.88861238534358,40.82526881996875],[-73.88866631751742,40.82591690059473],[-73.8883043223748,40.825934856721176],[-73.8882503937134,40.8252867750274]]]]}},{"type":"Feature","properties":{"development_id":"nycha:tds:338","geometry_id":"nycha-polygon:338","name":"EAST 173RD STREET-VYSE AVENUE","tds_id":"338","tds_raw":"338","borough":"BRONX","borough_code":"BX","join_method":"tds","join_confidence":"high","geometry_quality":"official_source","source_id":"nycha_development_geometry","source_artifact_id":"nycha-geometry-open-data","source_dataset_id":"phvi-damg","source_url":"https://data.cityofnewyork.us/Housing-Development/NYCHA-Public-Housing-Developments/phvi-damg","geometry_vintage_note":"NYC Open Data NYCHA Public Housing Developments (current snapshot)"},"geometry":{"type":"MultiPolygon","coordinates":[[[[-73.88809177522428,40.833408268351825],[-73.8889932961983,40.83190362889736],[-73.88965492787071,40.83212979645784],[-73.8895799895674,40.8322546729359],[-73.88924756477398,40.83214104037359],[-73.88879457457874,40.83289588392449],[-73.8884957739363,40.83339663174437],[-73.88882640730347,40.83351041239901],[-73.88875146707687,40.83363528741034],[-73.88809177522428,40.833408268351825]]],[[[-73.88788726522493,40.833739906620515],[-73.88799894736026,40.83355387922656],[-73.88866720602117,40.83378459460621],[-73.88840416186916,40.83422808174444],[-73.88807232596083,40.83411351619864],[-73.88822634231423,40.83385697229623],[-73.88788726522493,40.833739906620515]]],[[[-73.88856564012418,40.83430662055159],[-73.88880378240155,40.83390781591488],[-73.88914726889067,40.83402555940006],[-73.88890912706658,40.83442436383622],[-73.88856564012418,40.83430662055159]]],[[[-73.8870964139482,40.83505718581418],[-73.8873137369769,40.83469520675507],[-73.88765320076814,40.83481163782098],[-73.8879637307732,40.83429439941705],[-73.88829702374748,40.83440871274281],[-73.8877744498414,40.83528973936882],[-73.8870964139482,40.83505718581418]]],[[[-73.88802850734858,40.83520610341841],[-73.88847314743296,40.83446150900731],[-73.88881663619664,40.83457925256567],[-73.88837157352191,40.8353245601655],[-73.88802850734858,40.83520610341841]]]]}},{"type":"Feature","properties":{"development_id":"nycha:tds:263","geometry_id":"nycha-polygon:263","name":"EAST NEW YORK CITY LINE","tds_id":"263","tds_raw":"263","borough":"BROOKLYN","borough_code":"BK","join_method":"tds","join_confidence":"high","geometry_quality":"official_source","source_id":"nycha_development_geometry","source_artifact_id":"nycha-geometry-open-data","source_dataset_id":"phvi-damg","source_url":"https://data.cityofnewyork.us/Housing-Development/NYCHA-Public-Housing-Developments/phvi-damg","geometry_vintage_note":"NYC Open Data NYCHA Public Housing Developments (current snapshot)"},"geometry":{"type":"MultiPolygon","coordinates":[[[[-73.87243657594557,40.66723879750653],[-73.87273319133577,40.66711080150121],[-73.87290769231262,40.667346198565006],[-73.87261154492207,40.667473992919504],[-73.87243657594557,40.66723879750653]]],[[[-73.87371287257173,40.66754505936042],[-73.87333747838879,40.66703617712735],[-73.8736631476028,40.666896732723906],[-73.87416096873086,40.667353194634146],[-73.87371287257173,40.66754505936042]]],[[[-73.87294826020222,40.66740092364769],[-73.87325846078289,40.66726706452197],[-73.87336513938146,40.66741097019758],[-73.8731898738176,40.667486602437094],[-73.87334590801956,40.667697083683414],[-73.87315344490203,40.66778013609841],[-73.87294826020222,40.66740092364769]]],[[[-73.8734720717727,40.66865324871939],[-73.87302928965609,40.668057134919394],[-73.87321730723606,40.66797705042],[-73.8733746526455,40.66818899189569],[-73.87349662601233,40.668137038406634],[-73.87378189390958,40.66852128156676],[-73.8734720717727,40.66865324871939]]],[[[-73.87445646151323,40.67120620953606],[-73.87482617213664,40.67115206631488],[-73.87493948956772,40.67161063604367],[-73.87456977530965,40.67166478052535],[-73.87445646151323,40.67120620953606]]]]}},{"type":"Feature","properties":{"development_id":"nycha:tds:9","geometry_id":"nycha-polygon:9","name":"EAST RIVER","tds_id":"9","tds_raw":"009","borough":"MANHATTAN","borough_code":"MN","join_method":"tds","join_confidence":"high","geometry_quality":"official_source","source_id":"nycha_development_geometry","source_artifact_id":"nycha-geometry-open-data","source_dataset_id":"phvi-damg","source_url":"https://data.cityofnewyork.us/Housing-Development/NYCHA-Public-Housing-Developments/phvi-damg","geometry_vintage_note":"NYC Open Data NYCHA Public Housing Developments (current snapshot)"},"geometry":{"type":"Polygon","coordinates":[[[-73.93855791263043,40.78732998546114],[-73.93914229801979,40.78738785286105],[-73.93959103452626,40.78681058581712],[-73.93945539552496,40.786476398054546],[-73.93932006777466,40.78645996477342],[-73.93958125342982,40.78616401536425],[-73.94172974182466,40.787064817890126],[-73.94045118479467,40.78881562364182],[-73.93822363585191,40.78787533575946],[-73.93855791263043,40.78732998546114]]]}},{"type":"Feature","properties":{"development_id":"nycha:tds:15","geometry_id":"nycha-polygon:15","name":"ELLIOTT","tds_id":"15","tds_raw":"015","borough":"MANHATTAN","borough_code":"MN","join_method":"tds","join_confidence":"high","geometry_quality":"official_source","source_id":"nycha_development_geometry","source_artifact_id":"nycha-geometry-open-data","source_dataset_id":"phvi-damg","source_url":"https://data.cityofnewyork.us/Housing-Development/NYCHA-Public-Housing-Developments/phvi-damg","geometry_vintage_note":"NYC Open Data NYCHA Public Housing Developments (current snapshot)"},"geometry":{"type":"MultiPolygon","coordinates":[[[[-74.00174981016117,40.748750586041325],[-74.00192416999113,40.7485082876743],[-74.0030396014655,40.74897683480026],[-74.00268505485631,40.74946953839638],[-74.00172467670342,40.74906613456692],[-74.00190487238437,40.748815725293845],[-74.00174981016117,40.748750586041325]]],[[[-74.00039475743097,40.74948623468092],[-74.00088541501076,40.74888353854855],[-74.00164836565703,40.749205256669605],[-74.00151768283519,40.74938474643263],[-74.00112076290107,40.74939616129068],[-74.0009000471139,40.7496993041725],[-74.00039475743097,40.74948623468092]]],[[[-74.00170187717089,40.749579389138134],[-74.00189772158465,40.74931040132199],[-74.00257676003902,40.749596726540396],[-74.00212577475298,40.75021615328711],[-74.00185810027922,40.75010328579926],[-74.00170187717089,40.749579389138134]]]]}},{"type":"Feature","properties":{"development_id":"nycha:tds:29","geometry_id":"nycha-polygon:29","name":"FARRAGUT","tds_id":"29","tds_raw":"029","borough":"BROOKLYN","borough_code":"BK","join_method":"tds","join_confidence":"high","geometry_quality":"official_source","source_id":"nycha_development_geometry","source_artifact_id":"nycha-geometry-open-data","source_dataset_id":"phvi-damg","source_url":"https://data.cityofnewyork.us/Housing-Development/NYCHA-Public-Housing-Developments/phvi-damg","geometry_vintage_note":"NYC Open Data NYCHA Public Housing Developments (current snapshot)"},"geometry":{"type":"MultiPolygon","coordinates":[[[[-73.98060660820038,40.699568189318605],[-73.98068468240874,40.698375158824454],[-73.98264578677937,40.69847114435879],[-73.98262048657502,40.69888440362563],[-73.98285902369796,40.69889411089916],[-73.98280868678,40.699642656848944],[-73.98060660820038,40.699568189318605]]],[[[-73.98053405309803,40.70062424812941],[-73.98058526978758,40.69982966022792],[-73.98279472007307,40.69990433908415],[-73.98271396219475,40.70125925630383],[-73.98103159315261,40.70117797858662],[-73.98068279625701,40.70096871723426],[-73.98053405309803,40.70062424812941]]],[[[-73.98309610439897,40.69990702314314],[-73.98391958079851,40.699906796242125],[-73.98389573244312,40.70046300319881],[-73.98471175500454,40.70049061521937],[-73.98466629144902,40.70132095147066],[-73.98301802065932,40.70126267848673],[-73.98309610439897,40.69990702314314]]]]}},{"type":"Feature","properties":{"development_id":"nycha:tds:209","geometry_id":"nycha-polygon:209","name":"FHA REPOSSESSED HOUSES (GROUP I)","tds_id":"209","tds_raw":"209","borough":null,"borough_code":null,"join_method":"tds","join_confidence":"high","geometry_quality":"official_source","source_id":"nycha_development_geometry","source_artifact_id":"nycha-geometry-open-data","source_dataset_id":"phvi-damg","source_url":"https://data.cityofnewyork.us/Housing-Development/NYCHA-Public-Housing-Developments/phvi-damg","geometry_vintage_note":"NYC Open Data NYCHA Public Housing Developments (current snapshot)"},"geometry":{"type":"MultiPolygon","coordinates":[[[[-73.74819953133698,40.61137289489466],[-73.74844877398053,40.61127502452654],[-73.74854036710319,40.611371299174714],[-73.74829537999824,40.6114899901757],[-73.74819953133698,40.61137289489466]]],[[[-73.79221625300474,40.66915549138866],[-73.79187140378092,40.66905388740441],[-73.79222732297056,40.66909404303047],[-73.79221625300474,40.66915549138866]]],[[[-73.78970788949262,40.6718395002934],[-73.78969934948347,40.67157079724141],[-73.78976804409629,40.67158021333546],[-73.78970788949262,40.6718395002934]]],[[[-73.76177461673726,40.67371635913352],[-73.76202112655119,40.67345676683483],[-73.76209414842032,40.673496028852476],[-73.76184763874551,40.67375562130639],[-73.76177461673726,40.67371635913352]]],[[[-73.80611420316527,40.67609834521879],[-73.80645151438829,40.676001402046666],[-73.80650205519011,40.67610179453694],[-73.80616343592962,40.67619911223719],[-73.80611420316527,40.67609834521879]]],[[[-73.76135084057125,40.67826302539523],[-73.76152167269984,40.67802292883516],[-73.76161710138464,40.678061690253855],[-73.76144649271568,40.67830147121818],[-73.76135084057125,40.67826302539523]]],[[[-73.74991343557285,40.68141701883772],[-73.74997862009133,40.68130740756407],[-73.75025471641125,40.68140409380736],[-73.75019304664467,40.68150779566088],[-73.74991343557285,40.68141701883772]]],[[[-73.79122079409667,40.68229457817108],[-73.79111269491739,40.682026510091546],[-73.79128393879694,40.68226806561222],[-73.79122079409667,40.68229457817108]]],[[[-73.80493411349975,40.68358325691582],[-73.8048797881844,40.68330556007268],[-73.80500708723837,40.68356260207438],[-73.80493411349975,40.68358325691582]]],[[[-73.79788611626952,40.68363526284501],[-73.79820649605652,40.683500454816134],[-73.79822587274681,40.68353989668933],[-73.79788611626952,40.68363526284501]]],[[[-73.76679549160797,40.687286056508434],[-73.7668980290496,40.687213866832],[-73.76712988269126,40.68740645386653],[-73.7670285136899,40.68747961556983],[-73.76679549160797,40.687286056508434]]],[[[-73.74315583793626,40.69211911857138],[-73.74323027645654,40.69184183179489],[-73.74329149042059,40.69186031776726],[-73.74315583793626,40.69211911857138]]],[[[-73.74733685089177,40.694523362452],[-73.74764679215475,40.69437485162869],[-73.74767269626247,40.69442889000788],[-73.74733685089177,40.694523362452]]],[[[-73.75920622158456,40.69739782989843],[-73.75930719379564,40.69737161274012],[-73.75942446453222,40.69763297300918],[-73.75932349269064,40.69765919081984],[-73.75920622158456,40.69739782989843]]],[[[-73.76620850840045,40.697918674951964],[-73.7662664358948,40.69784663955993],[-73.76657616945863,40.697989559032116],[-73.7665182421787,40.69806159348083],[-73.76620850840045,40.697918674951964]]],[[[-73.74177837892019,40.70284657939208],[-73.74145852018204,40.702696597636645],[-73.74180566268518,40.702785576440284],[-73.74177837892019,40.70284657939208]]],[[[-73.76739178800375,40.70646398940606],[-73.76770540868426,40.706340753294754],[-73.76772224856252,40.706409365997544],[-73.76739178800375,40.70646398940606]]],[[[-73.7413298764564,40.70782840977643],[-73.74132335628845,40.70761434874376],[-73.74166017047273,40.70769472065094],[-73.74164892947911,40.707721652411855],[-73.7413298764564,40.70782840977643]]],[[[-73.75517881036461,40.708578439591165],[-73.75552199268566,40.708495570832916],[-73.75555615900316,40.70857777910577],[-73.75521297629945,40.70866064851388],[-73.75517881036461,40.708578439591165]]]]}},{"type":"Feature","properties":{"development_id":"nycha:tds:212","geometry_id":"nycha-polygon:212","name":"FHA REPOSSESSED HOUSES (GROUP II)","tds_id":"212","tds_raw":"212","borough":null,"borough_code":null,"join_method":"tds","join_confidence":"high","geometry_quality":"official_source","source_id":"nycha_development_geometry","source_artifact_id":"nycha-geometry-open-data","source_dataset_id":"phvi-damg","source_url":"https://data.cityofnewyork.us/Housing-Development/NYCHA-Public-Housing-Developments/phvi-damg","geometry_vintage_note":"NYC Open Data NYCHA Public Housing Developments (current snapshot)"},"geometry":{"type":"MultiPolygon","coordinates":[[[[-73.79097086386061,40.66819402525898],[-73.79063134483651,40.668085343477216],[-73.79098402038468,40.66812364652788],[-73.79097086386061,40.66819402525898]]],[[[-73.79838180013701,40.67181303668901],[-73.79837155203217,40.67173480722957],[-73.79881301604158,40.671854219484665],[-73.79838180013701,40.67181303668901]]],[[[-73.80386358197792,40.682182867895634],[-73.80417963794575,40.682034469527956],[-73.80420481403286,40.6820859100106],[-73.80386358197792,40.682182867895634]]],[[[-73.7400547080729,40.68733527816342],[-73.74016579612855,40.687133458137225],[-73.74033660637726,40.68718536711034],[-73.74022551946902,40.68738718839963],[-73.7400547080729,40.68733527816342]]],[[[-73.7802191635985,40.69459985434425],[-73.7803471093137,40.694546376189365],[-73.78052514440647,40.69478497454833],[-73.78039732260147,40.69483861947012],[-73.7802191635985,40.69459985434425]]],[[[-73.75874683841019,40.69994937617552],[-73.75905289704959,40.69986980997709],[-73.75908667902212,40.699945183642214],[-73.75878009881244,40.70002488552705],[-73.75874683841019,40.69994937617552]]],[[[-73.78501314389962,40.701865878843286],[-73.78530798528197,40.70170446884973],[-73.78534203783711,40.701764000085284],[-73.78501314389962,40.701865878843286]]],[[[-73.74059341958792,40.705399196283324],[-73.74070354102183,40.70513441317725],[-73.74080691721946,40.70515861998003],[-73.74069679615394,40.70542340373322],[-73.74059341958792,40.705399196283324]]],[[[-73.75012122726116,40.706992720137976],[-73.75043298788404,40.70683912915052],[-73.75046174377168,40.7069034862005],[-73.75012122726116,40.706992720137976]]],[[[-73.8489170480628,40.81600959291241],[-73.8492980508756,40.81591230030904],[-73.8493089227937,40.8159593223079],[-73.8489170480628,40.81600959291241]]]]}},{"type":"Feature","properties":{"development_id":"nycha:tds:213","geometry_id":"nycha-polygon:213","name":"FHA REPOSSESSED HOUSES (GROUP III)","tds_id":"213","tds_raw":"213","borough":null,"borough_code":null,"join_method":"tds","join_confidence":"high","geometry_quality":"official_source","source_id":"nycha_development_geometry","source_artifact_id":"nycha-geometry-open-data","source_dataset_id":"phvi-damg","source_url":"https://data.cityofnewyork.us/Housing-Development/NYCHA-Public-Housing-Developments/phvi-damg","geometry_vintage_note":"NYC Open Data NYCHA Public Housing Developments (current snapshot)"},"geometry":{"type":"MultiPolygon","coordinates":[[[[-73.79065529076811,40.668435057283084],[-73.79070573383946,40.668165230759534],[-73.79079338209915,40.668174749351465],[-73.79074294009608,40.66844457591447],[-73.79065529076811,40.668435057283084]]],[[[-73.74246963872393,40.67015124684101],[-73.74251926334041,40.67007163498967],[-73.74284505649683,40.67018985434565],[-73.74279544730253,40.67026947131078],[-73.74246963872393,40.67015124684101]]],[[[-73.80552386283209,40.68030893031453],[-73.80585867396498,40.68013468013737],[-73.8058926073727,40.68020371864625],[-73.80552386283209,40.68030893031453]]],[[[-73.7949841252344,40.6826074811948],[-73.79530460499872,40.68247165760211],[-73.7953244093678,40.682512066895825],[-73.7949841252344,40.6826074811948]]],[[[-73.76559921847046,40.69815304347825],[-73.76567450809188,40.698059391845526],[-73.76594036021969,40.6981820638403],[-73.76585825789657,40.69827257219132],[-73.76559921847046,40.69815304347825]]],[[[-73.74508913738849,40.699353957182126],[-73.74542979847514,40.69926394519291],[-73.74546861501256,40.6993495698568],[-73.74512782790973,40.69943961516803],[-73.74508913738849,40.699353957182126]]],[[[-73.74740134390007,40.70535945786503],[-73.74774218366251,40.70527030074365],[-73.7477758820209,40.70534529214765],[-73.7474351004052,40.705434434674466],[-73.74740134390007,40.70535945786503]]],[[[-73.7454591920948,40.70550559593355],[-73.74557275496285,40.705476043129366],[-73.74567497419514,40.70570332622145],[-73.7455561178729,40.70572111100122],[-73.7454591920948,40.70550559593355]]],[[[-73.7529297865503,40.7110142915902],[-73.75318322740151,40.710884731361176],[-73.75320883078636,40.71094597164288],[-73.7529297865503,40.7110142915902]]],[[[-73.8354006022608,40.872710187219916],[-73.83570609540725,40.87257146142947],[-73.83572956588453,40.872621435170274],[-73.8354006022608,40.872710187219916]]]]}},{"type":"Feature","properties":{"development_id":"nycha:tds:226","geometry_id":"nycha-polygon:226","name":"FHA REPOSSESSED HOUSES (GROUP IV)","tds_id":"226","tds_raw":"226","borough":null,"borough_code":null,"join_method":"tds","join_confidence":"high","geometry_quality":"official_source","source_id":"nycha_development_geometry","source_artifact_id":"nycha-geometry-open-data","source_dataset_id":"phvi-damg","source_url":"https://data.cityofnewyork.us/Housing-Development/NYCHA-Public-Housing-Developments/phvi-damg","geometry_vintage_note":"NYC Open Data NYCHA Public Housing Developments (current snapshot)"},"geometry":{"type":"MultiPolygon","coordinates":[[[[-73.75965349328146,40.67172017224064],[-73.7598584563379,40.67149327539811],[-73.75998016042607,40.671558274487545],[-73.75977519686288,40.67178517154363],[-73.75965349328146,40.67172017224064]]],[[[-73.79441644014993,40.67734161267369],[-73.79472421007193,40.67718505033058],[-73.7947541259043,40.677246079573756],[-73.79441644014993,40.67734161267369]]],[[[-73.73219102493788,40.68537657183422],[-73.73224253938997,40.685277225125006],[-73.73257759001622,40.68537864341998],[-73.73252607598485,40.68547799027801],[-73.73219102493788,40.68537657183422]]],[[[-73.81165391555248,40.68668549801479],[-73.81196635009529,40.68659879037282],[-73.8120182999699,40.68670294622365],[-73.81170586572784,40.68678965400664],[-73.81165391555248,40.68668549801479]]],[[[-73.75083544367018,40.68698158619792],[-73.75092848576286,40.6869395734223],[-73.75108915707769,40.687151480079315],[-73.75099611479251,40.68719349243482],[-73.75083544367018,40.68698158619792]]],[[[-73.7588883367719,40.68888647444099],[-73.75901670598924,40.68884225373011],[-73.75916553735779,40.68909539691688],[-73.75903716846908,40.689139618891815],[-73.7588883367719,40.68888647444099]]],[[[-73.76438373626438,40.690351339489055],[-73.76418325559985,40.69011774169992],[-73.76443151079211,40.69031681080038],[-73.76438373626438,40.690351339489055]]],[[[-73.75057240671035,40.701699531522024],[-73.75089312795753,40.7015645737334],[-73.75091372415672,40.701610352328295],[-73.75057240671035,40.701699531522024]]],[[[-73.84544256151105,40.816527899966054],[-73.84583048117864,40.8164276066982],[-73.84584091431425,40.81647275488802],[-73.84544256151105,40.816527899966054]]]]}},{"type":"Feature","properties":{"development_id":"nycha:tds:283","geometry_id":"nycha-polygon:283","name":"FHA REPOSSESSED HOUSES (GROUP IX)","tds_id":"283","tds_raw":"283","borough":null,"borough_code":null,"join_method":"tds","join_confidence":"high","geometry_quality":"official_source","source_id":"nycha_development_geometry","source_artifact_id":"nycha-geometry-open-data","source_dataset_id":"phvi-damg","source_url":"https://data.cityofnewyork.us/Housing-Development/NYCHA-Public-Housing-Developments/phvi-damg","geometry_vintage_note":"NYC Open Data NYCHA Public Housing Developments (current snapshot)"},"geometry":{"type":"MultiPolygon","coordinates":[[[[-73.92787832426008,40.66095428879158],[-73.92810447173802,40.66072666628676],[-73.92815772399985,40.660774441720065],[-73.92787832426008,40.66095428879158]]],[[[-73.876803093124,40.66734549847822],[-73.87708640840397,40.66716378143879],[-73.87712058427458,40.66720962283951],[-73.876803093124,40.66734549847822]]],[[[-73.87827022277952,40.66970346512884],[-73.8786164863222,40.66960169007088],[-73.87862904639371,40.66965230113246],[-73.87827022277952,40.66970346512884]]],[[[-73.7667978814011,40.6696767676835],[-73.76676214820945,40.66933472944248],[-73.7668762975008,40.66934746001899],[-73.76691243614732,40.669668959259205],[-73.7667978814011,40.6696767676835]]],[[[-73.87867692140406,40.66984522177721],[-73.87829942908682,40.66982077495612],[-73.87865816100154,40.66976962449582],[-73.87867692140406,40.66984522177721]]],[[[-73.8784453283047,40.67010653610238],[-73.87871692016076,40.670006404447335],[-73.87873163901003,40.67006571213327],[-73.8784453283047,40.67010653610238]]],[[[-73.98071022132903,40.67931364402323],[-73.98081031395397,40.679035780984215],[-73.98088026449679,40.679062903306935],[-73.98071022132903,40.67931364402323]]],[[[-73.96232806674317,40.6849538118411],[-73.96241398443335,40.684944199200274],[-73.96247117617445,40.68523151751616],[-73.96238525884473,40.685241128003675],[-73.96232806674317,40.6849538118411]]],[[[-73.78184957352357,40.686681105729335],[-73.78194949866291,40.68664827432354],[-73.7820942502064,40.686894835378666],[-73.78199432548995,40.686927666910506],[-73.78184957352357,40.686681105729335]]],[[[-73.97178955832683,40.6922244666066],[-73.97214830045363,40.692142366812924],[-73.97215636829874,40.69218275914182],[-73.97178955832683,40.6922244666066]]],[[[-73.96780852459318,40.69543913521157],[-73.96815847436199,40.69534857342143],[-73.96816817984725,40.69539742364673],[-73.96780852459318,40.69543913521157]]],[[[-73.96782864020203,40.695540372824176],[-73.9681784257031,40.69544898859589],[-73.96818829598926,40.69549866174588],[-73.96782864020203,40.695540372824176]]]]}},{"type":"Feature","properties":{"development_id":"nycha:tds:260","geometry_id":"nycha-polygon:260","name":"FHA REPOSSESSED HOUSES (GROUP V)","tds_id":"260","tds_raw":"260","borough":null,"borough_code":null,"join_method":"tds","join_confidence":"high","geometry_quality":"official_source","source_id":"nycha_development_geometry","source_artifact_id":"nycha-geometry-open-data","source_dataset_id":"phvi-damg","source_url":"https://data.cityofnewyork.us/Housing-Development/NYCHA-Public-Housing-Developments/phvi-damg","geometry_vintage_note":"NYC Open Data NYCHA Public Housing Developments (current snapshot)"},"geometry":{"type":"MultiPolygon","coordinates":[[[[-73.8973145621277,40.656842777319575],[-73.89765766838748,40.65672223582405],[-73.89767481703089,40.65678926494928],[-73.8973145621277,40.656842777319575]]],[[[-73.80217671960469,40.66927993365197],[-73.80253667565236,40.66922094248489],[-73.80253719425089,40.66927858053969],[-73.80217671960469,40.66927993365197]]],[[[-73.80278581357263,40.67393263332906],[-73.8031560076856,40.67387692789736],[-73.80315661256758,40.673930198566595],[-73.80278581357263,40.67393263332906]]],[[[-73.752896667381,40.674985374408315],[-73.75296058576272,40.674856979937715],[-73.75329561195029,40.67496301075062],[-73.75323169483096,40.675091405956216],[-73.752896667381,40.674985374408315]]],[[[-73.80418195465678,40.67582235632511],[-73.80413247608315,40.67555131715552],[-73.80425502201074,40.675802122065924],[-73.80418195465678,40.67582235632511]]],[[[-73.79351083456659,40.67880073239535],[-73.79383120640678,40.67865499193939],[-73.79385559176232,40.678704750756204],[-73.79351083456659,40.67880073239535]]],[[[-73.76835317595746,40.6812481162251],[-73.76847317783769,40.68122769612571],[-73.76853549982216,40.681435346268195],[-73.7683865423206,40.681460692676495],[-73.76835317595746,40.6812481162251]]],[[[-73.7658902396666,40.68447755960173],[-73.76620735334387,40.68433882487683],[-73.7662314695385,40.68439405056806],[-73.7658902396666,40.68447755960173]]],[[[-73.79671083405542,40.68737875104852],[-73.79702850471445,40.68722923172521],[-73.79705365992191,40.68728067919842],[-73.79671083405542,40.68737875104852]]],[[[-73.75852129940813,40.69161841344157],[-73.75882974544089,40.69146169379057],[-73.75885944879367,40.69152292015586],[-73.75852129940813,40.69161841344157]]],[[[-73.78624634150124,40.691986300116895],[-73.78632021511015,40.69192403479297],[-73.78658582360124,40.69210604416536],[-73.78648914954087,40.692187526363206],[-73.78624634150124,40.691986300116895]]],[[[-73.7587723271069,40.69213585161177],[-73.75911047803397,40.692040358142165],[-73.75917376660078,40.69217081053164],[-73.75883561509886,40.692266305283574],[-73.7587723271069,40.69213585161177]]],[[[-73.76185666463422,40.69329434698453],[-73.76228924650883,40.6931734955414],[-73.76227312341024,40.69329857145104],[-73.76190829712642,40.69340049395167],[-73.76185666463422,40.69329434698453]]],[[[-73.78332514303828,40.69526693691763],[-73.78358236452,40.695078259139855],[-73.78362631714334,40.69513817241825],[-73.78332514303828,40.69526693691763]]],[[[-73.75408427867748,40.69573545086634],[-73.754190243997,40.69570755917585],[-73.7543073164777,40.69596755634177],[-73.75420108394748,40.695994856892874],[-73.75408427867748,40.69573545086634]]],[[[-73.78852381939718,40.69706452140105],[-73.78919392711154,40.6967927707564],[-73.78928206798372,40.696912716358],[-73.7885864213128,40.69719482439967],[-73.78852381939718,40.69706452140105]]],[[[-73.75774415459152,40.69704751273387],[-73.75786193994608,40.6970163910819],[-73.75797264730058,40.69726327187195],[-73.75786785894608,40.697290959816286],[-73.75774415459152,40.69704751273387]]],[[[-73.79057526656865,40.69782457282006],[-73.79089053044126,40.69769024090593],[-73.79097830776509,40.69780901580141],[-73.79066304350603,40.69794334850283],[-73.79057526656865,40.69782457282006]]],[[[-73.770432003465,40.699494207339825],[-73.77050677362978,40.69940031548596],[-73.7708196832757,40.69954390776963],[-73.77074444240898,40.69963758424545],[-73.770432003465,40.699494207339825]]],[[[-73.74390603003958,40.69977810098358],[-73.7442482380912,40.699688562542384],[-73.74428254837804,40.69976510829534],[-73.74394004178706,40.699854724674914],[-73.74390603003958,40.69977810098358]]],[[[-73.75499111582928,40.70042673946195],[-73.75533661510568,40.70033560452998],[-73.75537372468989,40.7004178856334],[-73.75502810085234,40.70050905389773],[-73.75499111582928,40.70042673946195]]],[[[-73.76598997423856,40.70361899083508],[-73.76607970974626,40.703588878607356],[-73.76618922062667,40.70385200222707],[-73.76609948481232,40.70388211508804],[-73.76598997423856,40.70361899083508]]],[[[-73.75064195154722,40.70398772345932],[-73.75060080882851,40.7037081079714],[-73.75071529507193,40.70396857392394],[-73.75064195154722,40.70398772345932]]],[[[-73.74725000468206,40.70416324758266],[-73.74759207634514,40.70407618677639],[-73.74762767001145,40.704154501376685],[-73.747285597993,40.704241562287855],[-73.74725000468206,40.70416324758266]]],[[[-73.77038554492239,40.70692825986816],[-73.77084976469166,40.70679540084429],[-73.77086421866693,40.706846619639244],[-73.77038554492239,40.70692825986816]]],[[[-73.74571085828046,40.708845955292944],[-73.74605782082244,40.708768988658754],[-73.74609475999831,40.70886942624225],[-73.74574779769334,40.708946394086254],[-73.74571085828046,40.708845955292944]]],[[[-73.74948125080687,40.71005897364057],[-73.74982239309175,40.70997559591209],[-73.7498579606585,40.71006163348707],[-73.74951694433982,40.7101449803045],[-73.74948125080687,40.71005897364057]]],[[[-73.73451046619839,40.71367333413987],[-73.73462565907808,40.71339620189052],[-73.73476597069316,40.713430535746156],[-73.73465077761831,40.71370766758408],[-73.73451046619839,40.71367333413987]]]]}},{"type":"Feature","properties":{"development_id":"nycha:tds:273","geometry_id":"nycha-polygon:273","name":"FHA REPOSSESSED HOUSES (GROUP VI)","tds_id":"273","tds_raw":"273","borough":null,"borough_code":null,"join_method":"tds","join_confidence":"high","geometry_quality":"official_source","source_id":"nycha_development_geometry","source_artifact_id":"nycha-geometry-open-data","source_dataset_id":"phvi-damg","source_url":"https://data.cityofnewyork.us/Housing-Development/NYCHA-Public-Housing-Developments/phvi-damg","geometry_vintage_note":"NYC Open Data NYCHA Public Housing Developments (current snapshot)"},"geometry":{"type":"MultiPolygon","coordinates":[[[[-73.76364146086773,40.66831735535814],[-73.76372941235708,40.66812078803981],[-73.7638726294534,40.66814217138495],[-73.7637864362543,40.66833480914193],[-73.76364146086773,40.66831735535814]]],[[[-73.79800200234834,40.6783808910359],[-73.79827402806129,40.67824814539311],[-73.79829153142028,40.678300692524196],[-73.79800200234834,40.6783808910359]]],[[[-73.76199253535457,40.69284380306809],[-73.76230698338482,40.692755953592865],[-73.76230671798353,40.692902219569376],[-73.76200420577676,40.69298673302034],[-73.76199253535457,40.69284380306809]]],[[[-73.75603125962284,40.69832211558673],[-73.75634906120985,40.698177092166986],[-73.75637359795421,40.698231639471],[-73.75603125962284,40.69832211558673]]],[[[-73.79164679924223,40.69985312404878],[-73.79192252163301,40.69966282974877],[-73.79196112513722,40.699715720514895],[-73.79164679924223,40.69985312404878]]],[[[-73.76699208393603,40.70440678745202],[-73.76723652367053,40.70436574589199],[-73.76725831832664,40.70445725023929],[-73.76700889015294,40.704499128785926],[-73.76699208393603,40.70440678745202]]]]}},{"type":"Feature","properties":{"development_id":"nycha:tds:274","geometry_id":"nycha-polygon:274","name":"FHA REPOSSESSED HOUSES (GROUP VII)","tds_id":"274","tds_raw":"274","borough":null,"borough_code":null,"join_method":"tds","join_confidence":"high","geometry_quality":"official_source","source_id":"nycha_development_geometry","source_artifact_id":"nycha-geometry-open-data","source_dataset_id":"phvi-damg","source_url":"https://data.cityofnewyork.us/Housing-Development/NYCHA-Public-Housing-Developments/phvi-damg","geometry_vintage_note":"NYC Open Data NYCHA Public Housing Developments (current snapshot)"},"geometry":{"type":"MultiPolygon","coordinates":[[[[-73.80590855905459,40.67111981306104],[-73.80593209338984,40.67101149312524],[-73.80628618901197,40.67105719490805],[-73.80626211470401,40.67116544483693],[-73.80590855905459,40.67111981306104]]],[[[-73.75516544960115,40.684366535458736],[-73.75543359143211,40.68416290099422],[-73.75550915592234,40.68422182681666],[-73.75524101408922,40.684425460357886],[-73.75516544960115,40.684366535458736]]],[[[-73.75225715020096,40.69277105173512],[-73.75258871661458,40.69267969138349],[-73.75262721461974,40.69275969444389],[-73.75229564930538,40.69285105435962],[-73.75225715020096,40.69277105173512]]],[[[-73.75427811254258,40.69883484887821],[-73.75459175730673,40.69868900788017],[-73.75461739685956,40.698745967274824],[-73.75427811254258,40.69883484887821]]],[[[-73.73695063026909,40.70319652371886],[-73.7368887540545,40.702918348396835],[-73.73696681139661,40.702920762148196],[-73.73695063026909,40.70319652371886]]]]}},{"type":"Feature","properties":{"development_id":"nycha:tds:275","geometry_id":"nycha-polygon:275","name":"FHA REPOSSESSED HOUSES (GROUP VIII)","tds_id":"275","tds_raw":"275","borough":null,"borough_code":null,"join_method":"tds","join_confidence":"high","geometry_quality":"official_source","source_id":"nycha_development_geometry","source_artifact_id":"nycha-geometry-open-data","source_dataset_id":"phvi-damg","source_url":"https://data.cityofnewyork.us/Housing-Development/NYCHA-Public-Housing-Developments/phvi-damg","geometry_vintage_note":"NYC Open Data NYCHA Public Housing Developments (current snapshot)"},"geometry":{"type":"MultiPolygon","coordinates":[[[[-73.79355614249687,40.67466857691142],[-73.79387590916485,40.67452555748331],[-73.7938997012059,40.67457737823398],[-73.79355614249687,40.67466857691142]]],[[[-73.74943438745139,40.67763511218825],[-73.74955982566073,40.67737211976184],[-73.74967232040304,40.67740967937556],[-73.74954688256882,40.67767267137443],[-73.74943438745139,40.67763511218825]]],[[[-73.812449366881,40.68407573138028],[-73.81275712032046,40.68391841112482],[-73.81278735081284,40.68398013547733],[-73.812449366881,40.68407573138028]]],[[[-73.80547885842469,40.68644474144316],[-73.80540250912573,40.68617298145577],[-73.80554577194107,40.68642574703872],[-73.80547885842469,40.68644474144316]]],[[[-73.75437823379102,40.6919829991798],[-73.75482033178183,40.69186085279496],[-73.75485564965231,40.69194586195317],[-73.7544182640001,40.69206670652468],[-73.75437823379102,40.6919829991798]]],[[[-73.75106075822603,40.6997279602439],[-73.75137873430198,40.699587083451284],[-73.75140210023173,40.69963936978289],[-73.75106075822603,40.6997279602439]]],[[[-73.75931406004285,40.70257421957768],[-73.75965946732171,40.70248562797565],[-73.75970599714844,40.70258798833245],[-73.75936010783309,40.702676703678996],[-73.75931406004285,40.70257421957768]]]]}},{"type":"Feature","properties":{"development_id":"nycha:tds:284","geometry_id":"nycha-polygon:284","name":"FHA REPOSSESSED HOUSES (GROUP X)","tds_id":"284","tds_raw":"284","borough":null,"borough_code":null,"join_method":"tds","join_confidence":"high","geometry_quality":"official_source","source_id":"nycha_development_geometry","source_artifact_id":"nycha-geometry-open-data","source_dataset_id":"phvi-damg","source_url":"https://data.cityofnewyork.us/Housing-Development/NYCHA-Public-Housing-Developments/phvi-damg","geometry_vintage_note":"NYC Open Data NYCHA Public Housing Developments (current snapshot)"},"geometry":{"type":"MultiPolygon","coordinates":[[[[-73.78890415575847,40.59074846584723],[-73.78916932488359,40.59073182563071],[-73.78918008348865,40.5908339725305],[-73.78891470148321,40.59085062665435],[-73.78890415575847,40.59074846584723]]],[[[-73.75783841084595,40.59644353784495],[-73.75753045137454,40.596214840425034],[-73.7578871458631,40.59638273706756],[-73.75783841084595,40.59644353784495]]],[[[-73.80218035194285,40.66968340717968],[-73.80254031016649,40.66962441545509],[-73.80254082948885,40.669682054606255],[-73.80218035194285,40.66968340717968]]],[[[-73.79750124454077,40.68363866163634],[-73.79781820908977,40.68349604417146],[-73.79784122748465,40.68354323388408],[-73.79750124454077,40.68363866163634]]],[[[-73.7998458188993,40.68559507496452],[-73.8001556634108,40.68544242190863],[-73.8001846715518,40.68550121822837],[-73.7998458188993,40.68559507496452]]],[[[-73.76770734259904,40.6856021092128],[-73.76805056727794,40.68551665111967],[-73.76808911067408,40.68560536711375],[-73.76774581702297,40.685690841651244],[-73.76770734259904,40.6856021092128]]],[[[-73.75881369695784,40.68616673845469],[-73.75889487579789,40.686136900424806],[-73.75905396739893,40.686381722863295],[-73.75897283781701,40.686411636864],[-73.75881369695784,40.68616673845469]]],[[[-73.75742915197344,40.68743187275167],[-73.75759207571943,40.687371791357506],[-73.75774916727221,40.68761955979691],[-73.7575862430644,40.68767964086263],[-73.75742915197344,40.68743187275167]]],[[[-73.79210763629881,40.68848833746492],[-73.79239494120748,40.6883068872322],[-73.79242765443425,40.68835146379993],[-73.79210763629881,40.68848833746492]]],[[[-73.80965189266973,40.69374529745827],[-73.80962111587506,40.69345734490023],[-73.80974873783562,40.69371779300847],[-73.80965189266973,40.69374529745827]]],[[[-73.74765551809739,40.69517927342141],[-73.74796721357782,40.69502866638142],[-73.74799440683601,40.69508543416953],[-73.74765551809739,40.69517927342141]]],[[[-73.77787053197568,40.69559869787503],[-73.77794942275261,40.695565484606405],[-73.77811758941648,40.69579852208324],[-73.77803869700875,40.695831734365484],[-73.77787053197568,40.69559869787503]]],[[[-73.7486868474351,40.70516433164729],[-73.74902830772263,40.70507593786857],[-73.74906357176485,40.705153683671476],[-73.74872210896373,40.70524207700027],[-73.7486868474351,40.70516433164729]]],[[[-73.73114728771783,40.70653140738862],[-73.73120155394489,40.706366750199706],[-73.7316216530531,40.70638007557996],[-73.73155043062303,40.70654419583824],[-73.73114728771783,40.70653140738862]]],[[[-73.74016349716067,40.708894039560356],[-73.74026632648761,40.70887138623809],[-73.74036905133643,40.709137614137745],[-73.74026594737421,40.709159560427175],[-73.74016349716067,40.708894039560356]]],[[[-73.74631220783233,40.71134075417698],[-73.7466594284873,40.711256430851655],[-73.74667387695305,40.71132382763077],[-73.74632968008373,40.71143072519265],[-73.74631220783233,40.71134075417698]]]]}},{"type":"Feature","properties":{"development_id":"nycha:tds:1","geometry_id":"nycha-polygon:1","name":"FIRST HOUSES","tds_id":"1","tds_raw":"001","borough":"MANHATTAN","borough_code":"MN","join_method":"tds","join_confidence":"high","geometry_quality":"official_source","source_id":"nycha_development_geometry","source_artifact_id":"nycha-geometry-open-data","source_dataset_id":"phvi-damg","source_url":"https://data.cityofnewyork.us/Housing-Development/NYCHA-Public-Housing-Developments/phvi-damg","geometry_vintage_note":"NYC Open Data NYCHA Public Housing Developments (current snapshot)"},"geometry":{"type":"Polygon","coordinates":[[[-73.9857875062746,40.723183110457626],[-73.98610302082137,40.72331627216795],[-73.98596966412114,40.72349889999616],[-73.98706486222142,40.72402696711432],[-73.98690719756198,40.72424288600349],[-73.9854584531637,40.7236318769104],[-73.9857875062746,40.723183110457626]]]}},{"type":"Feature","properties":{"development_id":"nycha:tds:59","geometry_id":"nycha-polygon:59","name":"FOREST","tds_id":"59","tds_raw":"059","borough":"BRONX","borough_code":"BX","join_method":"tds","join_confidence":"high","geometry_quality":"official_source","source_id":"nycha_development_geometry","source_artifact_id":"nycha-geometry-open-data","source_dataset_id":"phvi-damg","source_url":"https://data.cityofnewyork.us/Housing-Development/NYCHA-Public-Housing-Developments/phvi-damg","geometry_vintage_note":"NYC Open Data NYCHA Public Housing Developments (current snapshot)"},"geometry":{"type":"MultiPolygon","coordinates":[[[[-73.90250838318156,40.824579202077935],[-73.90321297353601,40.82287751281671],[-73.90553710489644,40.82343403872024],[-73.90482938327465,40.82513541071549],[-73.90250838318156,40.824579202077935]]],[[[-73.9024810029781,40.82634677962579],[-73.90264362581641,40.82595404238285],[-73.90200183377335,40.82580253512353],[-73.90241696958594,40.824799974130244],[-73.90473814226601,40.82535474663175],[-73.90430135995358,40.82640472341435],[-73.90405511843294,40.82634569661453],[-73.903914103439,40.826685074232465],[-73.9024810029781,40.82634677962579]]]]}},{"type":"Feature","properties":{"development_id":"nycha:tds:136","geometry_id":"nycha-polygon:136","name":"FULTON","tds_id":"136","tds_raw":"136","borough":"MANHATTAN","borough_code":"MN","join_method":"tds","join_confidence":"high","geometry_quality":"official_source","source_id":"nycha_development_geometry","source_artifact_id":"nycha-geometry-open-data","source_dataset_id":"phvi-damg","source_url":"https://data.cityofnewyork.us/Housing-Development/NYCHA-Public-Housing-Developments/phvi-damg","geometry_vintage_note":"NYC Open Data NYCHA Public Housing Developments (current snapshot)"},"geometry":{"type":"MultiPolygon","coordinates":[[[[-74.0041686202156,40.742870989943604],[-74.00450115045514,40.742405223545944],[-74.00568536899466,40.742904917391634],[-74.00552069319983,40.74313666994406],[-74.005917537694,40.74330408867866],[-74.00575278476315,40.7435358685688],[-74.0041686202156,40.742870989943604]]],[[[-74.00525848749763,40.74378591250292],[-74.00501262333182,40.74398225284887],[-74.00375834309091,40.743453786878625],[-74.0040867121366,40.74299844882108],[-74.00589555001753,40.74376041532314],[-74.00573299638636,40.74398583117647],[-74.00525848749763,40.74378591250292]]],[[[-74.00331744042957,40.744033616921044],[-74.00364857886773,40.74357986946481],[-74.0046951559344,40.74402055307344],[-74.00442678369231,40.74450141897325],[-74.00331744042957,40.744033616921044]]],[[[-74.00426703711248,40.744847403260216],[-74.00395316360462,40.74472981639874],[-74.00307468582243,40.74435603837961],[-74.00321489458199,40.744162321150874],[-74.00440162108957,40.74466145257884],[-74.00426703711248,40.744847403260216]]]]}},{"type":"Feature","properties":{"development_id":"nycha:tds:252","geometry_id":"nycha-polygon:252","name":"GARVEY (GROUP A)","tds_id":"252","tds_raw":"252","borough":"BROOKLYN","borough_code":"BK","join_method":"tds","join_confidence":"high","geometry_quality":"official_source","source_id":"nycha_development_geometry","source_artifact_id":"nycha-geometry-open-data","source_dataset_id":"phvi-damg","source_url":"https://data.cityofnewyork.us/Housing-Development/NYCHA-Public-Housing-Developments/phvi-damg","geometry_vintage_note":"NYC Open Data NYCHA Public Housing Developments (current snapshot)"},"geometry":{"type":"MultiPolygon","coordinates":[[[[-73.91473006139007,40.669564309178256],[-73.91598050091983,40.6692737240955],[-73.91605049516139,40.66954046477919],[-73.91641429597652,40.66948674284665],[-73.91647976401539,40.66973622428749],[-73.91494897450035,40.67040497940615],[-73.91473006139007,40.669564309178256]]],[[[-73.91393258272521,40.67020897277567],[-73.91465489949323,40.67009791536048],[-73.91475109115781,40.67047252111628],[-73.91407477483997,40.67076729800817],[-73.91393258272521,40.67020897277567]]]]}},{"type":"Feature","properties":{"development_id":"nycha:tds:225","geometry_id":"nycha-polygon:225","name":"GLEBE AVENUE-WESTCHESTER AVENUE","tds_id":"225","tds_raw":"225","borough":"BRONX","borough_code":"BX","join_method":"tds","join_confidence":"high","geometry_quality":"official_source","source_id":"nycha_development_geometry","source_artifact_id":"nycha-geometry-open-data","source_dataset_id":"phvi-damg","source_url":"https://data.cityofnewyork.us/Housing-Development/NYCHA-Public-Housing-Developments/phvi-damg","geometry_vintage_note":"NYC Open Data NYCHA Public Housing Developments (current snapshot)"},"geometry":{"type":"Polygon","coordinates":[[[-73.85042016249908,40.83493468607005],[-73.85109162097841,40.83486361258497],[-73.85102266910464,40.83459408362723],[-73.85126055089408,40.83456890303848],[-73.85140147465461,40.83528836612483],[-73.85053434613002,40.83538103221681],[-73.85042016249908,40.83493468607005]]]}},{"type":"Feature","properties":{"development_id":"nycha:tds:171","geometry_id":"nycha-polygon:171","name":"GLENMORE PLAZA","tds_id":"171","tds_raw":"171","borough":"BROOKLYN","borough_code":"BK","join_method":"tds","join_confidence":"high","geometry_quality":"official_source","source_id":"nycha_development_geometry","source_artifact_id":"nycha-geometry-open-data","source_dataset_id":"phvi-damg","source_url":"https://data.cityofnewyork.us/Housing-Development/NYCHA-Public-Housing-Developments/phvi-damg","geometry_vintage_note":"NYC Open Data NYCHA Public Housing Developments (current snapshot)"},"geometry":{"type":"MultiPolygon","coordinates":[[[[-73.90717039988735,40.670313814013916],[-73.90788400544393,40.67020885974843],[-73.90795341475672,40.67048333941547],[-73.9072754066305,40.670726157565326],[-73.90717039988735,40.670313814013916]]],[[[-73.90488771550017,40.671788415454074],[-73.90483211827362,40.67157295259545],[-73.90526183747285,40.671522664050926],[-73.90510694249375,40.67092239662879],[-73.90695747967634,40.67064558207363],[-73.90716485596344,40.67144779131542],[-73.90665371610984,40.6715242538583],[-73.90660158707911,40.67132225827805],[-73.90617711230054,40.671385754963225],[-73.90622924127814,40.67158775073503],[-73.90488771550017,40.671788415454074]]],[[[-73.90470052986566,40.671592635205805],[-73.90481343211046,40.67179952671781],[-73.90459608260966,40.671832036308544],[-73.90454212975804,40.67161940409437],[-73.90470052986566,40.671592635205805]]]]}},{"type":"Feature","properties":{"development_id":"nycha:tds:44","geometry_id":"nycha-polygon:44","name":"GLENWOOD","tds_id":"44","tds_raw":"044","borough":"BROOKLYN","borough_code":"BK","join_method":"tds","join_confidence":"high","geometry_quality":"official_source","source_id":"nycha_development_geometry","source_artifact_id":"nycha-geometry-open-data","source_dataset_id":"phvi-damg","source_url":"https://data.cityofnewyork.us/Housing-Development/NYCHA-Public-Housing-Developments/phvi-damg","geometry_vintage_note":"NYC Open Data NYCHA Public Housing Developments (current snapshot)"},"geometry":{"type":"Polygon","coordinates":[[[-73.92047624648778,40.63667328908125],[-73.92010651079278,40.63626172781956],[-73.91924244019683,40.6367045002684],[-73.91900470482308,40.634515704542686],[-73.9206898670619,40.633427238050004],[-73.92246090870688,40.63332104825111],[-73.9226928369037,40.635537389927144],[-73.92047624648778,40.63667328908125]]]}},{"type":"Feature","properties":{"development_id":"nycha:tds:100","geometry_id":"nycha-polygon:100","name":"GOMPERS","tds_id":"100","tds_raw":"100","borough":"MANHATTAN","borough_code":"MN","join_method":"tds","join_confidence":"high","geometry_quality":"official_source","source_id":"nycha_development_geometry","source_artifact_id":"nycha-geometry-open-data","source_dataset_id":"phvi-damg","source_url":"https://data.cityofnewyork.us/Housing-Development/NYCHA-Public-Housing-Developments/phvi-damg","geometry_vintage_note":"NYC Open Data NYCHA Public Housing Developments (current snapshot)"},"geometry":{"type":"Polygon","coordinates":[[[-73.98106074170856,40.71913096522944],[-73.98212057301248,40.717069538691995],[-73.98279455395675,40.71727309273121],[-73.98173473907838,40.719334526317205],[-73.98106074170856,40.71913096522944]]]}},{"type":"Feature","properties":{"development_id":"nycha:tds:25","geometry_id":"nycha-polygon:25","name":"GOWANUS","tds_id":"25","tds_raw":"025","borough":"BROOKLYN","borough_code":"BK","join_method":"tds","join_confidence":"high","geometry_quality":"official_source","source_id":"nycha_development_geometry","source_artifact_id":"nycha-geometry-open-data","source_dataset_id":"phvi-damg","source_url":"https://data.cityofnewyork.us/Housing-Development/NYCHA-Public-Housing-Developments/phvi-damg","geometry_vintage_note":"NYC Open Data NYCHA Public Housing Developments (current snapshot)"},"geometry":{"type":"MultiPolygon","coordinates":[[[[-73.98758633928549,40.68306979813025],[-73.98832825078073,40.68197197172264],[-73.99027273414158,40.6827293723156],[-73.98952679242888,40.68382659033507],[-73.98758633928549,40.68306979813025]]],[[[-73.98849078199454,40.68460389960914],[-73.98748080270435,40.684212010294964],[-73.98724277223677,40.684564203941086],[-73.98671457227526,40.684359246649976],[-73.98747062479003,40.68325466111303],[-73.98940021164692,40.684006405970095],[-73.98865334799981,40.68511152908567],[-73.98825275546187,40.684956096227836],[-73.98849078199454,40.68460389960914]]]]}},{"type":"Feature","properties":{"development_id":"nycha:tds:87","geometry_id":"nycha-polygon:87","name":"GRANT","tds_id":"87","tds_raw":"087","borough":"MANHATTAN","borough_code":"MN","join_method":"tds","join_confidence":"high","geometry_quality":"official_source","source_id":"nycha_development_geometry","source_artifact_id":"nycha-geometry-open-data","source_dataset_id":"phvi-damg","source_url":"https://data.cityofnewyork.us/Housing-Development/NYCHA-Public-Housing-Developments/phvi-damg","geometry_vintage_note":"NYC Open Data NYCHA Public Housing Developments (current snapshot)"},"geometry":{"type":"MultiPolygon","coordinates":[[[[-73.95611362384001,40.81295210099938],[-73.95444213069416,40.811028316742345],[-73.95469926328485,40.810675538220664],[-73.9563965087025,40.81139255563717],[-73.95674827125828,40.81090992683744],[-73.95761938763533,40.81127792084453],[-73.9563939191309,40.81295897458993],[-73.95611362384001,40.81295210099938]]],[[[-73.95846854955414,40.815030368245644],[-73.9578421913049,40.81443069709132],[-73.9575389850476,40.81458302468905],[-73.95695167391057,40.8139141499028],[-73.95731657619454,40.81372657060974],[-73.95713289624695,40.81364549913033],[-73.95682428812583,40.81376906817976],[-73.95646683133994,40.81336195490633],[-73.95691908330232,40.81274414944508],[-73.95938036027778,40.813784767893814],[-73.95846854955414,40.815030368245644]]]]}},{"type":"Feature","properties":{"development_id":"nycha:tds:68","geometry_id":"nycha-polygon:68","name":"GRAVESEND","tds_id":"68","tds_raw":"068","borough":"BROOKLYN","borough_code":"BK","join_method":"tds","join_confidence":"high","geometry_quality":"official_source","source_id":"nycha_development_geometry","source_artifact_id":"nycha-geometry-open-data","source_dataset_id":"phvi-damg","source_url":"https://data.cityofnewyork.us/Housing-Development/NYCHA-Public-Housing-Developments/phvi-damg","geometry_vintage_note":"NYC Open Data NYCHA Public Housing Developments (current snapshot)"},"geometry":{"type":"Polygon","coordinates":[[[-73.99806997524999,40.5776923762904],[-73.99988881296454,40.57738056703866],[-74.00055691882423,40.58087125182162],[-74.00006770210057,40.58073710750711],[-73.99850942018539,40.57971132181794],[-73.99806997524999,40.5776923762904]]]}},{"type":"Feature","properties":{"development_id":"nycha:tds:40","geometry_id":"nycha-polygon:40","name":"GUN HILL","tds_id":"40","tds_raw":"040","borough":"BRONX","borough_code":"BX","join_method":"tds","join_confidence":"high","geometry_quality":"official_source","source_id":"nycha_development_geometry","source_artifact_id":"nycha-geometry-open-data","source_dataset_id":"phvi-damg","source_url":"https://data.cityofnewyork.us/Housing-Development/NYCHA-Public-Housing-Developments/phvi-damg","geometry_vintage_note":"NYC Open Data NYCHA Public Housing Developments (current snapshot)"},"geometry":{"type":"Polygon","coordinates":[[[-73.8647890216636,40.876723116972336],[-73.86511015078506,40.87507599124201],[-73.8668790471288,40.8752754278867],[-73.8668572257694,40.875967344469096],[-73.86619661680484,40.877167470958476],[-73.8647890216636,40.876723116972336]]]}},{"type":"Feature","properties":{"development_id":"nycha:tds:142","geometry_id":"nycha-polygon:142","name":"HABER","tds_id":"142","tds_raw":"142","borough":"BROOKLYN","borough_code":"BK","join_method":"tds","join_confidence":"high","geometry_quality":"official_source","source_id":"nycha_development_geometry","source_artifact_id":"nycha-geometry-open-data","source_dataset_id":"phvi-damg","source_url":"https://data.cityofnewyork.us/Housing-Development/NYCHA-Public-Housing-Developments/phvi-damg","geometry_vintage_note":"NYC Open Data NYCHA Public Housing Developments (current snapshot)"},"geometry":{"type":"Polygon","coordinates":[[[-73.99046926554767,40.571869077534615],[-73.99133203280084,40.57179354322852],[-73.99121837797395,40.57195084904844],[-73.99138733755771,40.57208752455867],[-73.99161993135453,40.57332387376086],[-73.99079119499171,40.57355008871606],[-73.99052799189624,40.57217573264364],[-73.99060872987558,40.572017583733555],[-73.99046926554767,40.571869077534615]]]}},{"type":"Feature","properties":{"development_id":"nycha:tds:75","geometry_id":"nycha-polygon:75","name":"HAMMEL","tds_id":"75","tds_raw":"075","borough":"QUEENS","borough_code":"QN","join_method":"tds","join_confidence":"high","geometry_quality":"official_source","source_id":"nycha_development_geometry","source_artifact_id":"nycha-geometry-open-data","source_dataset_id":"phvi-damg","source_url":"https://data.cityofnewyork.us/Housing-Development/NYCHA-Public-Housing-Developments/phvi-damg","geometry_vintage_note":"NYC Open Data NYCHA Public Housing Developments (current snapshot)"},"geometry":{"type":"Polygon","coordinates":[[[-73.8112383629139,40.58901941557542],[-73.81011571807535,40.58976869130053],[-73.81006542786275,40.5892595655467],[-73.81020842301663,40.589060753309],[-73.8100183510452,40.58893035741717],[-73.80986006492061,40.589019410604074],[-73.80986148066711,40.58919344487142],[-73.8094338075282,40.589217624202426],[-73.80946584052303,40.58956053973299],[-73.80989736974436,40.58953614242879],[-73.80992489980763,40.58979899817269],[-73.808987257266,40.58988078693138],[-73.80761542039671,40.589799282671635],[-73.80745454143074,40.5881715413708],[-73.81110820702445,40.58774218646707],[-73.8112383629139,40.58901941557542]]]}},{"type":"Feature","properties":{"development_id":"nycha:tds:262","geometry_id":"nycha-polygon:262","name":"HARBORVIEW TERRACE","tds_id":"262","tds_raw":"262","borough":"MANHATTAN","borough_code":"MN","join_method":"tds","join_confidence":"high","geometry_quality":"official_source","source_id":"nycha_development_geometry","source_artifact_id":"nycha-geometry-open-data","source_dataset_id":"phvi-damg","source_url":"https://data.cityofnewyork.us/Housing-Development/NYCHA-Public-Housing-Developments/phvi-damg","geometry_vintage_note":"NYC Open Data NYCHA Public Housing Developments (current snapshot)"},"geometry":{"type":"MultiPolygon","coordinates":[[[[-73.99057562975682,40.768181748991275],[-73.99093604437795,40.767683885860016],[-73.99148765205793,40.767916085874134],[-73.99130574537035,40.768165427139905],[-73.99146863811141,40.76823355520796],[-73.99128882375398,40.768480035690395],[-73.99057562975682,40.768181748991275]]],[[[-73.98989389283935,40.768706133668076],[-73.99024906257583,40.76821552942196],[-73.99151039962034,40.76874674895425],[-73.99115303218849,40.769236595054515],[-73.98989389283935,40.768706133668076]]]]}},{"type":"Feature","properties":{"development_id":"nycha:tds:184","geometry_id":"nycha-polygon:184","name":"HERNANDEZ","tds_id":"184","tds_raw":"184","borough":"MANHATTAN","borough_code":"MN","join_method":"tds","join_confidence":"high","geometry_quality":"official_source","source_id":"nycha_development_geometry","source_artifact_id":"nycha-geometry-open-data","source_dataset_id":"phvi-damg","source_url":"https://data.cityofnewyork.us/Housing-Development/NYCHA-Public-Housing-Developments/phvi-damg","geometry_vintage_note":"NYC Open Data NYCHA Public Housing Developments (current snapshot)"},"geometry":{"type":"Polygon","coordinates":[[[-73.98922861430326,40.722636291983285],[-73.98929592878602,40.72250538310281],[-73.98909534178779,40.72244465553629],[-73.98934189209153,40.72178050245999],[-73.98993360544631,40.721958228940444],[-73.98953688024103,40.722729619487396],[-73.98922861430326,40.722636291983285]]]}},{"type":"Feature","properties":{"development_id":"nycha:tds:78","geometry_id":"nycha-polygon:78","name":"HIGHBRIDGE GARDENS","tds_id":"78","tds_raw":"078","borough":"BRONX","borough_code":"BX","join_method":"tds","join_confidence":"high","geometry_quality":"official_source","source_id":"nycha_development_geometry","source_artifact_id":"nycha-geometry-open-data","source_dataset_id":"phvi-damg","source_url":"https://data.cityofnewyork.us/Housing-Development/NYCHA-Public-Housing-Developments/phvi-damg","geometry_vintage_note":"NYC Open Data NYCHA Public Housing Developments (current snapshot)"},"geometry":{"type":"Polygon","coordinates":[[[-73.92895266720292,40.8385585296912],[-73.92811404656841,40.83859582539927],[-73.9283853242575,40.838462972317295],[-73.92824459404112,40.838241561488815],[-73.92829457463951,40.83765447868856],[-73.92804828214209,40.837821264264356],[-73.92780620360497,40.83767652789511],[-73.9297502769511,40.83569013093737],[-73.93021591152882,40.83487552215849],[-73.93077304357367,40.8350664664399],[-73.93009718348372,40.837351762242854],[-73.92958363667218,40.83846929769415],[-73.92938059484206,40.838755321648705],[-73.92895266720292,40.8385585296912]]]}},{"type":"Feature","properties":{"development_id":"nycha:tds:215","geometry_id":"nycha-polygon:215","name":"HOE AVENUE-EAST 173RD STREET","tds_id":"215","tds_raw":"215","borough":"BRONX","borough_code":"BX","join_method":"tds","join_confidence":"high","geometry_quality":"official_source","source_id":"nycha_development_geometry","source_artifact_id":"nycha-geometry-open-data","source_dataset_id":"phvi-damg","source_url":"https://data.cityofnewyork.us/Housing-Development/NYCHA-Public-Housing-Developments/phvi-damg","geometry_vintage_note":"NYC Open Data NYCHA Public Housing Developments (current snapshot)"},"geometry":{"type":"Polygon","coordinates":[[[-73.88663116278227,40.836507777468476],[-73.88696242240009,40.83595873698805],[-73.8872956644291,40.83607483789916],[-73.88696750087729,40.836624957548494],[-73.88663116278227,40.836507777468476]]]}},{"type":"Feature","properties":{"development_id":"nycha:tds:159","geometry_id":"nycha-polygon:159","name":"HOLMES TOWERS","tds_id":"159","tds_raw":"159","borough":"MANHATTAN","borough_code":"MN","join_method":"tds","join_confidence":"high","geometry_quality":"official_source","source_id":"nycha_development_geometry","source_artifact_id":"nycha-geometry-open-data","source_dataset_id":"phvi-damg","source_url":"https://data.cityofnewyork.us/Housing-Development/NYCHA-Public-Housing-Developments/phvi-damg","geometry_vintage_note":"NYC Open Data NYCHA Public Housing Developments (current snapshot)"},"geometry":{"type":"Polygon","coordinates":[[[-73.94445491917332,40.7807108130645],[-73.94490592618659,40.780094174830325],[-73.9463737055292,40.78071270890038],[-73.94592270791856,40.78132935372121],[-73.94445491917332,40.7807108130645]]]}},{"type":"Feature","properties":{"development_id":"nycha:tds:72","geometry_id":"nycha-polygon:72","name":"HOWARD","tds_id":"72","tds_raw":"072","borough":"BROOKLYN","borough_code":"BK","join_method":"tds","join_confidence":"high","geometry_quality":"official_source","source_id":"nycha_development_geometry","source_artifact_id":"nycha-geometry-open-data","source_dataset_id":"phvi-damg","source_url":"https://data.cityofnewyork.us/Housing-Development/NYCHA-Public-Housing-Developments/phvi-damg","geometry_vintage_note":"NYC Open Data NYCHA Public Housing Developments (current snapshot)"},"geometry":{"type":"Polygon","coordinates":[[[-73.90760273049881,40.671992004896154],[-73.90888002950108,40.67179735776954],[-73.90873490668776,40.671230269914766],[-73.90839867657952,40.671279853450415],[-73.90818091777061,40.67046183949166],[-73.9103559838802,40.670136649599016],[-73.91081590720394,40.67190670247724],[-73.9106018384748,40.671939450183096],[-73.91067103453297,40.672228311013825],[-73.90796500403654,40.6733999849162],[-73.90760273049881,40.671992004896154]]]}},{"type":"Feature","properties":{"development_id":"nycha:tds:168","geometry_id":"nycha-polygon:168","name":"HUGHES APARTMENTS","tds_id":"168","tds_raw":"168","borough":"BROOKLYN","borough_code":"BK","join_method":"tds","join_confidence":"high","geometry_quality":"official_source","source_id":"nycha_development_geometry","source_artifact_id":"nycha-geometry-open-data","source_dataset_id":"phvi-damg","source_url":"https://data.cityofnewyork.us/Housing-Development/NYCHA-Public-Housing-Developments/phvi-damg","geometry_vintage_note":"NYC Open Data NYCHA Public Housing Developments (current snapshot)"},"geometry":{"type":"Polygon","coordinates":[[[-73.9070729690001,40.66847915013017],[-73.9068834969595,40.66774350126915],[-73.90963963394609,40.667333200581716],[-73.90988350586527,40.66827058063591],[-73.90952537139306,40.66832337415654],[-73.90948772842675,40.668177996745584],[-73.90928333630605,40.66820939524051],[-73.90935259803706,40.66849509804156],[-73.90925979381689,40.668508875717016],[-73.90919064419344,40.66822363401293],[-73.9070729690001,40.66847915013017]]]}},{"type":"Feature","properties":{"development_id":"nycha:tds:367","geometry_id":"nycha-polygon:367","name":"HUNTS POINT AVENUE REHAB","tds_id":"367","tds_raw":"367","borough":"BRONX","borough_code":"BX","join_method":"tds","join_confidence":"high","geometry_quality":"official_source","source_id":"nycha_development_geometry","source_artifact_id":"nycha-geometry-open-data","source_dataset_id":"phvi-damg","source_url":"https://data.cityofnewyork.us/Housing-Development/NYCHA-Public-Housing-Developments/phvi-damg","geometry_vintage_note":"NYC Open Data NYCHA Public Housing Developments (current snapshot)"},"geometry":{"type":"MultiPolygon","coordinates":[[[[-73.88853295491737,40.817231705765295],[-73.8888625626736,40.81711947707359],[-73.88962127675252,40.8183822708649],[-73.88929122994563,40.8184946498677],[-73.88853295491737,40.817231705765295]]],[[[-73.88862037486788,40.818784607745904],[-73.88885422549691,40.81874954201474],[-73.88901975426381,40.819023939753784],[-73.88869891656365,40.81907838883309],[-73.88862037486788,40.818784607745904]]]]}},{"type":"Feature","properties":{"development_id":"nycha:tds:109","geometry_id":"nycha-polygon:109","name":"HYLAN","tds_id":"109","tds_raw":"109","borough":"BROOKLYN","borough_code":"BK","join_method":"tds","join_confidence":"high","geometry_quality":"official_source","source_id":"nycha_development_geometry","source_artifact_id":"nycha-geometry-open-data","source_dataset_id":"phvi-damg","source_url":"https://data.cityofnewyork.us/Housing-Development/NYCHA-Public-Housing-Developments/phvi-damg","geometry_vintage_note":"NYC Open Data NYCHA Public Housing Developments (current snapshot)"},"geometry":{"type":"Polygon","coordinates":[[[-73.93931534630042,40.704533604675184],[-73.9389587874065,40.7042047023201],[-73.9407501507039,40.70403509763173],[-73.94083826102614,40.70456144887054],[-73.93985480667907,40.70465584322789],[-73.93980923397221,40.70438356678116],[-73.93931534630042,40.704533604675184]]]}},{"type":"Feature","properties":{"development_id":"nycha:tds:14","geometry_id":"nycha-polygon:14","name":"INGERSOLL","tds_id":"14","tds_raw":"014","borough":"BROOKLYN","borough_code":"BK","join_method":"tds","join_confidence":"high","geometry_quality":"official_source","source_id":"nycha_development_geometry","source_artifact_id":"nycha-geometry-open-data","source_dataset_id":"phvi-damg","source_url":"https://data.cityofnewyork.us/Housing-Development/NYCHA-Public-Housing-Developments/phvi-damg","geometry_vintage_note":"NYC Open Data NYCHA Public Housing Developments (current snapshot)"},"geometry":{"type":"MultiPolygon","coordinates":[[[[-73.98042666711433,40.69573898481464],[-73.98019760360116,40.69450105318759],[-73.97931423055259,40.693595455600665],[-73.982420592824,40.693709569012334],[-73.98234438427612,40.69524654348188],[-73.9817203893802,40.695311951155325],[-73.98169922428356,40.69573874394688],[-73.98073684567665,40.695938436750055],[-73.98042666711433,40.69573898481464]]],[[[-73.97848150042157,40.69384290701967],[-73.97842184953178,40.69354614715444],[-73.97904690763207,40.69357151573467],[-73.97921934602373,40.69392079919411],[-73.97993164743392,40.69454570947197],[-73.98019256140138,40.69594185005927],[-73.98005562309123,40.69608010101571],[-73.97837845249401,40.69607339460841],[-73.97813067865977,40.69484084406474],[-73.97829918391466,40.69464147182808],[-73.97825899142643,40.6944330540765],[-73.97848150042157,40.69384290701967]]],[[[-73.97760933302057,40.69801949359877],[-73.97746017427802,40.69646492067724],[-73.97838649095351,40.69650357005801],[-73.97839264606779,40.698050415628465],[-73.97760933302057,40.69801949359877]]]]}},{"type":"Feature","properties":{"development_id":"nycha:tds:316","geometry_id":"nycha-polygon:316","name":"INTERNATIONAL TOWER","tds_id":"316","tds_raw":"316","borough":"QUEENS","borough_code":"QN","join_method":"tds","join_confidence":"high","geometry_quality":"official_source","source_id":"nycha_development_geometry","source_artifact_id":"nycha-geometry-open-data","source_dataset_id":"phvi-damg","source_url":"https://data.cityofnewyork.us/Housing-Development/NYCHA-Public-Housing-Developments/phvi-damg","geometry_vintage_note":"NYC Open Data NYCHA Public Housing Developments (current snapshot)"},"geometry":{"type":"Polygon","coordinates":[[[-73.7902064620628,40.707764641030806],[-73.79061952341452,40.70762349375355],[-73.79111992999766,40.708475880016096],[-73.79070686442904,40.70861702727224],[-73.7902064620628,40.707764641030806]]]}},{"type":"Feature","properties":{"development_id":"nycha:tds:139","geometry_id":"nycha-polygon:139","name":"ISAACS","tds_id":"139","tds_raw":"139","borough":"MANHATTAN","borough_code":"MN","join_method":"tds","join_confidence":"high","geometry_quality":"official_source","source_id":"nycha_development_geometry","source_artifact_id":"nycha-geometry-open-data","source_dataset_id":"phvi-damg","source_url":"https://data.cityofnewyork.us/Housing-Development/NYCHA-Public-Housing-Developments/phvi-damg","geometry_vintage_note":"NYC Open Data NYCHA Public Housing Developments (current snapshot)"},"geometry":{"type":"Polygon","coordinates":[[[-73.94451669501258,40.78237726578142],[-73.94445491917332,40.7807108130645],[-73.94592270791856,40.78132935372121],[-73.94500558362887,40.78258328729673],[-73.94451669501258,40.78237726578142]]]}},{"type":"Feature","properties":{"development_id":"nycha:tds:120","geometry_id":"nycha-polygon:120","name":"JACKSON","tds_id":"120","tds_raw":"120","borough":"BRONX","borough_code":"BX","join_method":"tds","join_confidence":"high","geometry_quality":"official_source","source_id":"nycha_development_geometry","source_artifact_id":"nycha-geometry-open-data","source_dataset_id":"phvi-damg","source_url":"https://data.cityofnewyork.us/Housing-Development/NYCHA-Public-Housing-Developments/phvi-damg","geometry_vintage_note":"NYC Open Data NYCHA Public Housing Developments (current snapshot)"},"geometry":{"type":"Polygon","coordinates":[[[-73.91677841360283,40.82276974971988],[-73.91750762310022,40.82140630268995],[-73.92011549049046,40.82211631352498],[-73.9183449968641,40.823251038581795],[-73.91677841360283,40.82276974971988]]]}},{"type":"Feature","properties":{"development_id":"nycha:tds:64","geometry_id":"nycha-polygon:64","name":"JEFFERSON","tds_id":"64","tds_raw":"064","borough":"MANHATTAN","borough_code":"MN","join_method":"tds","join_confidence":"high","geometry_quality":"official_source","source_id":"nycha_development_geometry","source_artifact_id":"nycha-geometry-open-data","source_dataset_id":"phvi-damg","source_url":"https://data.cityofnewyork.us/Housing-Development/NYCHA-Public-Housing-Developments/phvi-damg","geometry_vintage_note":"NYC Open Data NYCHA Public Housing Developments (current snapshot)"},"geometry":{"type":"MultiPolygon","coordinates":[[[[-73.93939061758971,40.79507167817615],[-73.93972089443263,40.79462210739954],[-73.94039882077334,40.7949098482521],[-73.94006979039247,40.79535772865702],[-73.93939061758971,40.79507167817615]]],[[[-73.9361626588743,40.79527178720231],[-73.93737186139465,40.7936152510668],[-73.93941947973934,40.79447901928773],[-73.93909322802799,40.79492842294495],[-73.93818157737732,40.79445194043692],[-73.9379047521055,40.794618817306755],[-73.93803698898245,40.794675042759664],[-73.93785528647143,40.79492182425167],[-73.93880157209585,40.79532416791655],[-73.93820592695504,40.7961331492821],[-73.9361626588743,40.79527178720231]]],[[[-73.93850853666683,40.796269318121844],[-73.93928770579674,40.79521098990937],[-73.94034071868009,40.79573923185863],[-73.940909754119,40.795125659518675],[-73.94164639567757,40.7954367991707],[-73.94044010105578,40.797085172182406],[-73.93850853666683,40.796269318121844]]]]}},{"type":"Feature","properties":{"development_id":"nycha:tds:17","geometry_id":"nycha-polygon:17","name":"JOHNSON","tds_id":"17","tds_raw":"017","borough":"MANHATTAN","borough_code":"MN","join_method":"tds","join_confidence":"high","geometry_quality":"official_source","source_id":"nycha_development_geometry","source_artifact_id":"nycha-geometry-open-data","source_dataset_id":"phvi-damg","source_url":"https://data.cityofnewyork.us/Housing-Development/NYCHA-Public-Housing-Developments/phvi-damg","geometry_vintage_note":"NYC Open Data NYCHA Public Housing Developments (current snapshot)"},"geometry":{"type":"MultiPolygon","coordinates":[[[[-73.94246547000672,40.79725404237321],[-73.94117359846769,40.79667202043218],[-73.94199268828619,40.795554521633555],[-73.94330563541459,40.79610776129323],[-73.94246547000672,40.79725404237321]]],[[[-73.94232807198631,40.79792152854907],[-73.94357442265346,40.79622101668458],[-73.94477291665777,40.79672600403456],[-73.94352658715138,40.79842652872244],[-73.94232807198631,40.79792152854907]]]]}},{"type":"Feature","properties":{"development_id":"nycha:tds:30","geometry_id":"nycha-polygon:30","name":"KING TOWERS","tds_id":"30","tds_raw":"030","borough":"MANHATTAN","borough_code":"MN","join_method":"tds","join_confidence":"high","geometry_quality":"official_source","source_id":"nycha_development_geometry","source_artifact_id":"nycha-geometry-open-data","source_dataset_id":"phvi-damg","source_url":"https://data.cityofnewyork.us/Housing-Development/NYCHA-Public-Housing-Developments/phvi-damg","geometry_vintage_note":"NYC Open Data NYCHA Public Housing Developments (current snapshot)"},"geometry":{"type":"MultiPolygon","coordinates":[[[[-73.94721623458375,40.79992608616109],[-73.9484004586719,40.79830566840746],[-73.95124003553487,40.79950025454432],[-73.9509013898285,40.799963673453355],[-73.95039171313616,40.79974926426647],[-73.94987760164274,40.80045277486389],[-73.95038728206589,40.800667186300174],[-73.9500558581343,40.80112070116229],[-73.94721623458375,40.79992608616109]]],[[[-73.95556891164148,40.80238598617641],[-73.95569480273369,40.80211376156628],[-73.95575060209174,40.802137306733414],[-73.95556891164148,40.80238598617641]]],[[[-73.95504051773136,40.80330911052904],[-73.95522023298365,40.803063174105965],[-73.95529777368154,40.803095846383364],[-73.95511806099671,40.803341783827264],[-73.95504051773136,40.80330911052904]]]]}},{"type":"Feature","properties":{"development_id":"nycha:tds:10","geometry_id":"nycha-polygon:10","name":"KINGSBOROUGH","tds_id":"10","tds_raw":"010","borough":"BROOKLYN","borough_code":"BK","join_method":"tds","join_confidence":"high","geometry_quality":"official_source","source_id":"nycha_development_geometry","source_artifact_id":"nycha-geometry-open-data","source_dataset_id":"phvi-damg","source_url":"https://data.cityofnewyork.us/Housing-Development/NYCHA-Public-Housing-Developments/phvi-damg","geometry_vintage_note":"NYC Open Data NYCHA Public Housing Developments (current snapshot)"},"geometry":{"type":"MultiPolygon","coordinates":[[[[-73.9205990929342,40.675969484487915],[-73.92065205524642,40.6753725983259],[-73.92184218724643,40.67543863996961],[-73.92178929186514,40.67603489545184],[-73.9205990929342,40.675969484487915]]],[[[-73.92205095773835,40.67574923781082],[-73.92215546935694,40.67466753134053],[-73.92380923961538,40.67475809107271],[-73.92375166457676,40.67535415618721],[-73.92481526824552,40.6754123855499],[-73.92487283382854,40.67481631990739],[-73.92762856192675,40.6749671423086],[-73.92749895577738,40.67635241317875],[-73.92439570357688,40.67618161340361],[-73.92442483937552,40.67587995007728],[-73.92205095773835,40.67574923781082]]]]}},{"type":"Feature","properties":{"development_id":"nycha:tds:161","geometry_id":"nycha-polygon:161","name":"KINGSBOROUGH EXTENSION","tds_id":"161","tds_raw":"161","borough":"BROOKLYN","borough_code":"BK","join_method":"tds","join_confidence":"high","geometry_quality":"official_source","source_id":"nycha_development_geometry","source_artifact_id":"nycha-geometry-open-data","source_dataset_id":"phvi-damg","source_url":"https://data.cityofnewyork.us/Housing-Development/NYCHA-Public-Housing-Developments/phvi-damg","geometry_vintage_note":"NYC Open Data NYCHA Public Housing Developments (current snapshot)"},"geometry":{"type":"Polygon","coordinates":[[[-73.92380923961538,40.67475809107259],[-73.92487283382854,40.67481631990736],[-73.92481526824552,40.675412385549855],[-73.92375166457676,40.675354156187076],[-73.92380923961538,40.67475809107259]]]}},{"type":"Feature","properties":{"development_id":"nycha:tds:76","geometry_id":"nycha-polygon:76","name":"LA GUARDIA","tds_id":"76","tds_raw":"076","borough":"MANHATTAN","borough_code":"MN","join_method":"tds","join_confidence":"high","geometry_quality":"official_source","source_id":"nycha_development_geometry","source_artifact_id":"nycha-geometry-open-data","source_dataset_id":"phvi-damg","source_url":"https://data.cityofnewyork.us/Housing-Development/NYCHA-Public-Housing-Developments/phvi-damg","geometry_vintage_note":"NYC Open Data NYCHA Public Housing Developments (current snapshot)"},"geometry":{"type":"MultiPolygon","coordinates":[[[[-73.98703736385121,40.71278715668721],[-73.98685676733992,40.71160795981668],[-73.98817123487464,40.71148393906621],[-73.98813012160483,40.71199594541782],[-73.98831177735411,40.71210127152532],[-73.98855936958095,40.71203583467421],[-73.98852081889589,40.711784121887206],[-73.98881213848814,40.711760884973465],[-73.98876909728517,40.71148002499255],[-73.98955666941424,40.71140570614033],[-73.98973399452778,40.71256345284988],[-73.98703736385121,40.71278715668721]],[[-73.98816188338488,40.71254398416479],[-73.98810466929976,40.71218983174466],[-73.98790777815887,40.712208356347844],[-73.98796499003006,40.71256250976556],[-73.98816188338488,40.71254398416479]]],[[[-73.98503239363289,40.71183256397831],[-73.9865895868941,40.71168566559097],[-73.98675980049234,40.71279722522552],[-73.98521104164051,40.712999524590394],[-73.98503239363289,40.71183256397831]]]]}},{"type":"Feature","properties":{"development_id":"nycha:tds:152","geometry_id":"nycha-polygon:152","name":"LA GUARDIA ADDITION","tds_id":"152","tds_raw":"152","borough":"MANHATTAN","borough_code":"MN","join_method":"tds","join_confidence":"high","geometry_quality":"official_source","source_id":"nycha_development_geometry","source_artifact_id":"nycha-geometry-open-data","source_dataset_id":"phvi-damg","source_url":"https://data.cityofnewyork.us/Housing-Development/NYCHA-Public-Housing-Developments/phvi-damg","geometry_vintage_note":"NYC Open Data NYCHA Public Housing Developments (current snapshot)"},"geometry":{"type":"Polygon","coordinates":[[[-73.98876909728517,40.71148002499255],[-73.98881213848814,40.71176088497325],[-73.98852081889605,40.711784121887206],[-73.98855936958111,40.71203583467421],[-73.98847493157136,40.71204410464641],[-73.98839173935292,40.711463132699045],[-73.98876909728517,40.71148002499255]]]}},{"type":"Feature","properties":{"development_id":"nycha:tds:122","geometry_id":"nycha-polygon:122","name":"LAFAYETTE","tds_id":"122","tds_raw":"122","borough":"BROOKLYN","borough_code":"BK","join_method":"tds","join_confidence":"high","geometry_quality":"official_source","source_id":"nycha_development_geometry","source_artifact_id":"nycha-geometry-open-data","source_dataset_id":"phvi-damg","source_url":"https://data.cityofnewyork.us/Housing-Development/NYCHA-Public-Housing-Developments/phvi-damg","geometry_vintage_note":"NYC Open Data NYCHA Public Housing Developments (current snapshot)"},"geometry":{"type":"Polygon","coordinates":[[[-73.95734169044673,40.68930956406438],[-73.95987526947764,40.68901527263642],[-73.96012173654864,40.69024396741139],[-73.95741386494693,40.69055557797605],[-73.95722500812089,40.689616233813815],[-73.95734169044673,40.68930956406438]]]}},{"type":"Feature","properties":{"development_id":"nycha:tds:186","geometry_id":"nycha-polygon:186","name":"LATIMER GARDENS","tds_id":"186","tds_raw":"186","borough":"QUEENS","borough_code":"QN","join_method":"tds","join_confidence":"high","geometry_quality":"official_source","source_id":"nycha_development_geometry","source_artifact_id":"nycha-geometry-open-data","source_dataset_id":"phvi-damg","source_url":"https://data.cityofnewyork.us/Housing-Development/NYCHA-Public-Housing-Developments/phvi-damg","geometry_vintage_note":"NYC Open Data NYCHA Public Housing Developments (current snapshot)"},"geometry":{"type":"Polygon","coordinates":[[[-73.82922535348638,40.765334515768714],[-73.829983762503,40.7656700636218],[-73.82972370522482,40.76503051145906],[-73.8300955396647,40.764943180964195],[-73.83025020862942,40.765323552922254],[-73.83078209095302,40.76519862927429],[-73.83131554830545,40.766510481013036],[-73.83043546549627,40.76671645485787],[-73.83016326628979,40.76606087674071],[-73.82923471218373,40.765638571863846],[-73.82922535348638,40.765334515768714]]]}},{"type":"Feature","properties":{"development_id":"nycha:tds:201","geometry_id":"nycha-polygon:201","name":"LEAVITT STREET-34TH AVENUE","tds_id":"201","tds_raw":"201","borough":"QUEENS","borough_code":"QN","join_method":"tds","join_confidence":"high","geometry_quality":"official_source","source_id":"nycha_development_geometry","source_artifact_id":"nycha-geometry-open-data","source_dataset_id":"phvi-damg","source_url":"https://data.cityofnewyork.us/Housing-Development/NYCHA-Public-Housing-Developments/phvi-damg","geometry_vintage_note":"NYC Open Data NYCHA Public Housing Developments (current snapshot)"},"geometry":{"type":"Polygon","coordinates":[[[-73.82833702751482,40.76700611432776],[-73.82848487963837,40.766676390218066],[-73.82898106528324,40.76679682119539],[-73.82896740963795,40.76715911569075],[-73.82833702751482,40.76700611432776]]]}},{"type":"Feature","properties":{"development_id":"nycha:tds:101","geometry_id":"nycha-polygon:101","name":"LEHMAN VILLAGE","tds_id":"101","tds_raw":"101","borough":"MANHATTAN","borough_code":"MN","join_method":"tds","join_confidence":"high","geometry_quality":"official_source","source_id":"nycha_development_geometry","source_artifact_id":"nycha-geometry-open-data","source_dataset_id":"phvi-damg","source_url":"https://data.cityofnewyork.us/Housing-Development/NYCHA-Public-Housing-Developments/phvi-damg","geometry_vintage_note":"NYC Open Data NYCHA Public Housing Developments (current snapshot)"},"geometry":{"type":"MultiPolygon","coordinates":[[[[-73.94722074631696,40.794261153309655],[-73.947678602113,40.79363200877965],[-73.94893568563968,40.794158141393055],[-73.94847523458584,40.79478766610971],[-73.94722074631696,40.794261153309655]]],[[[-73.94634668129687,40.79548529026237],[-73.94667595822398,40.795034166491554],[-73.94792023499141,40.79555852384172],[-73.94758863462305,40.79600779053842],[-73.94634668129687,40.79548529026237]]]]}},{"type":"Feature","properties":{"development_id":"nycha:tds:50","geometry_id":"nycha-polygon:50","name":"LEXINGTON","tds_id":"50","tds_raw":"050","borough":"MANHATTAN","borough_code":"MN","join_method":"tds","join_confidence":"high","geometry_quality":"official_source","source_id":"nycha_development_geometry","source_artifact_id":"nycha-geometry-open-data","source_dataset_id":"phvi-damg","source_url":"https://data.cityofnewyork.us/Housing-Development/NYCHA-Public-Housing-Developments/phvi-damg","geometry_vintage_note":"NYC Open Data NYCHA Public Housing Developments (current snapshot)"},"geometry":{"type":"MultiPolygon","coordinates":[[[[-73.94822123569975,40.786979831962846],[-73.94847260160962,40.78663598558816],[-73.9498173858255,40.78720323915807],[-73.94946254465607,40.78768864419629],[-73.9485629618347,40.78730918658862],[-73.94866644322059,40.787167631627135],[-73.94822123569975,40.786979831962846]]],[[[-73.94969243391121,40.787785613472316],[-73.95004727392141,40.78730020773344],[-73.95124160534151,40.78780397142741],[-73.95088677135377,40.7882893808054],[-73.94969243391121,40.787785613472316]]]]}},{"type":"Feature","properties":{"development_id":"nycha:tds:20","geometry_id":"nycha-polygon:20","name":"LINCOLN","tds_id":"20","tds_raw":"020","borough":"MANHATTAN","borough_code":"MN","join_method":"tds","join_confidence":"high","geometry_quality":"official_source","source_id":"nycha_development_geometry","source_artifact_id":"nycha-geometry-open-data","source_dataset_id":"phvi-damg","source_url":"https://data.cityofnewyork.us/Housing-Development/NYCHA-Public-Housing-Developments/phvi-damg","geometry_vintage_note":"NYC Open Data NYCHA Public Housing Developments (current snapshot)"},"geometry":{"type":"MultiPolygon","coordinates":[[[[-73.93538730760831,40.81047642029103],[-73.93595447704887,40.80970066241052],[-73.93720763947101,40.810229842304885],[-73.93600251226236,40.811878208144115],[-73.93506373818818,40.81148178569916],[-73.93538730760831,40.81047642029103]]],[[[-73.93685976715332,40.811845644249836],[-73.93656292464343,40.81214603320361],[-73.93623386545919,40.81200708408821],[-73.93745641364374,40.810334890940425],[-73.93878999795572,40.810898001810756],[-73.93780779868489,40.812241489718986],[-73.93685976715332,40.811845644249836]]]]}},{"type":"Feature","properties":{"development_id":"nycha:tds:276","geometry_id":"nycha-polygon:276","name":"LONG ISLAND BAPTIST HOUSES","tds_id":"276","tds_raw":"276","borough":"BROOKLYN","borough_code":"BK","join_method":"tds","join_confidence":"high","geometry_quality":"official_source","source_id":"nycha_development_geometry","source_artifact_id":"nycha-geometry-open-data","source_dataset_id":"phvi-damg","source_url":"https://data.cityofnewyork.us/Housing-Development/NYCHA-Public-Housing-Developments/phvi-damg","geometry_vintage_note":"NYC Open Data NYCHA Public Housing Developments (current snapshot)"},"geometry":{"type":"MultiPolygon","coordinates":[[[[-73.89588382299198,40.667578115235095],[-73.8955396236645,40.66622760223633],[-73.89622637262732,40.66612193762913],[-73.89629762828855,40.6664014492522],[-73.89595190249112,40.66645108512151],[-73.89615797431057,40.667259441562486],[-73.89650370532846,40.667209804179336],[-73.89657239957266,40.667479256323425],[-73.89588382299198,40.667578115235095]]],[[[-73.89867460936345,40.667357228676146],[-73.899029648234,40.66730479219611],[-73.89930451632722,40.668387776940676],[-73.89894946058327,40.668439882862536],[-73.89867460936345,40.667357228676146]]],[[[-73.89804153144613,40.66858020076861],[-73.89873579337541,40.6684741478329],[-73.8988035243935,40.66874451897536],[-73.89811107438848,40.66885029566414],[-73.89804153144613,40.66858020076861]]]]}},{"type":"Feature","properties":{"development_id":"nycha:tds:362","geometry_id":"nycha-polygon:362","name":"LONGFELLOW AVENUE REHAB","tds_id":"362","tds_raw":"362","borough":"BRONX","borough_code":"BX","join_method":"tds","join_confidence":"high","geometry_quality":"official_source","source_id":"nycha_development_geometry","source_artifact_id":"nycha-geometry-open-data","source_dataset_id":"phvi-damg","source_url":"https://data.cityofnewyork.us/Housing-Development/NYCHA-Public-Housing-Developments/phvi-damg","geometry_vintage_note":"NYC Open Data NYCHA Public Housing Developments (current snapshot)"},"geometry":{"type":"MultiPolygon","coordinates":[[[[-73.88793257065394,40.825852198805194],[-73.88829594424742,40.82583417494214],[-73.88831877792266,40.82610855750652],[-73.88795691916856,40.826126505471066],[-73.88793257065394,40.825852198805194]]],[[[-73.88739984774747,40.82631553980716],[-73.8877612575479,40.82629809202762],[-73.88778642819257,40.8266314720479],[-73.88747165649957,40.826792638661125],[-73.88727190965575,40.826568417278985],[-73.88742255789418,40.82649128387647],[-73.88739984774747,40.82631553980716]]]]}},{"type":"Feature","properties":{"development_id":"nycha:tds:169","geometry_id":"nycha-polygon:169","name":"LOW HOUSES","tds_id":"169","tds_raw":"169","borough":"BROOKLYN","borough_code":"BK","join_method":"tds","join_confidence":"high","geometry_quality":"official_source","source_id":"nycha_development_geometry","source_artifact_id":"nycha-geometry-open-data","source_dataset_id":"phvi-damg","source_url":"https://data.cityofnewyork.us/Housing-Development/NYCHA-Public-Housing-Developments/phvi-damg","geometry_vintage_note":"NYC Open Data NYCHA Public Housing Developments (current snapshot)"},"geometry":{"type":"MultiPolygon","coordinates":[[[[-73.90369745673928,40.66821841303858],[-73.90440393900215,40.668110854782995],[-73.90467294377424,40.66918827086662],[-73.90397168773015,40.669291500048125],[-73.90369745673928,40.66821841303858]]],[[[-73.90400484761184,40.669452488659985],[-73.90564585302366,40.66920470227777],[-73.90591915096621,40.67030784654772],[-73.90428526497158,40.670555022285484],[-73.90400484761184,40.669452488659985]]]]}},{"type":"Feature","properties":{"development_id":"nycha:tds:326","geometry_id":"nycha-polygon:326","name":"LOWER EAST SIDE I INFILL","tds_id":"326","tds_raw":"326","borough":"MANHATTAN","borough_code":"MN","join_method":"tds","join_confidence":"high","geometry_quality":"official_source","source_id":"nycha_development_geometry","source_artifact_id":"nycha-geometry-open-data","source_dataset_id":"phvi-damg","source_url":"https://data.cityofnewyork.us/Housing-Development/NYCHA-Public-Housing-Developments/phvi-damg","geometry_vintage_note":"NYC Open Data NYCHA Public Housing Developments (current snapshot)"},"geometry":{"type":"MultiPolygon","coordinates":[[[[-73.99120800510597,40.720569615174675],[-73.99086868350462,40.720469466496425],[-73.99106646542911,40.72008278784268],[-73.99140489035123,40.720184678362536],[-73.99120800510597,40.720569615174675]]],[[[-73.9893819240862,40.721653220039],[-73.98948347522465,40.72145490654166],[-73.98978851334147,40.72154674815227],[-73.99011070788164,40.72091753440441],[-73.99041256896942,40.72100841775435],[-73.98998882722903,40.72183594636674],[-73.9893819240862,40.721653220039]]],[[[-73.99025180725118,40.721684400574766],[-73.99057763389354,40.721048084420964],[-73.99091704058742,40.72115019706677],[-73.99062278141565,40.72172486876648],[-73.99096255496724,40.7218271623008],[-73.99082859532018,40.722088777629786],[-73.99030206508314,40.72193025381999],[-73.99040442726898,40.72173035108763],[-73.99025180725118,40.721684400574766]]]]}},{"type":"Feature","properties":{"development_id":"nycha:tds:337","geometry_id":"nycha-polygon:337","name":"LOWER EAST SIDE II","tds_id":"337","tds_raw":"337","borough":"MANHATTAN","borough_code":"MN","join_method":"tds","join_confidence":"high","geometry_quality":"official_source","source_id":"nycha_development_geometry","source_artifact_id":"nycha-geometry-open-data","source_dataset_id":"phvi-damg","source_url":"https://data.cityofnewyork.us/Housing-Development/NYCHA-Public-Housing-Developments/phvi-damg","geometry_vintage_note":"NYC Open Data NYCHA Public Housing Developments (current snapshot)"},"geometry":{"type":"MultiPolygon","coordinates":[[[[-73.97921385784856,40.72338389839016],[-73.9779199759817,40.72283513746303],[-73.97801168839945,40.72256775234384],[-73.97773225578686,40.722449229418324],[-73.97756207605075,40.72268332883329],[-73.97735799973363,40.72259677243843],[-73.97768025416362,40.72211546442387],[-73.97881365951571,40.7225962012169],[-73.97864110072032,40.72283353101056],[-73.97880338184235,40.722902360819035],[-73.9789759414211,40.722665031685295],[-73.97955721932505,40.72291154905235],[-73.97921385784856,40.72338389839016]]],[[[-73.98018475361131,40.72299271181045],[-73.98035541416886,40.72275722272837],[-73.98137342460639,40.723186948401995],[-73.9812027132617,40.723422511911835],[-73.98018475361131,40.72299271181045]]],[[[-73.9812812616471,40.723455676058975],[-73.98145197753527,40.723220106130945],[-73.98160845045949,40.723286154775714],[-73.98143772666653,40.723521736638915],[-73.9812812616471,40.723455676058975]]],[[[-73.97980058359255,40.72363201929363],[-73.9800940711485,40.723128160693626],[-73.98073068946822,40.723395764398056],[-73.98055674562718,40.72363382711738],[-73.98030896188067,40.72353005353955],[-73.98013229507549,40.72377182344519],[-73.97980058359255,40.72363201929363]]]]}},{"type":"Feature","properties":{"development_id":"nycha:tds:364","geometry_id":"nycha-polygon:364","name":"LOWER EAST SIDE III","tds_id":"364","tds_raw":"364","borough":"MANHATTAN","borough_code":"MN","join_method":"tds","join_confidence":"high","geometry_quality":"official_source","source_id":"nycha_development_geometry","source_artifact_id":"nycha-geometry-open-data","source_dataset_id":"phvi-damg","source_url":"https://data.cityofnewyork.us/Housing-Development/NYCHA-Public-Housing-Developments/phvi-damg","geometry_vintage_note":"NYC Open Data NYCHA Public Housing Developments (current snapshot)"},"geometry":{"type":"Polygon","coordinates":[[[-73.97629373087453,40.72449613311553],[-73.97669748419644,40.72405199973545],[-73.97735119071866,40.72432674407559],[-73.97708357587409,40.72482973176793],[-73.97629373087453,40.72449613311553]]]}},{"type":"Feature","properties":{"development_id":"nycha:tds:292","geometry_id":"nycha-polygon:292","name":"LOWER EAST SIDE REHAB (GROUP 5)","tds_id":"292","tds_raw":"292","borough":"MANHATTAN","borough_code":"MN","join_method":"tds","join_confidence":"high","geometry_quality":"official_source","source_id":"nycha_development_geometry","source_artifact_id":"nycha-geometry-open-data","source_dataset_id":"phvi-damg","source_url":"https://data.cityofnewyork.us/Housing-Development/NYCHA-Public-Housing-Developments/phvi-damg","geometry_vintage_note":"NYC Open Data NYCHA Public Housing Developments (current snapshot)"},"geometry":{"type":"Polygon","coordinates":[[[-73.97907051688436,40.72400820272296],[-73.97935502680247,40.72361465859078],[-73.97977968123594,40.72379368405799],[-73.97961355819037,40.72402347193396],[-73.97945443684142,40.7239563809245],[-73.97933504073927,40.72411971373721],[-73.97907051688436,40.72400820272296]]]}},{"type":"Feature","properties":{"development_id":"nycha:tds:49","geometry_id":"nycha-polygon:49","name":"MARBLE HILL","tds_id":"49","tds_raw":"049","borough":"BRONX","borough_code":"BX","join_method":"tds","join_confidence":"high","geometry_quality":"official_source","source_id":"nycha_development_geometry","source_artifact_id":"nycha-geometry-open-data","source_dataset_id":"phvi-damg","source_url":"https://data.cityofnewyork.us/Housing-Development/NYCHA-Public-Housing-Developments/phvi-damg","geometry_vintage_note":"NYC Open Data NYCHA Public Housing Developments (current snapshot)"},"geometry":{"type":"MultiPolygon","coordinates":[[[[-73.90626515474749,40.874929405164586],[-73.90679322790524,40.8735561793817],[-73.90844350842907,40.87386989970809],[-73.90940973881145,40.87458395792666],[-73.90763005105478,40.8759672898968],[-73.90655955536337,40.87649978984596],[-73.90638539641962,40.87639639965524],[-73.90626515474749,40.874929405164586]]],[[[-73.90697808051249,40.87679963833842],[-73.90829796340603,40.87591801476655],[-73.90841369042553,40.87680342229205],[-73.90888383948413,40.87723697501651],[-73.90800086430269,40.878143551924474],[-73.90740740981853,40.87752907707082],[-73.90697808051249,40.87679963833842]]]]}},{"type":"Feature","properties":{"development_id":"nycha:tds:21","geometry_id":"nycha-polygon:21","name":"MARCY","tds_id":"21","tds_raw":"021","borough":"BROOKLYN","borough_code":"BK","join_method":"tds","join_confidence":"high","geometry_quality":"official_source","source_id":"nycha_development_geometry","source_artifact_id":"nycha-geometry-open-data","source_dataset_id":"phvi-damg","source_url":"https://data.cityofnewyork.us/Housing-Development/NYCHA-Public-Housing-Developments/phvi-damg","geometry_vintage_note":"NYC Open Data NYCHA Public Housing Developments (current snapshot)"},"geometry":{"type":"MultiPolygon","coordinates":[[[[-73.94976160377428,40.697456076004606],[-73.94944708303801,40.69587141699203],[-73.95059292775512,40.69573943837029],[-73.95076669784879,40.69592723101426],[-73.95120414095773,40.69587684271848],[-73.95129668869941,40.69565837251015],[-73.95245043010189,40.69552546471543],[-73.95276109859078,40.69710817157395],[-73.94976160377428,40.697456076004606]]],[[[-73.94980928544871,40.6976841660102],[-73.95280186264579,40.69733817739882],[-73.95319170799421,40.69927394480913],[-73.95019291463728,40.69961663593717],[-73.94980928544871,40.6976841660102]]]]}},{"type":"Feature","properties":{"development_id":"nycha:tds:77","geometry_id":"nycha-polygon:77","name":"MARINER'S HARBOR","tds_id":"77","tds_raw":"077","borough":"STATEN ISLAND","borough_code":"SI","join_method":"tds","join_confidence":"high","geometry_quality":"official_source","source_id":"nycha_development_geometry","source_artifact_id":"nycha-geometry-open-data","source_dataset_id":"phvi-damg","source_url":"https://data.cityofnewyork.us/Housing-Development/NYCHA-Public-Housing-Developments/phvi-damg","geometry_vintage_note":"NYC Open Data NYCHA Public Housing Developments (current snapshot)"},"geometry":{"type":"MultiPolygon","coordinates":[[[[-74.16515116249627,40.632012617393485],[-74.16186973065561,40.63154260672673],[-74.16190370960817,40.630313771931796],[-74.1651917155124,40.63035485398445],[-74.16515116249627,40.632012617393485]]],[[[-74.16180811541267,40.633411850446535],[-74.16186409572583,40.631728155280676],[-74.1651393142574,40.6322100042781],[-74.16512398131788,40.633313134605494],[-74.16180811541267,40.633411850446535]]]]}},{"type":"Feature","properties":{"development_id":"nycha:tds:83","geometry_id":"nycha-polygon:83","name":"MARLBORO","tds_id":"83","tds_raw":"083","borough":"BROOKLYN","borough_code":"BK","join_method":"tds","join_confidence":"high","geometry_quality":"official_source","source_id":"nycha_development_geometry","source_artifact_id":"nycha-geometry-open-data","source_dataset_id":"phvi-damg","source_url":"https://data.cityofnewyork.us/Housing-Development/NYCHA-Public-Housing-Developments/phvi-damg","geometry_vintage_note":"NYC Open Data NYCHA Public Housing Developments (current snapshot)"},"geometry":{"type":"MultiPolygon","coordinates":[[[[-73.98281333055463,40.593629416048984],[-73.98275853656888,40.59333305207172],[-73.98184040876029,40.59346148550156],[-73.98148684166382,40.59159537444557],[-73.98401710633122,40.591316034679124],[-73.98442217568281,40.59345328611483],[-73.98281333055463,40.593629416048984]]],[[[-73.97844307790116,40.59168277261767],[-73.97840574042397,40.59106970752536],[-73.97858893424433,40.589721660477075],[-73.98077992235173,40.58948132629078],[-73.9810232193422,40.5907649310042],[-73.9805064088036,40.59084979263613],[-73.98065742592554,40.5916465478247],[-73.98118461297494,40.59161638678812],[-73.98149292589657,40.59324288306826],[-73.98084751457678,40.59331371599913],[-73.98095201928275,40.59386504246545],[-73.98077789546528,40.593884151381744],[-73.97882361549557,40.592695020398295],[-73.97844307790116,40.59168277261767]]]]}},{"type":"Feature","properties":{"development_id":"nycha:tds:103","geometry_id":"nycha-polygon:103","name":"MCKINLEY","tds_id":"103","tds_raw":"103","borough":"BRONX","borough_code":"BX","join_method":"tds","join_confidence":"high","geometry_quality":"official_source","source_id":"nycha_development_geometry","source_artifact_id":"nycha-geometry-open-data","source_dataset_id":"phvi-damg","source_url":"https://data.cityofnewyork.us/Housing-Development/NYCHA-Public-Housing-Developments/phvi-damg","geometry_vintage_note":"NYC Open Data NYCHA Public Housing Developments (current snapshot)"},"geometry":{"type":"MultiPolygon","coordinates":[[[[-73.90493105703135,40.82300500887763],[-73.90331366660187,40.82261790583639],[-73.9038787936342,40.82125857724662],[-73.90549076704544,40.821647139444636],[-73.90523180257988,40.8222716364365],[-73.90461602509387,40.82212426134497],[-73.90456717103493,40.8222420679945],[-73.90518601981124,40.822390177972096],[-73.90493105703135,40.82300500887763]]],[[[-73.90591912659487,40.823253724089426],[-73.90619552639916,40.82258832038629],[-73.90696616515434,40.82277048028102],[-73.90669258198089,40.82343654994961],[-73.90591912659487,40.823253724089426]]]]}},{"type":"Feature","properties":{"development_id":"nycha:tds:28","geometry_id":"nycha-polygon:28","name":"MELROSE","tds_id":"28","tds_raw":"028","borough":"BRONX","borough_code":"BX","join_method":"tds","join_confidence":"high","geometry_quality":"official_source","source_id":"nycha_development_geometry","source_artifact_id":"nycha-geometry-open-data","source_dataset_id":"phvi-damg","source_url":"https://data.cityofnewyork.us/Housing-Development/NYCHA-Public-Housing-Developments/phvi-damg","geometry_vintage_note":"NYC Open Data NYCHA Public Housing Developments (current snapshot)"},"geometry":{"type":"Polygon","coordinates":[[[-73.91791615512365,40.82049009319915],[-73.91802567556084,40.82066496829968],[-73.9186599289421,40.820830686484825],[-73.91890756195404,40.82028544094505],[-73.9182756262201,40.820120328178895],[-73.91804716187904,40.820201646563746],[-73.91836238951838,40.81950757734206],[-73.9213123425555,40.82027816695383],[-73.92065600759398,40.8217345097678],[-73.92035291097521,40.82192798496901],[-73.91759084586982,40.82120633762111],[-73.91791615512365,40.82049009319915]]]}},{"type":"Feature","properties":{"development_id":"nycha:tds:183","geometry_id":"nycha-polygon:183","name":"MELTZER TOWER","tds_id":"183","tds_raw":"183","borough":"MANHATTAN","borough_code":"MN","join_method":"tds","join_confidence":"high","geometry_quality":"official_source","source_id":"nycha_development_geometry","source_artifact_id":"nycha-geometry-open-data","source_dataset_id":"phvi-damg","source_url":"https://data.cityofnewyork.us/Housing-Development/NYCHA-Public-Housing-Developments/phvi-damg","geometry_vintage_note":"NYC Open Data NYCHA Public Housing Developments (current snapshot)"},"geometry":{"type":"Polygon","coordinates":[[[-73.98649734051449,40.72322180162685],[-73.98692817085444,40.72272092860093],[-73.98793878537819,40.72314306172077],[-73.9877334326965,40.723421636000616],[-73.9871661908774,40.72316389252523],[-73.98697504581594,40.72342319163298],[-73.98649734051449,40.72322180162685]]]}},{"type":"Feature","properties":{"development_id":"nycha:tds:84","geometry_id":"nycha-polygon:84","name":"MILL BROOK","tds_id":"84","tds_raw":"084","borough":"BRONX","borough_code":"BX","join_method":"tds","join_confidence":"high","geometry_quality":"official_source","source_id":"nycha_development_geometry","source_artifact_id":"nycha-geometry-open-data","source_dataset_id":"phvi-damg","source_url":"https://data.cityofnewyork.us/Housing-Development/NYCHA-Public-Housing-Developments/phvi-damg","geometry_vintage_note":"NYC Open Data NYCHA Public Housing Developments (current snapshot)"},"geometry":{"type":"MultiPolygon","coordinates":[[[[-73.91795523936476,40.80557770937907],[-73.91801532487462,40.80549203454884],[-73.9170178710441,40.805466784984354],[-73.91695763335422,40.80557653672258],[-73.91519395021919,40.804833379505766],[-73.91561929276331,40.804249711764506],[-73.91713849846958,40.80467914688442],[-73.91721207513159,40.80435526957426],[-73.91862920927844,40.804951642516016],[-73.91814352952085,40.80561815315595],[-73.91795523936476,40.80557770937907]]],[[[-73.91814521461119,40.80608755461706],[-73.91887637087088,40.80505511473226],[-73.92040873833655,40.80570069866434],[-73.91966202782585,40.80672799636459],[-73.91814521461119,40.80608755461706]]]]}},{"type":"Feature","properties":{"development_id":"nycha:tds:132","geometry_id":"nycha-polygon:132","name":"MILL BROOK EXTENSION","tds_id":"132","tds_raw":"132","borough":"BRONX","borough_code":"BX","join_method":"tds","join_confidence":"high","geometry_quality":"official_source","source_id":"nycha_development_geometry","source_artifact_id":"nycha-geometry-open-data","source_dataset_id":"phvi-damg","source_url":"https://data.cityofnewyork.us/Housing-Development/NYCHA-Public-Housing-Developments/phvi-damg","geometry_vintage_note":"NYC Open Data NYCHA Public Housing Developments (current snapshot)"},"geometry":{"type":"Polygon","coordinates":[[[-73.91561929276347,40.804249711764506],[-73.91593425678668,40.80381750154605],[-73.91632470853312,40.80398182502137],[-73.91600963348915,40.80441419199938],[-73.91561929276347,40.804249711764506]]]}},{"type":"Feature","properties":{"development_id":"nycha:tds:145","geometry_id":"nycha-polygon:145","name":"MITCHEL","tds_id":"145","tds_raw":"145","borough":"BRONX","borough_code":"BX","join_method":"tds","join_confidence":"high","geometry_quality":"official_source","source_id":"nycha_development_geometry","source_artifact_id":"nycha-geometry-open-data","source_dataset_id":"phvi-damg","source_url":"https://data.cityofnewyork.us/Housing-Development/NYCHA-Public-Housing-Developments/phvi-damg","geometry_vintage_note":"NYC Open Data NYCHA Public Housing Developments (current snapshot)"},"geometry":{"type":"MultiPolygon","coordinates":[[[[-73.92311445064772,40.809051355414624],[-73.92430474238795,40.80742830868629],[-73.92538494718653,40.807881226963325],[-73.92525011208524,40.80806899347659],[-73.92537643429117,40.80812229836609],[-73.92516564536693,40.808410102367645],[-73.92591099880538,40.80872462173872],[-73.92552862713352,40.80925705427538],[-73.92460875570211,40.80883783460661],[-73.92452764554027,40.8089367192758],[-73.92461274903704,40.80904556504533],[-73.92425976728299,40.80953479406141],[-73.92311445064772,40.809051355414624]]],[[[-73.92538359527981,40.810005812920565],[-73.92660649665845,40.8083380027358],[-73.92833091598281,40.80906833990514],[-73.92710804439646,40.81073616818448],[-73.92538359527981,40.810005812920565]]]]}},{"type":"Feature","properties":{"development_id":"nycha:tds:88","geometry_id":"nycha-polygon:88","name":"MONROE","tds_id":"88","tds_raw":"088","borough":"BRONX","borough_code":"BX","join_method":"tds","join_confidence":"high","geometry_quality":"official_source","source_id":"nycha_development_geometry","source_artifact_id":"nycha-geometry-open-data","source_dataset_id":"phvi-damg","source_url":"https://data.cityofnewyork.us/Housing-Development/NYCHA-Public-Housing-Developments/phvi-damg","geometry_vintage_note":"NYC Open Data NYCHA Public Housing Developments (current snapshot)"},"geometry":{"type":"MultiPolygon","coordinates":[[[[-73.86315178012799,40.821485204096156],[-73.86566911796267,40.8211435700415],[-73.86674586674393,40.82217507265945],[-73.86693824756945,40.82301378530566],[-73.86361200179805,40.82345637893769],[-73.86315178012799,40.821485204096156]]],[[[-73.86378764758996,40.824165430596906],[-73.8636707053869,40.82366374182113],[-73.8669634745297,40.823222915179166],[-73.86708072536061,40.82372456225857],[-73.86578181389386,40.823992661034026],[-73.86378764758996,40.824165430596906]]]]}},{"type":"Feature","properties":{"development_id":"nycha:tds:102","geometry_id":"nycha-polygon:102","name":"MORRIS I","tds_id":"102","tds_raw":"102","borough":"BRONX","borough_code":"BX","join_method":"tds","join_confidence":"high","geometry_quality":"official_source","source_id":"nycha_development_geometry","source_artifact_id":"nycha-geometry-open-data","source_dataset_id":"phvi-damg","source_url":"https://data.cityofnewyork.us/Housing-Development/NYCHA-Public-Housing-Developments/phvi-damg","geometry_vintage_note":"NYC Open Data NYCHA Public Housing Developments (current snapshot)"},"geometry":{"type":"MultiPolygon","coordinates":[[[[-73.90373592521198,40.83492905441989],[-73.90507491390562,40.832913813463385],[-73.90574569602101,40.833130257251014],[-73.9045810953898,40.835203882594875],[-73.90373592521198,40.83492905441989]]],[[[-73.90480534417988,40.835272486575654],[-73.9059653668916,40.83320341446891],[-73.90689259502845,40.833506680768565],[-73.9057329715314,40.83557505101198],[-73.90480534417988,40.835272486575654]]]]}},{"type":"Feature","properties":{"development_id":"nycha:tds:502","geometry_id":"nycha-polygon:502","name":"MORRIS II","tds_id":"502","tds_raw":"502","borough":"BRONX","borough_code":"BX","join_method":"tds","join_confidence":"high","geometry_quality":"official_source","source_id":"nycha_development_geometry","source_artifact_id":"nycha-geometry-open-data","source_dataset_id":"phvi-damg","source_url":"https://data.cityofnewyork.us/Housing-Development/NYCHA-Public-Housing-Developments/phvi-damg","geometry_vintage_note":"NYC Open Data NYCHA Public Housing Developments (current snapshot)"},"geometry":{"type":"MultiPolygon","coordinates":[[[[-73.90220213697054,40.837071591766545],[-73.90361110352796,40.835124583507124],[-73.90446962479231,40.83540260329137],[-73.90409106278085,40.83607789135333],[-73.90351375789315,40.83591940279098],[-73.90335125049472,40.836364719679516],[-73.90384479816034,40.83651717977125],[-73.90329587232543,40.83749632888675],[-73.90220213697054,40.837071591766545]]],[[[-73.90351174197936,40.83758328039567],[-73.9042376817585,40.836288301127695],[-73.90518433820215,40.83654945757306],[-73.904433223135,40.83787920705841],[-73.90351174197936,40.83758328039567]]]]}},{"type":"Feature","properties":{"development_id":"nycha:tds:130","geometry_id":"nycha-polygon:130","name":"MORRISANIA","tds_id":"130","tds_raw":"130","borough":"BRONX","borough_code":"BX","join_method":"tds","join_confidence":"high","geometry_quality":"official_source","source_id":"nycha_development_geometry","source_artifact_id":"nycha-geometry-open-data","source_dataset_id":"phvi-damg","source_url":"https://data.cityofnewyork.us/Housing-Development/NYCHA-Public-Housing-Developments/phvi-damg","geometry_vintage_note":"NYC Open Data NYCHA Public Housing Developments (current snapshot)"},"geometry":{"type":"Polygon","coordinates":[[[-73.90641409459194,40.832373275582874],[-73.90726890088933,40.83279962909017],[-73.90699792437992,40.833281776240575],[-73.90607217171883,40.83298163759313],[-73.90641409459194,40.832373275582874]]]}},{"type":"Feature","properties":{"development_id":"nycha:tds:267","geometry_id":"nycha-polygon:267","name":"MORRISANIA AIR RIGHTS","tds_id":"267","tds_raw":"267","borough":"BRONX","borough_code":"BX","join_method":"tds","join_confidence":"high","geometry_quality":"official_source","source_id":"nycha_development_geometry","source_artifact_id":"nycha-geometry-open-data","source_dataset_id":"phvi-damg","source_url":"https://data.cityofnewyork.us/Housing-Development/NYCHA-Public-Housing-Developments/phvi-damg","geometry_vintage_note":"NYC Open Data NYCHA Public Housing Developments (current snapshot)"},"geometry":{"type":"MultiPolygon","coordinates":[[[[-73.91642529139247,40.82470631466966],[-73.91832589405622,40.82348664887369],[-73.92009265287192,40.82235119125936],[-73.91930993475854,40.82375865482332],[-73.91874125019172,40.823530936052805],[-73.9186042058618,40.82361897995818],[-73.91891562410541,40.823772573652164],[-73.9185536302134,40.8243869205932],[-73.91797491543927,40.824204328347626],[-73.91686338576201,40.82491762114748],[-73.91642529139247,40.82470631466966]]],[[[-73.91595706667923,40.82498358646658],[-73.91639690214555,40.8250623826014],[-73.91541300562673,40.82569039670548],[-73.91517847057321,40.825480555681004],[-73.91595706667923,40.82498358646658]]],[[[-73.91467265810358,40.82584153616422],[-73.91433694944541,40.82554283506417],[-73.91474554001894,40.82527233624252],[-73.91508546331177,40.825574786278715],[-73.91467265810358,40.82584153616422]]]]}},{"type":"Feature","properties":{"development_id":"nycha:tds:121","geometry_id":"nycha-polygon:121","name":"MOTT HAVEN","tds_id":"121","tds_raw":"121","borough":"BRONX","borough_code":"BX","join_method":"tds","join_confidence":"high","geometry_quality":"official_source","source_id":"nycha_development_geometry","source_artifact_id":"nycha-geometry-open-data","source_dataset_id":"phvi-damg","source_url":"https://data.cityofnewyork.us/Housing-Development/NYCHA-Public-Housing-Developments/phvi-damg","geometry_vintage_note":"NYC Open Data NYCHA Public Housing Developments (current snapshot)"},"geometry":{"type":"MultiPolygon","coordinates":[[[[-73.92274224311613,40.81146285284317],[-73.92170449194803,40.81102406054102],[-73.92205953548002,40.81054079313434],[-73.9230972826391,40.8109795822758],[-73.92274224311613,40.81146285284317]]],[[[-73.92077567550568,40.81222484325143],[-73.9215584483389,40.811158497459644],[-73.92354413011944,40.811993803128004],[-73.92276381400558,40.81306605584365],[-73.92077567550568,40.81222484325143]]],[[[-73.92032817169316,40.81288588111681],[-73.92067857820288,40.812406794100426],[-73.92212471265852,40.81301496844242],[-73.92185002131356,40.813532512866566],[-73.92032817169316,40.81288588111681]]]]}},{"type":"Feature","properties":{"development_id":"nycha:tds:314","geometry_id":"nycha-polygon:314","name":"NEW LANE AREA","tds_id":"314","tds_raw":"314","borough":"STATEN ISLAND","borough_code":"SI","join_method":"tds","join_confidence":"high","geometry_quality":"official_source","source_id":"nycha_development_geometry","source_artifact_id":"nycha-geometry-open-data","source_dataset_id":"phvi-damg","source_url":"https://data.cityofnewyork.us/Housing-Development/NYCHA-Public-Housing-Developments/phvi-damg","geometry_vintage_note":"NYC Open Data NYCHA Public Housing Developments (current snapshot)"},"geometry":{"type":"Polygon","coordinates":[[[-74.06069977767588,40.61306453783551],[-74.06216555443754,40.6123611622911],[-74.06247380138235,40.612722823756236],[-74.06210237674473,40.612762504784776],[-74.06232887729388,40.61302980911056],[-74.06097569098597,40.61369606876179],[-74.06069977767588,40.61306453783551]]]}},{"type":"Feature","properties":{"development_id":"nycha:tds:43","geometry_id":"nycha-polygon:43","name":"NOSTRAND","tds_id":"43","tds_raw":"043","borough":"BROOKLYN","borough_code":"BK","join_method":"tds","join_confidence":"high","geometry_quality":"official_source","source_id":"nycha_development_geometry","source_artifact_id":"nycha-geometry-open-data","source_dataset_id":"phvi-damg","source_url":"https://data.cityofnewyork.us/Housing-Development/NYCHA-Public-Housing-Developments/phvi-damg","geometry_vintage_note":"NYC Open Data NYCHA Public Housing Developments (current snapshot)"},"geometry":{"type":"MultiPolygon","coordinates":[[[[-73.9350966931765,40.59451980155351],[-73.93768765308748,40.5942321507243],[-73.93804930489271,40.596132996238104],[-73.93546212294791,40.596419387593095],[-73.9350966931765,40.59451980155351]]],[[[-73.93550329546626,40.59664545994646],[-73.9380910010331,40.596360388114825],[-73.93850281672327,40.598521107318284],[-73.93591192311858,40.598805053772914],[-73.93550329546626,40.59664545994646]]]]}},{"type":"Feature","properties":{"development_id":"nycha:tds:172","geometry_id":"nycha-polygon:172","name":"O'DWYER GARDENS","tds_id":"172","tds_raw":"172","borough":"BROOKLYN","borough_code":"BK","join_method":"tds","join_confidence":"high","geometry_quality":"official_source","source_id":"nycha_development_geometry","source_artifact_id":"nycha-geometry-open-data","source_dataset_id":"phvi-damg","source_url":"https://data.cityofnewyork.us/Housing-Development/NYCHA-Public-Housing-Developments/phvi-damg","geometry_vintage_note":"NYC Open Data NYCHA Public Housing Developments (current snapshot)"},"geometry":{"type":"MultiPolygon","coordinates":[[[[-73.9996455006726,40.57459654340823],[-73.99933854536641,40.57297202738872],[-74.00023031128796,40.5730640149436],[-74.00051396771714,40.57455561937325],[-73.9996455006726,40.57459654340823]]],[[[-73.99945207902918,40.574668427910844],[-73.99857607636156,40.574650372983044],[-73.99824194283204,40.572906351390735],[-73.99912489333562,40.57295814347336],[-73.99945207902918,40.574668427910844]]]]}},{"type":"Feature","properties":{"development_id":"nycha:tds:51","geometry_id":"nycha-polygon:51","name":"OCEAN BAY APARTMENTS (OCEANSIDE)","tds_id":"51","tds_raw":"051","borough":"QUEENS","borough_code":"QN","join_method":"tds","join_confidence":"high","geometry_quality":"official_source","source_id":"nycha_development_geometry","source_artifact_id":"nycha-geometry-open-data","source_dataset_id":"phvi-damg","source_url":"https://data.cityofnewyork.us/Housing-Development/NYCHA-Public-Housing-Developments/phvi-damg","geometry_vintage_note":"NYC Open Data NYCHA Public Housing Developments (current snapshot)"},"geometry":{"type":"MultiPolygon","coordinates":[[[[-73.79120290278476,40.592234328946326],[-73.79133591455603,40.59302149203826],[-73.79020881839848,40.59295653544466],[-73.79015651081558,40.59242679496662],[-73.79120290278476,40.592234328946326]]],[[[-73.78442762362798,40.592545051064725],[-73.78590661713,40.59255400635591],[-73.78612607697396,40.59482797627861],[-73.78465872065362,40.594928423536295],[-73.78442762362798,40.592545051064725]]],[[[-73.78368051372868,40.59502601060105],[-73.78362592211462,40.59445575452433],[-73.78438136165096,40.59452368909077],[-73.78442546692254,40.594976483096836],[-73.78368051372868,40.59502601060105]]]]}},{"type":"Feature","properties":{"development_id":"nycha:tds:47","geometry_id":"nycha-polygon:47","name":"PARKSIDE","tds_id":"47","tds_raw":"047","borough":"BRONX","borough_code":"BX","join_method":"tds","join_confidence":"high","geometry_quality":"official_source","source_id":"nycha_development_geometry","source_artifact_id":"nycha-geometry-open-data","source_dataset_id":"phvi-damg","source_url":"https://data.cityofnewyork.us/Housing-Development/NYCHA-Public-Housing-Developments/phvi-damg","geometry_vintage_note":"NYC Open Data NYCHA Public Housing Developments (current snapshot)"},"geometry":{"type":"MultiPolygon","coordinates":[[[[-73.86842343707333,40.866916184445145],[-73.86907559683645,40.86692305678668],[-73.86914153258029,40.867822274368855],[-73.86839557094534,40.867811151412454],[-73.86842343707333,40.866916184445145]]],[[[-73.86823784969141,40.86875224619317],[-73.8682601331118,40.86801144950651],[-73.8703218018981,40.868048692346676],[-73.87036769942277,40.86957318738209],[-73.86742246568825,40.869584392157975],[-73.86744745649162,40.86875524638965],[-73.86823784969141,40.86875224619317]]]]}},{"type":"Feature","properties":{"development_id":"nycha:tds:24","geometry_id":"nycha-polygon:24","name":"PATTERSON","tds_id":"24","tds_raw":"024","borough":"BRONX","borough_code":"BX","join_method":"tds","join_confidence":"high","geometry_quality":"official_source","source_id":"nycha_development_geometry","source_artifact_id":"nycha-geometry-open-data","source_dataset_id":"phvi-damg","source_url":"https://data.cityofnewyork.us/Housing-Development/NYCHA-Public-Housing-Developments/phvi-damg","geometry_vintage_note":"NYC Open Data NYCHA Public Housing Developments (current snapshot)"},"geometry":{"type":"MultiPolygon","coordinates":[[[[-73.92308031681941,40.813327821466345],[-73.92650148137612,40.811674460264264],[-73.92423132499138,40.814838671939754],[-73.92308031681941,40.813327821466345]]],[[[-73.92139776921135,40.81419129037389],[-73.9228329576416,40.81344952231213],[-73.92408205595464,40.815078598613226],[-73.92360486934257,40.815745310568836],[-73.92270511871384,40.81548508853853],[-73.9223736441341,40.81528750025342],[-73.92139776921135,40.81419129037389]]]]}},{"type":"Feature","properties":{"development_id":"nycha:tds:39","geometry_id":"nycha-polygon:39","name":"PELHAM PARKWAY","tds_id":"39","tds_raw":"039","borough":"BRONX","borough_code":"BX","join_method":"tds","join_confidence":"high","geometry_quality":"official_source","source_id":"nycha_development_geometry","source_artifact_id":"nycha-geometry-open-data","source_dataset_id":"phvi-damg","source_url":"https://data.cityofnewyork.us/Housing-Development/NYCHA-Public-Housing-Developments/phvi-damg","geometry_vintage_note":"NYC Open Data NYCHA Public Housing Developments (current snapshot)"},"geometry":{"type":"MultiPolygon","coordinates":[[[[-73.86197546875191,40.858097657096465],[-73.8645017071587,40.85803313909821],[-73.86445256718729,40.859510294248096],[-73.86193072125106,40.85954637716091],[-73.86197546875191,40.858097657096465]]],[[[-73.85751828590897,40.859815683045824],[-73.85867034428365,40.85979672188432],[-73.85863345481197,40.861078136003115],[-73.85769820406837,40.86106025428213],[-73.85751828590897,40.859815683045824]]],[[[-73.85962950230017,40.86200639498539],[-73.85871873519487,40.86198943562185],[-73.8586288199351,40.86229992371887],[-73.85787203065524,40.862222381109234],[-73.85773396467634,40.86127585343852],[-73.86153099152787,40.86134828428607],[-73.86147819561639,40.86300172837498],[-73.8595988091343,40.86296675635406],[-73.85962950230017,40.86200639498539]]]]}},{"type":"Feature","properties":{"development_id":"nycha:tds:89","geometry_id":"nycha-polygon:89","name":"PINK","tds_id":"89","tds_raw":"089","borough":"BROOKLYN","borough_code":"BK","join_method":"tds","join_confidence":"high","geometry_quality":"official_source","source_id":"nycha_development_geometry","source_artifact_id":"nycha-geometry-open-data","source_dataset_id":"phvi-damg","source_url":"https://data.cityofnewyork.us/Housing-Development/NYCHA-Public-Housing-Developments/phvi-damg","geometry_vintage_note":"NYC Open Data NYCHA Public Housing Developments (current snapshot)"},"geometry":{"type":"MultiPolygon","coordinates":[[[[-73.8658549741024,40.66581931514294],[-73.86739193551739,40.66559860460379],[-73.86771637190431,40.666911825450754],[-73.8661840238567,40.66713395409895],[-73.8658549741024,40.66581931514294]]],[[[-73.86220468901432,40.66634241452049],[-73.86557935459037,40.66585686825578],[-73.8659060510581,40.66717058402852],[-73.86253206026771,40.6676562748606],[-73.86220468901432,40.66634241452049]]],[[[-73.86622685859,40.66734108585363],[-73.86777529061735,40.667119421779056],[-73.86810684941132,40.66845672296802],[-73.86656007769427,40.66867768562459],[-73.86622685859,40.66734108585363]]],[[[-73.86257979988117,40.6678704819904],[-73.86596232700713,40.66738351376655],[-73.86629511176514,40.66871595971496],[-73.86291495388768,40.66920386807874],[-73.86257979988117,40.6678704819904]]]]}},{"type":"Feature","properties":{"development_id":"nycha:tds:149","geometry_id":"nycha-polygon:149","name":"POLO GROUNDS TOWERS","tds_id":"149","tds_raw":"149","borough":"MANHATTAN","borough_code":"MN","join_method":"tds","join_confidence":"high","geometry_quality":"official_source","source_id":"nycha_development_geometry","source_artifact_id":"nycha-geometry-open-data","source_dataset_id":"phvi-damg","source_url":"https://data.cityofnewyork.us/Housing-Development/NYCHA-Public-Housing-Developments/phvi-damg","geometry_vintage_note":"NYC Open Data NYCHA Public Housing Developments (current snapshot)"},"geometry":{"type":"Polygon","coordinates":[[[-73.93559885458119,40.83176487598787],[-73.93636869675127,40.83207380379342],[-73.93695435183054,40.83127703181124],[-73.93652523229781,40.83109521524908],[-73.93664537682353,40.830926026104535],[-73.93631106006357,40.83078243725474],[-73.93735746679589,40.82933893432166],[-73.93968393351052,40.83032533590481],[-73.93792821915284,40.83275677837394],[-73.93559885458119,40.83176487598787]]]}},{"type":"Feature","properties":{"development_id":"nycha:tds:53","geometry_id":"nycha-polygon:53","name":"POMONOK","tds_id":"53","tds_raw":"053","borough":"QUEENS","borough_code":"QN","join_method":"tds","join_confidence":"high","geometry_quality":"official_source","source_id":"nycha_development_geometry","source_artifact_id":"nycha-geometry-open-data","source_dataset_id":"phvi-damg","source_url":"https://data.cityofnewyork.us/Housing-Development/NYCHA-Public-Housing-Developments/phvi-damg","geometry_vintage_note":"NYC Open Data NYCHA Public Housing Developments (current snapshot)"},"geometry":{"type":"MultiPolygon","coordinates":[[[[-73.81097676445715,40.73220137250152],[-73.81107417673533,40.73041376791771],[-73.81301912531485,40.73033119774347],[-73.81305208403597,40.730780382659646],[-73.81358246333903,40.730783331696024],[-73.81360273828818,40.73031803203703],[-73.81483690282703,40.73049313283626],[-73.81473273721217,40.731923516949806],[-73.81323187589453,40.73193794911167],[-73.81097676445715,40.73220137250152]]],[[[-73.81067639164245,40.736673703453604],[-73.8109398286389,40.73246601957138],[-73.81353819124676,40.732183768836535],[-73.8147393734798,40.73218752031266],[-73.81454590970715,40.73546068446484],[-73.81360700159831,40.735465659477256],[-73.81324054209279,40.73569675072804],[-73.81313385356871,40.736093009991706],[-73.8125783873961,40.736068614816865],[-73.81253042960728,40.73674928971652],[-73.81067639164245,40.736673703453604]]]]}},{"type":"Feature","properties":{"development_id":"nycha:tds:505","geometry_id":"nycha-polygon:505","name":"QUEENSBRIDGE NORTH","tds_id":"505","tds_raw":"505","borough":"QUEENS","borough_code":"QN","join_method":"tds","join_confidence":"high","geometry_quality":"official_source","source_id":"nycha_development_geometry","source_artifact_id":"nycha-geometry-open-data","source_dataset_id":"phvi-damg","source_url":"https://data.cityofnewyork.us/Housing-Development/NYCHA-Public-Housing-Developments/phvi-damg","geometry_vintage_note":"NYC Open Data NYCHA Public Housing Developments (current snapshot)"},"geometry":{"type":"MultiPolygon","coordinates":[[[[-73.94145390482178,40.7552205981701],[-73.94250190048074,40.754131956465],[-73.94387136535806,40.754827306205854],[-73.94280791060697,40.75593252368049],[-73.94145390482178,40.7552205981701]]],[[[-73.94298082258722,40.756025828814785],[-73.9440448137757,40.75491192104232],[-73.94490182967668,40.755522691353974],[-73.94553149047988,40.75567355801126],[-73.94435958403018,40.75674635256595],[-73.94298082258722,40.756025828814785]]],[[[-73.94451430917904,40.756847017235],[-73.94568400879649,40.755775590651126],[-73.9470545811854,40.75651464491714],[-73.94579863482154,40.757659483647494],[-73.94451430917904,40.756847017235]]]]}},{"type":"Feature","properties":{"development_id":"nycha:tds:5","geometry_id":"nycha-polygon:5","name":"QUEENSBRIDGE SOUTH","tds_id":"5","tds_raw":"005","borough":"QUEENS","borough_code":"QN","join_method":"tds","join_confidence":"high","geometry_quality":"official_source","source_id":"nycha_development_geometry","source_artifact_id":"nycha-geometry-open-data","source_dataset_id":"phvi-damg","source_url":"https://data.cityofnewyork.us/Housing-Development/NYCHA-Public-Housing-Developments/phvi-damg","geometry_vintage_note":"NYC Open Data NYCHA Public Housing Developments (current snapshot)"},"geometry":{"type":"MultiPolygon","coordinates":[[[[-73.94414626771885,40.75479819140687],[-73.94530181009995,40.753592669036024],[-73.94690268710661,40.75428918745121],[-73.94564935531801,40.755565153208416],[-73.94475146972411,40.75494074152132],[-73.94414626771885,40.75479819140687]]],[[[-73.94527240233151,40.75341840721712],[-73.94397876718428,40.75471272143234],[-73.94261482709932,40.75401672464331],[-73.94399725701247,40.752574681402294],[-73.94883161314326,40.75468684658582],[-73.9472633731045,40.75634168428531],[-73.9458225235754,40.75564555806374],[-73.94713602887008,40.754233956003546],[-73.94527240233151,40.75341840721712]]],[[[-73.94806058617891,40.75589212431204],[-73.949076602919,40.754714536732486],[-73.95019985022543,40.755254200056214],[-73.94885783432194,40.756869741779035],[-73.94905118783105,40.756962638027666],[-73.94809397225139,40.75813870085328],[-73.9465255092992,40.757291896755575],[-73.94806058617891,40.75589212431204]]]]}},{"type":"Feature","properties":{"development_id":"nycha:tds:245","geometry_id":"nycha-polygon:245","name":"RANDALL AVENUE-BALCOM AVENUE","tds_id":"245","tds_raw":"245","borough":"BRONX","borough_code":"BX","join_method":"tds","join_confidence":"high","geometry_quality":"official_source","source_id":"nycha_development_geometry","source_artifact_id":"nycha-geometry-open-data","source_dataset_id":"phvi-damg","source_url":"https://data.cityofnewyork.us/Housing-Development/NYCHA-Public-Housing-Developments/phvi-damg","geometry_vintage_note":"NYC Open Data NYCHA Public Housing Developments (current snapshot)"},"geometry":{"type":"Polygon","coordinates":[[[-73.82692031231254,40.821850941583634],[-73.82834661322262,40.82114378576744],[-73.82933339628399,40.822299152773695],[-73.82791037784718,40.82300855971509],[-73.82692031231254,40.821850941583634]]]}},{"type":"Feature","properties":{"development_id":"nycha:tds:37","geometry_id":"nycha-polygon:37","name":"RANGEL","tds_id":"37","tds_raw":"037","borough":"MANHATTAN","borough_code":"MN","join_method":"tds","join_confidence":"high","geometry_quality":"official_source","source_id":"nycha_development_geometry","source_artifact_id":"nycha-geometry-open-data","source_dataset_id":"phvi-damg","source_url":"https://data.cityofnewyork.us/Housing-Development/NYCHA-Public-Housing-Developments/phvi-damg","geometry_vintage_note":"NYC Open Data NYCHA Public Housing Developments (current snapshot)"},"geometry":{"type":"Polygon","coordinates":[[[-73.93559885458119,40.83176487598787],[-73.93831898865746,40.8329223485448],[-73.93566780695375,40.83498455146208],[-73.93543212687452,40.8322205456422],[-73.93559885458119,40.83176487598787]]]}},{"type":"Feature","properties":{"development_id":"nycha:tds:48","geometry_id":"nycha-polygon:48","name":"RAVENSWOOD","tds_id":"48","tds_raw":"048","borough":"QUEENS","borough_code":"QN","join_method":"tds","join_confidence":"high","geometry_quality":"official_source","source_id":"nycha_development_geometry","source_artifact_id":"nycha-geometry-open-data","source_dataset_id":"phvi-damg","source_url":"https://data.cityofnewyork.us/Housing-Development/NYCHA-Public-Housing-Developments/phvi-damg","geometry_vintage_note":"NYC Open Data NYCHA Public Housing Developments (current snapshot)"},"geometry":{"type":"MultiPolygon","coordinates":[[[[-73.93311489983267,40.760164590981304],[-73.9343205546924,40.75885219081354],[-73.93655537792499,40.7598988710351],[-73.93531643182705,40.76119611749251],[-73.93311489983267,40.760164590981304]]],[[[-73.93562102796186,40.761341725029475],[-73.93686105985702,40.76004002652638],[-73.93890611800155,40.7608349143085],[-73.93794851007661,40.7623757927472],[-73.93562102796186,40.761341725029475]]],[[[-73.93179356039312,40.76167351436918],[-73.93293891874309,40.76033608348353],[-73.93516175445365,40.76137752817256],[-73.93391191273662,40.76266839738033],[-73.93179356039312,40.76167351436918]]],[[[-73.93540177245826,40.76333584806983],[-73.93629583260545,40.76193149937642],[-73.93779747740783,40.76258928576765],[-73.93690163044343,40.76403110506781],[-73.93540177245826,40.76333584806983]]]]}},{"type":"Feature","properties":{"development_id":"nycha:tds:4","geometry_id":"nycha-polygon:4","name":"RED HOOK EAST","tds_id":"4","tds_raw":"004","borough":"BROOKLYN","borough_code":"BK","join_method":"tds","join_confidence":"high","geometry_quality":"official_source","source_id":"nycha_development_geometry","source_artifact_id":"nycha-geometry-open-data","source_dataset_id":"phvi-damg","source_url":"https://data.cityofnewyork.us/Housing-Development/NYCHA-Public-Housing-Developments/phvi-damg","geometry_vintage_note":"NYC Open Data NYCHA Public Housing Developments (current snapshot)"},"geometry":{"type":"Polygon","coordinates":[[[-74.00575216540445,40.67491239602411],[-74.00552481560031,40.675446775040534],[-74.00692231376267,40.67579714753425],[-74.00637491035626,40.6770803057181],[-74.00489694104526,40.6766680576542],[-74.00521512206224,40.67597167651932],[-74.00348088116293,40.67548906972113],[-74.00330310151979,40.675814912741565],[-74.00259774065644,40.67573682647896],[-74.00247221293054,40.6759976138266],[-74.00153338194731,40.67573508598127],[-74.00250036706248,40.67373036343218],[-74.00409775468678,40.674172190434156],[-74.0039781452895,40.674420415278725],[-74.00436686616906,40.67452741837768],[-74.00444807173402,40.67435721614023],[-74.00424782190655,40.674302072569475],[-74.00448265675021,40.6738098610757],[-74.00588583975265,40.67420008194888],[-74.00566099921258,40.67469696045997],[-74.0054607589822,40.67463928315206],[-74.00537585718511,40.674810086014254],[-74.00575216540445,40.67491239602411]]]}},{"type":"Feature","properties":{"development_id":"nycha:tds:79","geometry_id":"nycha-polygon:79","name":"RED HOOK WEST","tds_id":"79","tds_raw":"079","borough":"BROOKLYN","borough_code":"BK","join_method":"tds","join_confidence":"high","geometry_quality":"official_source","source_id":"nycha_development_geometry","source_artifact_id":"nycha-geometry-open-data","source_dataset_id":"phvi-damg","source_url":"https://data.cityofnewyork.us/Housing-Development/NYCHA-Public-Housing-Developments/phvi-damg","geometry_vintage_note":"NYC Open Data NYCHA Public Housing Developments (current snapshot)"},"geometry":{"type":"MultiPolygon","coordinates":[[[[-74.00692231376267,40.67579714753425],[-74.00552481560014,40.675446775040534],[-74.00605334851747,40.67424479193075],[-74.0075229372786,40.674655086097204],[-74.00692231376267,40.67579714753425]]],[[[-74.00868205878068,40.67645581530694],[-74.0098838814641,40.67543055339202],[-74.01121483200862,40.67633971897175],[-74.01000797679941,40.67737170394845],[-74.00868205878068,40.67645581530694]]],[[[-74.00642965964384,40.67758905742077],[-74.0078078291241,40.67474519335147],[-74.00942988061392,40.67519731492441],[-74.00914982458819,40.675779859875284],[-74.00676170368189,40.67781732423956],[-74.00642965964384,40.67758905742077]]]]}},{"type":"Feature","properties":{"development_id":"nycha:tds:55","geometry_id":"nycha-polygon:55","name":"REDFERN","tds_id":"55","tds_raw":"055","borough":"QUEENS","borough_code":"QN","join_method":"tds","join_confidence":"high","geometry_quality":"official_source","source_id":"nycha_development_geometry","source_artifact_id":"nycha-geometry-open-data","source_dataset_id":"phvi-damg","source_url":"https://data.cityofnewyork.us/Housing-Development/NYCHA-Public-Housing-Developments/phvi-damg","geometry_vintage_note":"NYC Open Data NYCHA Public Housing Developments (current snapshot)"},"geometry":{"type":"Polygon","coordinates":[[[-73.74945441993701,40.61076133892946],[-73.75113813393185,40.609506113167726],[-73.7520909684894,40.608419016885094],[-73.75227875931012,40.60865768991453],[-73.75270452234001,40.60846350709096],[-73.7535637778805,40.60955786417794],[-73.75330129752095,40.610750647933564],[-73.75024711914752,40.61171592932104],[-73.74945441993701,40.61076133892946]]]}},{"type":"Feature","properties":{"development_id":"nycha:tds:143","geometry_id":"nycha-polygon:143","name":"REHAB PROGRAM (COLLEGE POINT)","tds_id":"143","tds_raw":"143","borough":"QUEENS","borough_code":"QN","join_method":"tds","join_confidence":"high","geometry_quality":"official_source","source_id":"nycha_development_geometry","source_artifact_id":"nycha-geometry-open-data","source_dataset_id":"phvi-damg","source_url":"https://data.cityofnewyork.us/Housing-Development/NYCHA-Public-Housing-Developments/phvi-damg","geometry_vintage_note":"NYC Open Data NYCHA Public Housing Developments (current snapshot)"},"geometry":{"type":"Polygon","coordinates":[[[-73.84281831100121,40.78064237256926],[-73.8428425436208,40.780220011011814],[-73.84320584564699,40.78021846265891],[-73.84318161414978,40.78064082339079],[-73.84281831100121,40.78064237256926]]]}},{"type":"Feature","properties":{"development_id":"nycha:tds:515","geometry_id":"nycha-polygon:515","name":"REHAB PROGRAM (DOUGLASS REHABS)","tds_id":"515","tds_raw":"515","borough":"MANHATTAN","borough_code":"MN","join_method":"tds","join_confidence":"high","geometry_quality":"official_source","source_id":"nycha_development_geometry","source_artifact_id":"nycha-geometry-open-data","source_dataset_id":"phvi-damg","source_url":"https://data.cityofnewyork.us/Housing-Development/NYCHA-Public-Housing-Developments/phvi-damg","geometry_vintage_note":"NYC Open Data NYCHA Public Housing Developments (current snapshot)"},"geometry":{"type":"MultiPolygon","coordinates":[[[[-73.96967498982536,40.798345827564916],[-73.96986147037255,40.79809139622305],[-73.97004826386873,40.79817062943315],[-73.9698568524913,40.7984317919183],[-73.96967498982536,40.798345827564916]]],[[[-73.96870716959968,40.79992159762882],[-73.9690025798857,40.79937482044672],[-73.96946412452442,40.79956943437489],[-73.96927071688629,40.79982107792509],[-73.96902412239443,40.79971710151393],[-73.96883543754056,40.799975683043606],[-73.96870716959968,40.79992159762882]]]]}},{"type":"Feature","properties":{"development_id":"nycha:tds:517","geometry_id":"nycha-polygon:517","name":"REHAB PROGRAM (WISE REHAB)","tds_id":"517","tds_raw":"517","borough":"MANHATTAN","borough_code":"MN","join_method":"tds","join_confidence":"high","geometry_quality":"official_source","source_id":"nycha_development_geometry","source_artifact_id":"nycha-geometry-open-data","source_dataset_id":"phvi-damg","source_url":"https://data.cityofnewyork.us/Housing-Development/NYCHA-Public-Housing-Developments/phvi-damg","geometry_vintage_note":"NYC Open Data NYCHA Public Housing Developments (current snapshot)"},"geometry":{"type":"Polygon","coordinates":[[[-73.96718290343934,40.79092516646623],[-73.96736403747319,40.790677927846005],[-73.96767626462776,40.790809744654474],[-73.96749513139477,40.79105698376031],[-73.96718290343934,40.79092516646623]]]}},{"type":"Feature","properties":{"development_id":"nycha:tds:117","geometry_id":"nycha-polygon:117","name":"RICHMOND TERRACE","tds_id":"117","tds_raw":"117","borough":"STATEN ISLAND","borough_code":"SI","join_method":"tds","join_confidence":"high","geometry_quality":"official_source","source_id":"nycha_development_geometry","source_artifact_id":"nycha-geometry-open-data","source_dataset_id":"phvi-damg","source_url":"https://data.cityofnewyork.us/Housing-Development/NYCHA-Public-Housing-Developments/phvi-damg","geometry_vintage_note":"NYC Open Data NYCHA Public Housing Developments (current snapshot)"},"geometry":{"type":"MultiPolygon","coordinates":[[[[-74.08634776245329,40.64543214016884],[-74.08548711975176,40.644459259656685],[-74.0858380460244,40.64418960003418],[-74.08577436704283,40.6440033221552],[-74.08633495635435,40.64356916068431],[-74.0858131699874,40.64292595416304],[-74.08634966073693,40.64273874087477],[-74.08647313020697,40.64387468837598],[-74.08725666883936,40.64504514253036],[-74.08634776245329,40.64543214016884]]],[[[-74.08686641657722,40.6440827098365],[-74.0871934721321,40.64394782039225],[-74.08852067022076,40.64589833538152],[-74.08907624166781,40.64648815387138],[-74.08899244802713,40.6465330870694],[-74.08741866712822,40.644844130037725],[-74.08686641657722,40.6440827098365]]],[[[-74.08708837430653,40.64520644939577],[-74.08731331989561,40.64511768042081],[-74.08875411646031,40.64665286548476],[-74.08745698865195,40.647491708620244],[-74.08715090200651,40.64710534039306],[-74.08745703278171,40.646922864714256],[-74.08742786299102,40.646681446231945],[-74.08684884332582,40.64600957867636],[-74.08745161013287,40.64568293522455],[-74.08708837430653,40.64520644939577]]]]}},{"type":"Feature","properties":{"development_id":"nycha:tds:18","geometry_id":"nycha-polygon:18","name":"RIIS","tds_id":"18","tds_raw":"018","borough":"MANHATTAN","borough_code":"MN","join_method":"tds","join_confidence":"high","geometry_quality":"official_source","source_id":"nycha_development_geometry","source_artifact_id":"nycha-geometry-open-data","source_dataset_id":"phvi-damg","source_url":"https://data.cityofnewyork.us/Housing-Development/NYCHA-Public-Housing-Developments/phvi-damg","geometry_vintage_note":"NYC Open Data NYCHA Public Housing Developments (current snapshot)"},"geometry":{"type":"MultiPolygon","coordinates":[[[[-73.97437305049439,40.72421149301665],[-73.97409460920736,40.72427299762299],[-73.97364766286073,40.72408378835291],[-73.97430022721193,40.72304362516076],[-73.97585331814909,40.72369787431622],[-73.97511613486353,40.724708021190956],[-73.97437305049439,40.72421149301665]]],[[[-73.97225288416433,40.726194382874105],[-73.97344520438627,40.724267065710535],[-73.97392135104404,40.72446794397343],[-73.97411821852492,40.72476297359577],[-73.97455812507033,40.724736584963125],[-73.9749764599057,40.72491306837637],[-73.97394137420473,40.72633737298534],[-73.97330939282553,40.726072390326415],[-73.97313360053676,40.72631427839194],[-73.97376558351161,40.72657926110639],[-73.97362666945997,40.726770402919385],[-73.97225288416433,40.726194382874105]]]]}},{"type":"Feature","properties":{"development_id":"nycha:tds:19","geometry_id":"nycha-polygon:19","name":"RIIS II","tds_id":"19","tds_raw":"019","borough":"MANHATTAN","borough_code":"MN","join_method":"tds","join_confidence":"high","geometry_quality":"official_source","source_id":"nycha_development_geometry","source_artifact_id":"nycha-geometry-open-data","source_dataset_id":"phvi-damg","source_url":"https://data.cityofnewyork.us/Housing-Development/NYCHA-Public-Housing-Developments/phvi-damg","geometry_vintage_note":"NYC Open Data NYCHA Public Housing Developments (current snapshot)"},"geometry":{"type":"Polygon","coordinates":[[[-73.97430022721193,40.72304362516076],[-73.97482284460143,40.72173303468924],[-73.9767077254211,40.72252705315492],[-73.97585331814909,40.72369787431622],[-73.97430022721193,40.72304362516076]]]}},{"type":"Feature","properties":{"development_id":"nycha:tds:218","geometry_id":"nycha-polygon:218","name":"ROBBINS PLAZA","tds_id":"218","tds_raw":"218","borough":"MANHATTAN","borough_code":"MN","join_method":"tds","join_confidence":"high","geometry_quality":"official_source","source_id":"nycha_development_geometry","source_artifact_id":"nycha-geometry-open-data","source_dataset_id":"phvi-damg","source_url":"https://data.cityofnewyork.us/Housing-Development/NYCHA-Public-Housing-Developments/phvi-damg","geometry_vintage_note":"NYC Open Data NYCHA Public Housing Developments (current snapshot)"},"geometry":{"type":"Polygon","coordinates":[[[-73.95719677988679,40.767006818315956],[-73.95686360630833,40.766865676955135],[-73.95704684928559,40.766615690798766],[-73.95745627099522,40.76678913207339],[-73.95719677988679,40.767006818315956]]]}},{"type":"Feature","properties":{"development_id":"nycha:tds:135","geometry_id":"nycha-polygon:135","name":"ROOSEVELT I","tds_id":"135","tds_raw":"135","borough":"BROOKLYN","borough_code":"BK","join_method":"tds","join_confidence":"high","geometry_quality":"official_source","source_id":"nycha_development_geometry","source_artifact_id":"nycha-geometry-open-data","source_dataset_id":"phvi-damg","source_url":"https://data.cityofnewyork.us/Housing-Development/NYCHA-Public-Housing-Developments/phvi-damg","geometry_vintage_note":"NYC Open Data NYCHA Public Housing Developments (current snapshot)"},"geometry":{"type":"MultiPolygon","coordinates":[[[[-73.9370226968318,40.692354818290944],[-73.93784368708738,40.69226051623624],[-73.93795267309075,40.692825508379975],[-73.9371322518556,40.69292017442666],[-73.9370226968318,40.692354818290944]]],[[[-73.93719025028618,40.693100045768865],[-73.9398560516987,40.69279126464776],[-73.9399708987349,40.69334860803734],[-73.937299110634,40.69365458074731],[-73.93719025028618,40.693100045768865]]],[[[-73.93472968670467,40.693939956600246],[-73.9347028281478,40.69380424935839],[-73.9343462596228,40.69384523686551],[-73.93426631184701,40.693441275097925],[-73.93694270281439,40.69313288268694],[-73.93705208116329,40.693672973952275],[-73.93472968670467,40.693939956600246]]]]}},{"type":"Feature","properties":{"development_id":"nycha:tds:177","geometry_id":"nycha-polygon:177","name":"ROOSEVELT II","tds_id":"177","tds_raw":"177","borough":"BROOKLYN","borough_code":"BK","join_method":"tds","join_confidence":"high","geometry_quality":"official_source","source_id":"nycha_development_geometry","source_artifact_id":"nycha-geometry-open-data","source_dataset_id":"phvi-damg","source_url":"https://data.cityofnewyork.us/Housing-Development/NYCHA-Public-Housing-Developments/phvi-damg","geometry_vintage_note":"NYC Open Data NYCHA Public Housing Developments (current snapshot)"},"geometry":{"type":"MultiPolygon","coordinates":[[[[-73.93451681964714,40.69471654523997],[-73.9344066794339,40.694166662615196],[-73.93556042856308,40.69403281288228],[-73.93561494224824,40.694312700319465],[-73.93635995063934,40.694227038265645],[-73.93630528673162,40.69394639376523],[-73.93709621942733,40.69385462345992],[-73.937203934087,40.694407581050825],[-73.93451681964714,40.69471654523997]]],[[[-73.933994034519,40.694779468909],[-73.93388354396046,40.69423039424521],[-73.93417774448034,40.694196727909464],[-73.93428829510239,40.69474608328594],[-73.933994034519,40.694779468909]]]]}},{"type":"Feature","properties":{"development_id":"nycha:tds:99","geometry_id":"nycha-polygon:99","name":"RUTGERS","tds_id":"99","tds_raw":"099","borough":"MANHATTAN","borough_code":"MN","join_method":"tds","join_confidence":"high","geometry_quality":"official_source","source_id":"nycha_development_geometry","source_artifact_id":"nycha-geometry-open-data","source_dataset_id":"phvi-damg","source_url":"https://data.cityofnewyork.us/Housing-Development/NYCHA-Public-Housing-Developments/phvi-damg","geometry_vintage_note":"NYC Open Data NYCHA Public Housing Developments (current snapshot)"},"geometry":{"type":"Polygon","coordinates":[[[-73.99030805256618,40.71124643998056],[-73.99035888868814,40.711597556093736],[-73.9905275960058,40.71158255768493],[-73.99056425690493,40.71183578250902],[-73.99093364284931,40.71180572432973],[-73.99089695219888,40.71155222406379],[-73.99107338570867,40.711467512426566],[-73.99102883820538,40.711159840455295],[-73.9918946112486,40.71104536870281],[-73.9921265793466,40.71236580817073],[-73.99010454510109,40.7125303564129],[-73.98992826380966,40.71132245641391],[-73.99030805256618,40.71124643998056]]]}},{"type":"Feature","properties":{"development_id":"nycha:tds:93","geometry_id":"nycha-polygon:93","name":"SAINT MARY'S PARK","tds_id":"93","tds_raw":"093","borough":"BRONX","borough_code":"BX","join_method":"tds","join_confidence":"high","geometry_quality":"official_source","source_id":"nycha_development_geometry","source_artifact_id":"nycha-geometry-open-data","source_dataset_id":"phvi-damg","source_url":"https://data.cityofnewyork.us/Housing-Development/NYCHA-Public-Housing-Developments/phvi-damg","geometry_vintage_note":"NYC Open Data NYCHA Public Housing Developments (current snapshot)"},"geometry":{"type":"MultiPolygon","coordinates":[[[[-73.90928526818897,40.81579938116371],[-73.91007702117969,40.81358243890872],[-73.91079738973883,40.813728755750454],[-73.91006536754196,40.81579651096461],[-73.90928526818897,40.81579938116371]]],[[[-73.90740545370976,40.81775245391267],[-73.90668179979869,40.81757929834163],[-73.90639081328968,40.81809958670582],[-73.90672214986373,40.817298674847905],[-73.90869448989011,40.81614918309089],[-73.9097469374408,40.81607162252399],[-73.90928027867167,40.817199786441385],[-73.90892794591441,40.81711548779959],[-73.90833163314426,40.81856397356544],[-73.90718339207156,40.81828923545913],[-73.90740545370976,40.81775245391267]]]]}},{"type":"Feature","properties":{"development_id":"nycha:tds:38","geometry_id":"nycha-polygon:38","name":"SAINT NICHOLAS","tds_id":"38","tds_raw":"038","borough":"MANHATTAN","borough_code":"MN","join_method":"tds","join_confidence":"high","geometry_quality":"official_source","source_id":"nycha_development_geometry","source_artifact_id":"nycha-geometry-open-data","source_dataset_id":"phvi-damg","source_url":"https://data.cityofnewyork.us/Housing-Development/NYCHA-Public-Housing-Developments/phvi-damg","geometry_vintage_note":"NYC Open Data NYCHA Public Housing Developments (current snapshot)"},"geometry":{"type":"MultiPolygon","coordinates":[[[[-73.9467624079411,40.81151028198272],[-73.94751484846324,40.81047918425953],[-73.94998323282854,40.811520742735865],[-73.94923081877258,40.812551856394386],[-73.9467624079411,40.81151028198272]]],[[[-73.9483378299833,40.81377556798509],[-73.9458693889263,40.812733974662],[-73.94646185970525,40.811922124981784],[-73.94705101072437,40.8121707326817],[-73.94722796301615,40.81192825308071],[-73.94783827071818,40.812185782264386],[-73.94769605719375,40.812380334266386],[-73.94812050051529,40.81260677783969],[-73.94814224357458,40.812939620493154],[-73.94841147502615,40.8129389614444],[-73.94839120022704,40.8126765113884],[-73.9486033195644,40.81250860032541],[-73.94910722747636,40.81272122330391],[-73.9483378299833,40.81377556798509]]]]}},{"type":"Feature","properties":{"development_id":"nycha:tds:45","geometry_id":"nycha-polygon:45","name":"SEDGWICK","tds_id":"45","tds_raw":"045","borough":"BRONX","borough_code":"BX","join_method":"tds","join_confidence":"high","geometry_quality":"official_source","source_id":"nycha_development_geometry","source_artifact_id":"nycha-geometry-open-data","source_dataset_id":"phvi-damg","source_url":"https://data.cityofnewyork.us/Housing-Development/NYCHA-Public-Housing-Developments/phvi-damg","geometry_vintage_note":"NYC Open Data NYCHA Public Housing Developments (current snapshot)"},"geometry":{"type":"Polygon","coordinates":[[[-73.92268112946174,40.8455917274762],[-73.923839338583,40.84610483239712],[-73.92311634541485,40.84752473205358],[-73.92084344814025,40.846923723434976],[-73.92268112946174,40.8455917274762]]]}},{"type":"Feature","properties":{"development_id":"nycha:tds:192","geometry_id":"nycha-polygon:192","name":"SEWARD PARK EXTENSION","tds_id":"192","tds_raw":"192","borough":"MANHATTAN","borough_code":"MN","join_method":"tds","join_confidence":"high","geometry_quality":"official_source","source_id":"nycha_development_geometry","source_artifact_id":"nycha-geometry-open-data","source_dataset_id":"phvi-damg","source_url":"https://data.cityofnewyork.us/Housing-Development/NYCHA-Public-Housing-Developments/phvi-damg","geometry_vintage_note":"NYC Open Data NYCHA Public Housing Developments (current snapshot)"},"geometry":{"type":"MultiPolygon","coordinates":[[[[-73.98440713825836,40.716866471075164],[-73.98460570925984,40.71648960909294],[-73.98561358407805,40.71679454772431],[-73.98541886051797,40.71717252584748],[-73.98440713825836,40.716866471075164]]],[[[-73.98800198592063,40.71735986717071],[-73.98839767202229,40.71659519365582],[-73.98897348645632,40.71677025358307],[-73.98857843318075,40.71753499305753],[-73.98800198592063,40.71735986717071]]]]}},{"type":"Feature","properties":{"development_id":"nycha:tds:36","geometry_id":"nycha-polygon:36","name":"SHEEPSHEAD BAY","tds_id":"36","tds_raw":"036","borough":"BROOKLYN","borough_code":"BK","join_method":"tds","join_confidence":"high","geometry_quality":"official_source","source_id":"nycha_development_geometry","source_artifact_id":"nycha-geometry-open-data","source_dataset_id":"phvi-damg","source_url":"https://data.cityofnewyork.us/Housing-Development/NYCHA-Public-Housing-Developments/phvi-damg","geometry_vintage_note":"NYC Open Data NYCHA Public Housing Developments (current snapshot)"},"geometry":{"type":"MultiPolygon","coordinates":[[[[-73.9379195114564,40.594205747709246],[-73.94051200578647,40.59392400810248],[-73.94087408559902,40.59582530963275],[-73.93828339748234,40.596112042758364],[-73.9379195114564,40.594205747709246]]],[[[-73.93832330232694,40.596327843860074],[-73.94091461356209,40.59604309941177],[-73.94132820446282,40.59821734697939],[-73.93873632471299,40.598502464245186],[-73.93832330232694,40.596327843860074]]]]}},{"type":"Feature","properties":{"development_id":"nycha:tds:279","geometry_id":"nycha-polygon:279","name":"SHELTON HOUSE","tds_id":"279","tds_raw":"279","borough":"QUEENS","borough_code":"QN","join_method":"tds","join_confidence":"high","geometry_quality":"official_source","source_id":"nycha_development_geometry","source_artifact_id":"nycha-geometry-open-data","source_dataset_id":"phvi-damg","source_url":"https://data.cityofnewyork.us/Housing-Development/NYCHA-Public-Housing-Developments/phvi-damg","geometry_vintage_note":"NYC Open Data NYCHA Public Housing Developments (current snapshot)"},"geometry":{"type":"Polygon","coordinates":[[[-73.79859194814486,40.70680459095535],[-73.79832421046774,40.70637425745923],[-73.79874867621636,40.706220793690946],[-73.79900949814909,40.70664604874],[-73.79859194814486,40.70680459095535]]]}},{"type":"Feature","properties":{"development_id":"nycha:tds:27","geometry_id":"nycha-polygon:27","name":"SMITH","tds_id":"27","tds_raw":"027","borough":"MANHATTAN","borough_code":"MN","join_method":"tds","join_confidence":"high","geometry_quality":"official_source","source_id":"nycha_development_geometry","source_artifact_id":"nycha-geometry-open-data","source_dataset_id":"phvi-damg","source_url":"https://data.cityofnewyork.us/Housing-Development/NYCHA-Public-Housing-Developments/phvi-damg","geometry_vintage_note":"NYC Open Data NYCHA Public Housing Developments (current snapshot)"},"geometry":{"type":"Polygon","coordinates":[[[-73.99693010018342,40.71130808409644],[-73.99748152858278,40.71122424281888],[-73.99744394147253,40.7110864557365],[-73.99834828788333,40.711011363360726],[-73.99810411681337,40.70997066171152],[-73.99662941741175,40.71018564296756],[-73.99639582755667,40.7093136288169],[-73.99917789220507,40.7088700131297],[-74.00089272867942,40.710238275085544],[-73.99955128575985,40.711693216766754],[-73.99709810160246,40.71193521312806],[-73.99693010018342,40.71130808409644]]]}},{"type":"Feature","properties":{"development_id":"nycha:tds:67","geometry_id":"nycha-polygon:67","name":"SOTOMAYOR HOUSES","tds_id":"67","tds_raw":"067","borough":"BRONX","borough_code":"BX","join_method":"tds","join_confidence":"high","geometry_quality":"official_source","source_id":"nycha_development_geometry","source_artifact_id":"nycha-geometry-open-data","source_dataset_id":"phvi-damg","source_url":"https://data.cityofnewyork.us/Housing-Development/NYCHA-Public-Housing-Developments/phvi-damg","geometry_vintage_note":"NYC Open Data NYCHA Public Housing Developments (current snapshot)"},"geometry":{"type":"MultiPolygon","coordinates":[[[[-73.86846796093737,40.827284417833766],[-73.8680002440351,40.825276230430944],[-73.86971826387894,40.82502154541749],[-73.87166139827788,40.82685337532978],[-73.87020191742633,40.827050384092544],[-73.87015091655965,40.8265713104116],[-73.86996317462071,40.826486001062264],[-73.86983126476387,40.82658384334429],[-73.86990641985119,40.82671667841036],[-73.86955454907466,40.82676583702921],[-73.86963875094585,40.827126398177704],[-73.86846796093737,40.827284417833766]]],[[[-73.86506445799526,40.82566669799469],[-73.86746901622409,40.82534226236527],[-73.86793319355364,40.827349037687966],[-73.86552791752119,40.82767068338986],[-73.86506445799526,40.82566669799469]]],[[[-73.86348962942125,40.82745606863559],[-73.86308074805517,40.825923893627966],[-73.864368992678,40.82575184530781],[-73.86439592759683,40.82586808155069],[-73.86481935235788,40.82581152863619],[-73.86525958254698,40.827715008674396],[-73.86366156205136,40.8279313567156],[-73.86361868150448,40.82755081575609],[-73.86348962942125,40.82745606863559]]]]}},{"type":"Feature","properties":{"development_id":"nycha:tds:71","geometry_id":"nycha-polygon:71","name":"SOUNDVIEW","tds_id":"71","tds_raw":"071","borough":"BRONX","borough_code":"BX","join_method":"tds","join_confidence":"high","geometry_quality":"official_source","source_id":"nycha_development_geometry","source_artifact_id":"nycha-geometry-open-data","source_dataset_id":"phvi-damg","source_url":"https://data.cityofnewyork.us/Housing-Development/NYCHA-Public-Housing-Developments/phvi-damg","geometry_vintage_note":"NYC Open Data NYCHA Public Housing Developments (current snapshot)"},"geometry":{"type":"MultiPolygon","coordinates":[[[[-73.86582455501559,40.816505478487734],[-73.86544167803895,40.81485115974683],[-73.86659956240702,40.81469848855529],[-73.86701205199633,40.8148171779556],[-73.8670108074439,40.815439988858955],[-73.86780714548166,40.81546396097924],[-73.86812115444802,40.81571584044663],[-73.86851314444768,40.81575760928377],[-73.86851232126017,40.81614545907903],[-73.86582455501559,40.816505478487734]]],[[[-73.86941032867438,40.81658146962626],[-73.86978418031993,40.81662253550974],[-73.87013645432899,40.81811524559349],[-73.86630168181371,40.81863459308387],[-73.86592987951562,40.817039281918426],[-73.86941032867438,40.81658146962626]]]]}},{"type":"Feature","properties":{"development_id":"nycha:tds:35","geometry_id":"nycha-polygon:35","name":"SOUTH BEACH","tds_id":"35","tds_raw":"035","borough":"STATEN ISLAND","borough_code":"SI","join_method":"tds","join_confidence":"high","geometry_quality":"official_source","source_id":"nycha_development_geometry","source_artifact_id":"nycha-geometry-open-data","source_dataset_id":"phvi-damg","source_url":"https://data.cityofnewyork.us/Housing-Development/NYCHA-Public-Housing-Developments/phvi-damg","geometry_vintage_note":"NYC Open Data NYCHA Public Housing Developments (current snapshot)"},"geometry":{"type":"Polygon","coordinates":[[[-74.0801109342032,40.59401624566519],[-74.08122198641122,40.595892808752495],[-74.07873654389017,40.59680834963651],[-74.07733645905371,40.594590984443094],[-74.0782964894536,40.59428243107674],[-74.07912112919901,40.594353398403996],[-74.0801109342032,40.59401624566519]]]}},{"type":"Feature","properties":{"development_id":"nycha:tds:8","geometry_id":"nycha-polygon:8","name":"SOUTH JAMAICA I","tds_id":"8","tds_raw":"008","borough":"QUEENS","borough_code":"QN","join_method":"tds","join_confidence":"high","geometry_quality":"official_source","source_id":"nycha_development_geometry","source_artifact_id":"nycha-geometry-open-data","source_dataset_id":"phvi-damg","source_url":"https://data.cityofnewyork.us/Housing-Development/NYCHA-Public-Housing-Developments/phvi-damg","geometry_vintage_note":"NYC Open Data NYCHA Public Housing Developments (current snapshot)"},"geometry":{"type":"MultiPolygon","coordinates":[[[[-73.79306852211202,40.693867227633596],[-73.79365138896497,40.69362066039117],[-73.79474766050065,40.6951191248606],[-73.79416424028891,40.69536495370996],[-73.79306852211202,40.693867227633596]]],[[[-73.79600808116771,40.69790207938557],[-73.79524264347482,40.6968580788714],[-73.79476237458483,40.69706140798316],[-73.79370755058679,40.69561760760578],[-73.79476818433892,40.695147175586406],[-73.79644004160438,40.69743224055872],[-73.79625716041645,40.69758758715224],[-73.79646916711764,40.697703378540076],[-73.79600808116771,40.69790207938557]]]]}},{"type":"Feature","properties":{"development_id":"nycha:tds:66","geometry_id":"nycha-polygon:66","name":"SOUTH JAMAICA II","tds_id":"66","tds_raw":"066","borough":"QUEENS","borough_code":"QN","join_method":"tds","join_confidence":"high","geometry_quality":"official_source","source_id":"nycha_development_geometry","source_artifact_id":"nycha-geometry-open-data","source_dataset_id":"phvi-damg","source_url":"https://data.cityofnewyork.us/Housing-Development/NYCHA-Public-Housing-Developments/phvi-damg","geometry_vintage_note":"NYC Open Data NYCHA Public Housing Developments (current snapshot)"},"geometry":{"type":"MultiPolygon","coordinates":[[[[-73.79217094667999,40.69398026385524],[-73.79113682704453,40.69256225560901],[-73.79230251465673,40.692069938148315],[-73.79312666062502,40.69289322938586],[-73.79365138896497,40.69362066039117],[-73.79306852211202,40.693867227633596],[-73.79292078480285,40.69366528338943],[-73.79217094667999,40.69398026385524]]],[[[-73.79230424640684,40.694165374884605],[-73.79288419447332,40.693916767493015],[-73.79391239057892,40.69532932347985],[-73.79333504095442,40.69557588751513],[-73.79230424640684,40.694165374884605]]],[[[-73.79344604713027,40.69572779116826],[-73.79370755058679,40.69561760760578],[-73.79476237458483,40.69706140798316],[-73.7945011522881,40.69717199876236],[-73.79344604713027,40.69572779116826]]],[[[-73.79645031331415,40.69768356268861],[-73.79625716041645,40.69758758715224],[-73.79644004160438,40.69743224055872],[-73.79705780753555,40.698276547416455],[-73.79648885727201,40.69855776860529],[-73.79600808116771,40.69790207938557],[-73.79645031331415,40.69768356268861]]],[[[-73.79460904621463,40.697306971419934],[-73.79517068425524,40.697069620456276],[-73.7963212109863,40.6986451227457],[-73.79576167202079,40.69888061715094],[-73.79460904621463,40.697306971419934]]]]}},{"type":"Feature","properties":{"development_id":"nycha:tds:559","geometry_id":"nycha-polygon:559","name":"STANTON STREET","tds_id":"559","tds_raw":"559","borough":"MANHATTAN","borough_code":"MN","join_method":"tds","join_confidence":"high","geometry_quality":"official_source","source_id":"nycha_development_geometry","source_artifact_id":"nycha-geometry-open-data","source_dataset_id":"phvi-damg","source_url":"https://data.cityofnewyork.us/Housing-Development/NYCHA-Public-Housing-Developments/phvi-damg","geometry_vintage_note":"NYC Open Data NYCHA Public Housing Developments (current snapshot)"},"geometry":{"type":"Polygon","coordinates":[[[-73.98341982474903,40.71984712005964],[-73.98355744888683,40.719578876134875],[-73.98373099500608,40.719631922805206],[-73.98359337264095,40.71990016693569],[-73.98341982474903,40.71984712005964]]]}},{"type":"Feature","properties":{"development_id":"nycha:tds:114","geometry_id":"nycha-polygon:114","name":"STAPLETON","tds_id":"114","tds_raw":"114","borough":"STATEN ISLAND","borough_code":"SI","join_method":"tds","join_confidence":"high","geometry_quality":"official_source","source_id":"nycha_development_geometry","source_artifact_id":"nycha-geometry-open-data","source_dataset_id":"phvi-damg","source_url":"https://data.cityofnewyork.us/Housing-Development/NYCHA-Public-Housing-Developments/phvi-damg","geometry_vintage_note":"NYC Open Data NYCHA Public Housing Developments (current snapshot)"},"geometry":{"type":"Polygon","coordinates":[[[-74.080287934604,40.623292188882324],[-74.07947819750146,40.621715685133026],[-74.08181800837062,40.6209472034776],[-74.0827093830807,40.62262154490646],[-74.08262600769892,40.6235115524135],[-74.08119699051532,40.623966013264166],[-74.08077713297624,40.62314895520162],[-74.080287934604,40.623292188882324]]]}},{"type":"Feature","properties":{"development_id":"nycha:tds:153","geometry_id":"nycha-polygon:153","name":"STRAUS","tds_id":"153","tds_raw":"153","borough":"MANHATTAN","borough_code":"MN","join_method":"tds","join_confidence":"high","geometry_quality":"official_source","source_id":"nycha_development_geometry","source_artifact_id":"nycha-geometry-open-data","source_dataset_id":"phvi-damg","source_url":"https://data.cityofnewyork.us/Housing-Development/NYCHA-Public-Housing-Developments/phvi-damg","geometry_vintage_note":"NYC Open Data NYCHA Public Housing Developments (current snapshot)"},"geometry":{"type":"MultiPolygon","coordinates":[[[[-73.97899513089621,40.74077912986043],[-73.97917192815144,40.74053884721856],[-73.97965242262705,40.74074153642484],[-73.97947562775072,40.74098181979769],[-73.97899513089621,40.74077912986043]]],[[[-73.97937842595859,40.7412608623895],[-73.97973492676431,40.740776340265676],[-73.98012579949958,40.740941220101284],[-73.97994900461633,40.741181504193946],[-73.9801577735696,40.74126956762339],[-73.9799782347719,40.74151358297844],[-73.97937842595859,40.7412608623895]]]]}},{"type":"Feature","properties":{"development_id":"nycha:tds:73","geometry_id":"nycha-polygon:73","name":"SUMNER","tds_id":"73","tds_raw":"073","borough":"BROOKLYN","borough_code":"BK","join_method":"tds","join_confidence":"high","geometry_quality":"official_source","source_id":"nycha_development_geometry","source_artifact_id":"nycha-geometry-open-data","source_dataset_id":"phvi-damg","source_url":"https://data.cityofnewyork.us/Housing-Development/NYCHA-Public-Housing-Developments/phvi-damg","geometry_vintage_note":"NYC Open Data NYCHA Public Housing Developments (current snapshot)"},"geometry":{"type":"MultiPolygon","coordinates":[[[[-73.94125356652837,40.698401043870206],[-73.94086740325449,40.696446820251495],[-73.94336779968376,40.69616079800769],[-73.94350374250207,40.696839145375705],[-73.94205650521518,40.69700470281368],[-73.9421763495036,40.697612630699055],[-73.94287015179118,40.69753336196352],[-73.94300398108058,40.69820117726176],[-73.94125356652837,40.698401043870206]]],[[[-73.93796411490985,40.69677353603733],[-73.940575902391,40.6964734936841],[-73.94095943439807,40.69844346509085],[-73.93861692582104,40.69871132533914],[-73.93831071870171,40.69854509902024],[-73.93796411490985,40.69677353603733]]]]}},{"type":"Feature","properties":{"development_id":"nycha:tds:170","geometry_id":"nycha-polygon:170","name":"SURFSIDE GARDENS","tds_id":"170","tds_raw":"170","borough":"BROOKLYN","borough_code":"BK","join_method":"tds","join_confidence":"high","geometry_quality":"official_source","source_id":"nycha_development_geometry","source_artifact_id":"nycha-geometry-open-data","source_dataset_id":"phvi-damg","source_url":"https://data.cityofnewyork.us/Housing-Development/NYCHA-Public-Housing-Developments/phvi-damg","geometry_vintage_note":"NYC Open Data NYCHA Public Housing Developments (current snapshot)"},"geometry":{"type":"MultiPolygon","coordinates":[[[[-73.99752370880537,40.57482746035457],[-73.99715301100312,40.57288321580079],[-73.99753850510568,40.57288457459416],[-73.99775471350827,40.573350821103695],[-73.99831516485911,40.57328854230957],[-73.99857607636156,40.574650372983044],[-73.99752370880537,40.57482746035457]]],[[[-73.99873157081913,40.5754713747836],[-73.99958348056492,40.575376207313504],[-73.99991740989428,40.577139736272024],[-73.9990663084798,40.577229427420896],[-73.99873157081913,40.5754713747836]]]]}},{"type":"Feature","properties":{"development_id":"nycha:tds:97","geometry_id":"nycha-polygon:97","name":"TAFT","tds_id":"97","tds_raw":"097","borough":"MANHATTAN","borough_code":"MN","join_method":"tds","join_confidence":"high","geometry_quality":"official_source","source_id":"nycha_development_geometry","source_artifact_id":"nycha-geometry-open-data","source_dataset_id":"phvi-damg","source_url":"https://data.cityofnewyork.us/Housing-Development/NYCHA-Public-Housing-Developments/phvi-damg","geometry_vintage_note":"NYC Open Data NYCHA Public Housing Developments (current snapshot)"},"geometry":{"type":"MultiPolygon","coordinates":[[[[-73.94402779778423,40.798617468379014],[-73.9452320031868,40.796968485439926],[-73.94650665681671,40.79750811416504],[-73.94603160675538,40.79815852983271],[-73.94563286636205,40.797989723001045],[-73.94538241005105,40.79826687383154],[-73.94577749271576,40.79850644555859],[-73.94530408094069,40.79915459594755],[-73.94402779778423,40.798617468379014]]],[[[-73.94556226758829,40.799237472267016],[-73.94675421347826,40.797603866353846],[-73.94807656189856,40.79816110354137],[-73.94753237187686,40.7989066679479],[-73.94723230253179,40.79878022061192],[-73.94713024823402,40.79892009345989],[-73.94743028603116,40.799046528437316],[-73.94688683126606,40.799791062564005],[-73.94556226758829,40.799237472267016]]]]}},{"type":"Feature","properties":{"development_id":"nycha:tds:234","geometry_id":"nycha-polygon:234","name":"TAYLOR STREET-WYTHE AVENUE","tds_id":"234","tds_raw":"234","borough":"BROOKLYN","borough_code":"BK","join_method":"tds","join_confidence":"high","geometry_quality":"official_source","source_id":"nycha_development_geometry","source_artifact_id":"nycha-geometry-open-data","source_dataset_id":"phvi-damg","source_url":"https://data.cityofnewyork.us/Housing-Development/NYCHA-Public-Housing-Developments/phvi-damg","geometry_vintage_note":"NYC Open Data NYCHA Public Housing Developments (current snapshot)"},"geometry":{"type":"Polygon","coordinates":[[[-73.96504732887738,40.70477084714028],[-73.96428950638725,40.70408952334993],[-73.96412892643397,40.704191554522424],[-73.96363643836816,40.703748771473364],[-73.9643967929684,40.70325628966429],[-73.96612809979244,40.70480798856772],[-73.96537213473466,40.705296630648014],[-73.964908825588,40.70488138872404],[-73.96504732887738,40.70477084714028]]]}},{"type":"Feature","properties":{"development_id":"nycha:tds:223","geometry_id":"nycha-polygon:223","name":"TELLER AVENUE-EAST 166TH STREET","tds_id":"223","tds_raw":"223","borough":"BRONX","borough_code":"BX","join_method":"tds","join_confidence":"high","geometry_quality":"official_source","source_id":"nycha_development_geometry","source_artifact_id":"nycha-geometry-open-data","source_dataset_id":"phvi-damg","source_url":"https://data.cityofnewyork.us/Housing-Development/NYCHA-Public-Housing-Developments/phvi-damg","geometry_vintage_note":"NYC Open Data NYCHA Public Housing Developments (current snapshot)"},"geometry":{"type":"Polygon","coordinates":[[[-73.91224039564398,40.830323296803044],[-73.91264242544187,40.829632912309265],[-73.91298155955087,40.82974172520718],[-73.91257697412193,40.83043128767953],[-73.91224039564398,40.830323296803044]]]}},{"type":"Feature","properties":{"development_id":"nycha:tds:268","geometry_id":"nycha-polygon:268","name":"THOMAS APARTMENTS","tds_id":"268","tds_raw":"268","borough":"MANHATTAN","borough_code":"MN","join_method":"tds","join_confidence":"high","geometry_quality":"official_source","source_id":"nycha_development_geometry","source_artifact_id":"nycha-geometry-open-data","source_dataset_id":"phvi-damg","source_url":"https://data.cityofnewyork.us/Housing-Development/NYCHA-Public-Housing-Developments/phvi-damg","geometry_vintage_note":"NYC Open Data NYCHA Public Housing Developments (current snapshot)"},"geometry":{"type":"Polygon","coordinates":[[[-73.97017084572839,40.789740313691894],[-73.97040611220707,40.78953064683221],[-73.97069530828152,40.78965212983158],[-73.9705232818336,40.789888314302424],[-73.97017084572839,40.789740313691894]]]}},{"type":"Feature","properties":{"development_id":"nycha:tds:63","geometry_id":"nycha-polygon:63","name":"THROGGS NECK","tds_id":"63","tds_raw":"063","borough":"BRONX","borough_code":"BX","join_method":"tds","join_confidence":"high","geometry_quality":"official_source","source_id":"nycha_development_geometry","source_artifact_id":"nycha-geometry-open-data","source_dataset_id":"phvi-damg","source_url":"https://data.cityofnewyork.us/Housing-Development/NYCHA-Public-Housing-Developments/phvi-damg","geometry_vintage_note":"NYC Open Data NYCHA Public Housing Developments (current snapshot)"},"geometry":{"type":"MultiPolygon","coordinates":[[[[-73.82182616286677,40.81933243937896],[-73.8241226722857,40.81854478110592],[-73.82512879602032,40.82015990770861],[-73.82282728963816,40.82094649760247],[-73.82182616286677,40.81933243937896]]],[[[-73.82127171191189,40.82176977519984],[-73.82418731228098,40.820771864863005],[-73.82543944538372,40.8222996675163],[-73.8227899072161,40.82360101659464],[-73.82127171191189,40.82176977519984]]],[[[-73.82307627333292,40.82375074800556],[-73.82578135915676,40.82242181866394],[-73.82674548987522,40.82353496060778],[-73.82504010266348,40.8243736864235],[-73.82307627333292,40.82375074800556]]]]}},{"type":"Feature","properties":{"development_id":"nycha:tds:193","geometry_id":"nycha-polygon:193","name":"THROGGS NECK ADDITION","tds_id":"193","tds_raw":"193","borough":"BRONX","borough_code":"BX","join_method":"tds","join_confidence":"high","geometry_quality":"official_source","source_id":"nycha_development_geometry","source_artifact_id":"nycha-geometry-open-data","source_dataset_id":"phvi-damg","source_url":"https://data.cityofnewyork.us/Housing-Development/NYCHA-Public-Housing-Developments/phvi-damg","geometry_vintage_note":"NYC Open Data NYCHA Public Housing Developments (current snapshot)"},"geometry":{"type":"MultiPolygon","coordinates":[[[[-73.82418800258067,40.82077162858458],[-73.82529958309023,40.820391145230985],[-73.82647036696116,40.82179328904657],[-73.8254394912407,40.82229964499219],[-73.82418800258067,40.82077162858458]]],[[[-73.82578135915676,40.82242181866394],[-73.82667407371103,40.8219832285409],[-73.82762324881811,40.82310325220747],[-73.82674548987522,40.82353496060778],[-73.82578135915676,40.82242181866394]]]]}},{"type":"Feature","properties":{"development_id":"nycha:tds:96","geometry_id":"nycha-polygon:96","name":"TILDEN","tds_id":"96","tds_raw":"096","borough":"BROOKLYN","borough_code":"BK","join_method":"tds","join_confidence":"high","geometry_quality":"official_source","source_id":"nycha_development_geometry","source_artifact_id":"nycha-geometry-open-data","source_dataset_id":"phvi-damg","source_url":"https://data.cityofnewyork.us/Housing-Development/NYCHA-Public-Housing-Developments/phvi-damg","geometry_vintage_note":"NYC Open Data NYCHA Public Housing Developments (current snapshot)"},"geometry":{"type":"Polygon","coordinates":[[[-73.90566626989933,40.66413781363831],[-73.90593075504665,40.6640986515346],[-73.90583518654446,40.66373803261387],[-73.90557070395356,40.66377719450048],[-73.9054075303317,40.66316145284959],[-73.90877603392484,40.662671483690374],[-73.909118628266,40.66401960131927],[-73.90576649274291,40.66451600016999],[-73.90566626989933,40.66413781363831]]]}},{"type":"Feature","properties":{"development_id":"nycha:tds:42","geometry_id":"nycha-polygon:42","name":"TODT HILL","tds_id":"42","tds_raw":"042","borough":"STATEN ISLAND","borough_code":"SI","join_method":"tds","join_confidence":"high","geometry_quality":"official_source","source_id":"nycha_development_geometry","source_artifact_id":"nycha-geometry-open-data","source_dataset_id":"phvi-damg","source_url":"https://data.cityofnewyork.us/Housing-Development/NYCHA-Public-Housing-Developments/phvi-damg","geometry_vintage_note":"NYC Open Data NYCHA Public Housing Developments (current snapshot)"},"geometry":{"type":"Polygon","coordinates":[[[-74.12021407708829,40.60883312884538],[-74.12032053968713,40.60868182154768],[-74.11942364990148,40.60840423437851],[-74.11906531449694,40.60860147923494],[-74.11904997519058,40.60896271083527],[-74.1184805827214,40.60902608809887],[-74.11831084432711,40.60670271435645],[-74.12080741575004,40.60647043366789],[-74.12099737323614,40.608745930627855],[-74.12021407708829,40.60883312884538]]]}},{"type":"Feature","properties":{"development_id":"nycha:tds:131","geometry_id":"nycha-polygon:131","name":"TOMPKINS","tds_id":"131","tds_raw":"131","borough":"BROOKLYN","borough_code":"BK","join_method":"tds","join_confidence":"high","geometry_quality":"official_source","source_id":"nycha_development_geometry","source_artifact_id":"nycha-geometry-open-data","source_dataset_id":"phvi-damg","source_url":"https://data.cityofnewyork.us/Housing-Development/NYCHA-Public-Housing-Developments/phvi-damg","geometry_vintage_note":"NYC Open Data NYCHA Public Housing Developments (current snapshot)"},"geometry":{"type":"Polygon","coordinates":[[[-73.943690731772,40.69611891962451],[-73.94621314456573,40.69582696508526],[-73.94660492059431,40.69780126658679],[-73.94408228944567,40.6980902200549],[-73.943690731772,40.69611891962451]]]}},{"type":"Feature","properties":{"development_id":"nycha:tds:266","geometry_id":"nycha-polygon:266","name":"TWO BRIDGES URA (SITE 7)","tds_id":"266","tds_raw":"266","borough":"MANHATTAN","borough_code":"MN","join_method":"tds","join_confidence":"high","geometry_quality":"official_source","source_id":"nycha_development_geometry","source_artifact_id":"nycha-geometry-open-data","source_dataset_id":"phvi-damg","source_url":"https://data.cityofnewyork.us/Housing-Development/NYCHA-Public-Housing-Developments/phvi-damg","geometry_vintage_note":"NYC Open Data NYCHA Public Housing Developments (current snapshot)"},"geometry":{"type":"Polygon","coordinates":[[[-73.98586835311971,40.710644675288066],[-73.98647107608824,40.71057366407526],[-73.98655499326314,40.71112717378714],[-73.98595638514186,40.71118555987506],[-73.98586835311971,40.710644675288066]]]}},{"type":"Feature","properties":{"development_id":"nycha:tds:240","geometry_id":"nycha-polygon:240","name":"UNITY PLAZA (SITES 17,24,25A)","tds_id":"240","tds_raw":"240","borough":"BROOKLYN","borough_code":"BK","join_method":"tds","join_confidence":"high","geometry_quality":"official_source","source_id":"nycha_development_geometry","source_artifact_id":"nycha-geometry-open-data","source_dataset_id":"phvi-damg","source_url":"https://data.cityofnewyork.us/Housing-Development/NYCHA-Public-Housing-Developments/phvi-damg","geometry_vintage_note":"NYC Open Data NYCHA Public Housing Developments (current snapshot)"},"geometry":{"type":"MultiPolygon","coordinates":[[[[-73.89690720472055,40.66791109325932],[-73.89727373837482,40.667857228070005],[-73.89747714532999,40.66866596323547],[-73.89711060739732,40.66871982816712],[-73.89690720472055,40.66791109325932]]],[[[-73.89658036404124,40.668883102581006],[-73.89633192206368,40.66794223123749],[-73.89599037656271,40.667992308638404],[-73.8959342450091,40.66777213027052],[-73.89662649011282,40.66766843588001],[-73.8969225039434,40.66883293751318],[-73.89658036404124,40.668883102581006]]]]}},{"type":"Feature","properties":{"development_id":"nycha:tds:261","geometry_id":"nycha-polygon:261","name":"UNITY PLAZA (SITES 4-27)","tds_id":"261","tds_raw":"261","borough":"BROOKLYN","borough_code":"BK","join_method":"tds","join_confidence":"high","geometry_quality":"official_source","source_id":"nycha_development_geometry","source_artifact_id":"nycha-geometry-open-data","source_dataset_id":"phvi-damg","source_url":"https://data.cityofnewyork.us/Housing-Development/NYCHA-Public-Housing-Developments/phvi-damg","geometry_vintage_note":"NYC Open Data NYCHA Public Housing Developments (current snapshot)"},"geometry":{"type":"MultiPolygon","coordinates":[[[[-73.89828175977199,40.665819882400584],[-73.8989954976558,40.665713636187974],[-73.89906627429933,40.66598962375915],[-73.89870880062081,40.666041108165565],[-73.89898581256047,40.667121297826334],[-73.89862894312628,40.667172695163316],[-73.89828175977199,40.665819882400584]]],[[[-73.89595190249112,40.66645108512151],[-73.89629762828855,40.6664014492522],[-73.89650370532846,40.667209804179336],[-73.89615797431057,40.667259441562486],[-73.89595190249112,40.66645108512151]]],[[[-73.89678790821429,40.66743597024556],[-73.89658703149247,40.66663618353829],[-73.89694080076028,40.66658351552528],[-73.89687308892785,40.66631392127177],[-73.89722685507748,40.66626125237597],[-73.89715844539869,40.66598888676793],[-73.89737070587934,40.66595728449471],[-73.89743911639246,40.66622964997744],[-73.89779288164956,40.66617697843989],[-73.89792831420176,40.66671616582585],[-73.8982730620792,40.666664836486596],[-73.8984116662024,40.667200403295205],[-73.89678790821429,40.66743597024556]]]]}},{"type":"Feature","properties":{"development_id":"nycha:tds:61","geometry_id":"nycha-polygon:61","name":"VAN DYKE I","tds_id":"61","tds_raw":"061","borough":"BROOKLYN","borough_code":"BK","join_method":"tds","join_confidence":"high","geometry_quality":"official_source","source_id":"nycha_development_geometry","source_artifact_id":"nycha-geometry-open-data","source_dataset_id":"phvi-damg","source_url":"https://data.cityofnewyork.us/Housing-Development/NYCHA-Public-Housing-Developments/phvi-damg","geometry_vintage_note":"NYC Open Data NYCHA Public Housing Developments (current snapshot)"},"geometry":{"type":"MultiPolygon","coordinates":[[[[-73.90361047052271,40.66484940794937],[-73.90342934449075,40.66412455946395],[-73.90272109428203,40.664228048727814],[-73.90254956627152,40.66355970890342],[-73.90502273706079,40.66320127631935],[-73.90521263982417,40.663968979307604],[-73.90488005100765,40.664018243095775],[-73.90502996829315,40.6646391623675],[-73.90361047052271,40.66484940794937]]],[[[-73.90331583039425,40.66646464640123],[-73.9029792821368,40.665150669880745],[-73.90377342035053,40.665032423704695],[-73.90386864536991,40.6654041950992],[-73.90441166272818,40.665323336359755],[-73.9046884180708,40.66527093800987],[-73.90459752081354,40.66490970962532],[-73.90542176728225,40.66478696725029],[-73.90575321537536,40.66610407166493],[-73.90331583039425,40.66646464640123]]],[[[-73.90335826309217,40.66668489432246],[-73.90581921952472,40.666315157225746],[-73.90615483243455,40.66763094888871],[-73.90369258339138,40.66799700895263],[-73.90335826309217,40.66668489432246]]]]}},{"type":"Feature","properties":{"development_id":"nycha:tds:146","geometry_id":"nycha-polygon:146","name":"VAN DYKE II","tds_id":"146","tds_raw":"146","borough":"BROOKLYN","borough_code":"BK","join_method":"tds","join_confidence":"high","geometry_quality":"official_source","source_id":"nycha_development_geometry","source_artifact_id":"nycha-geometry-open-data","source_dataset_id":"phvi-damg","source_url":"https://data.cityofnewyork.us/Housing-Development/NYCHA-Public-Housing-Developments/phvi-damg","geometry_vintage_note":"NYC Open Data NYCHA Public Housing Developments (current snapshot)"},"geometry":{"type":"Polygon","coordinates":[[[-73.90272109433451,40.664228048720055],[-73.90342934449075,40.66412455946391],[-73.90361047052271,40.6648494079493],[-73.90290729687085,40.664953550019405],[-73.90272109433451,40.664228048720055]]]}},{"type":"Feature","properties":{"development_id":"nycha:tds:315","geometry_id":"nycha-polygon:315","name":"VANDALIA AVENUE","tds_id":"315","tds_raw":"315","borough":"BROOKLYN","borough_code":"BK","join_method":"tds","join_confidence":"high","geometry_quality":"official_source","source_id":"nycha_development_geometry","source_artifact_id":"nycha-geometry-open-data","source_dataset_id":"phvi-damg","source_url":"https://data.cityofnewyork.us/Housing-Development/NYCHA-Public-Housing-Developments/phvi-damg","geometry_vintage_note":"NYC Open Data NYCHA Public Housing Developments (current snapshot)"},"geometry":{"type":"Polygon","coordinates":[[[-73.88581481346101,40.65044623556807],[-73.88765529558914,40.64932695328754],[-73.88831057409863,40.649832278892234],[-73.88777735051634,40.65022212188478],[-73.88616481740192,40.65091694029772],[-73.88581481346101,40.65044623556807]]]}},{"type":"Feature","properties":{"development_id":"nycha:tds:6","geometry_id":"nycha-polygon:6","name":"VLADECK","tds_id":"6","tds_raw":"006","borough":"MANHATTAN","borough_code":"MN","join_method":"tds","join_confidence":"high","geometry_quality":"official_source","source_id":"nycha_development_geometry","source_artifact_id":"nycha-geometry-open-data","source_dataset_id":"phvi-damg","source_url":"https://data.cityofnewyork.us/Housing-Development/NYCHA-Public-Housing-Developments/phvi-damg","geometry_vintage_note":"NYC Open Data NYCHA Public Housing Developments (current snapshot)"},"geometry":{"type":"MultiPolygon","coordinates":[[[[-73.98074173547526,40.71157753906858],[-73.98352007621116,40.711386082299875],[-73.98376140214559,40.71314137397032],[-73.98096249046681,40.713464981249935],[-73.98074173547526,40.71157753906858]]],[[[-73.98200311728012,40.71403959868463],[-73.98192417034574,40.71352132271943],[-73.98291755134977,40.71340915193192],[-73.98298528798976,40.71393603264505],[-73.98200311728012,40.71403959868463]]]]}},{"type":"Feature","properties":{"development_id":"nycha:tds:7","geometry_id":"nycha-polygon:7","name":"VLADECK II","tds_id":"7","tds_raw":"007","borough":"MANHATTAN","borough_code":"MN","join_method":"tds","join_confidence":"high","geometry_quality":"official_source","source_id":"nycha_development_geometry","source_artifact_id":"nycha-geometry-open-data","source_dataset_id":"phvi-damg","source_url":"https://data.cityofnewyork.us/Housing-Development/NYCHA-Public-Housing-Developments/phvi-damg","geometry_vintage_note":"NYC Open Data NYCHA Public Housing Developments (current snapshot)"},"geometry":{"type":"Polygon","coordinates":[[[-73.97987035639554,40.712338952802206],[-73.98060118371883,40.71228995721893],[-73.98074535706887,40.713469144218344],[-73.98002010259677,40.71354658340304],[-73.97999016954017,40.71330173929558],[-73.9796379435584,40.713319839931316],[-73.97960606064609,40.71305904642869],[-73.97995761825369,40.71303547967451],[-73.97987035639554,40.712338952802206]]]}},{"type":"Feature","properties":{"development_id":"nycha:tds:74","geometry_id":"nycha-polygon:74","name":"WAGNER","tds_id":"74","tds_raw":"074","borough":"MANHATTAN","borough_code":"MN","join_method":"tds","join_confidence":"high","geometry_quality":"official_source","source_id":"nycha_development_geometry","source_artifact_id":"nycha-geometry-open-data","source_dataset_id":"phvi-damg","source_url":"https://data.cityofnewyork.us/Housing-Development/NYCHA-Public-Housing-Developments/phvi-damg","geometry_vintage_note":"NYC Open Data NYCHA Public Housing Developments (current snapshot)"},"geometry":{"type":"MultiPolygon","coordinates":[[[[-73.92980117343774,40.797156005568674],[-73.93217437522118,40.79812298642409],[-73.93184050830703,40.79857948780319],[-73.93298522317555,40.79905725809076],[-73.93194628898873,40.80043555092676],[-73.93161688734862,40.800458053073385],[-73.93037823134522,40.79983021641609],[-73.92967449471107,40.79792538382235],[-73.92965268978129,40.79725981922036],[-73.92980117343774,40.797156005568674]]],[[[-73.93197856116204,40.800961050959806],[-73.93312146712576,40.79939818619911],[-73.93507474468707,40.80022205233187],[-73.93393187162432,40.801784935354476],[-73.93197856116204,40.800961050959806]]],[[[-73.93163164085786,40.80146853550379],[-73.93185852124097,40.80115611735793],[-73.93359329530746,40.801889523789974],[-73.93336642056671,40.80220194531364],[-73.93163164085786,40.80146853550379]]]]}},{"type":"Feature","properties":{"development_id":"nycha:tds:23","geometry_id":"nycha-polygon:23","name":"WALD","tds_id":"23","tds_raw":"023","borough":"MANHATTAN","borough_code":"MN","join_method":"tds","join_confidence":"high","geometry_quality":"official_source","source_id":"nycha_development_geometry","source_artifact_id":"nycha-geometry-open-data","source_dataset_id":"phvi-damg","source_url":"https://data.cityofnewyork.us/Housing-Development/NYCHA-Public-Housing-Developments/phvi-damg","geometry_vintage_note":"NYC Open Data NYCHA Public Housing Developments (current snapshot)"},"geometry":{"type":"Polygon","coordinates":[[[-73.9767953177492,40.71939633923189],[-73.97660140413068,40.71988218805603],[-73.97745637851627,40.72025937055143],[-73.9778368655718,40.719742245654935],[-73.97854463057676,40.72003627729557],[-73.97684259133986,40.72237068437993],[-73.97490609675842,40.72155409279879],[-73.97515051246047,40.71911605987917],[-73.9767953177492,40.71939633923189]]]}},{"type":"Feature","properties":{"development_id":"nycha:tds:62","geometry_id":"nycha-polygon:62","name":"WASHINGTON","tds_id":"62","tds_raw":"062","borough":"MANHATTAN","borough_code":"MN","join_method":"tds","join_confidence":"high","geometry_quality":"official_source","source_id":"nycha_development_geometry","source_artifact_id":"nycha-geometry-open-data","source_dataset_id":"phvi-damg","source_url":"https://data.cityofnewyork.us/Housing-Development/NYCHA-Public-Housing-Developments/phvi-damg","geometry_vintage_note":"NYC Open Data NYCHA Public Housing Developments (current snapshot)"},"geometry":{"type":"MultiPolygon","coordinates":[[[[-73.94590698672606,40.78614394761457],[-73.94666296378547,40.785105624776506],[-73.94857969198733,40.78591622224234],[-73.94782551235906,40.78695506801123],[-73.94590698672606,40.78614394761457]]],[[[-73.94455026167084,40.7880065036865],[-73.94578241351373,40.78631918155642],[-73.94658607472742,40.78665788505191],[-73.94623004634194,40.78714568217484],[-73.94670689585267,40.78734664697827],[-73.94706292181843,40.78685884929788],[-73.94770451913632,40.78712924033509],[-73.94647213350383,40.788817741623156],[-73.94455026167084,40.7880065036865]]],[[[-73.94466007390145,40.7890674627681],[-73.94432650882389,40.788927266125555],[-73.943974479504,40.78940448707495],[-73.94364304666621,40.78926447950366],[-73.94442260537174,40.78820768076388],[-73.9447415825394,40.78834189893017],[-73.94438381007467,40.788826915853974],[-73.94486046753352,40.789027253295885],[-73.94513762377895,40.78850854394008],[-73.94632742804981,40.78901230949027],[-73.94554788897413,40.79006912098149],[-73.94458557355739,40.78966262741613],[-73.94466007390145,40.7890674627681]]]]}},{"type":"Feature","properties":{"development_id":"nycha:tds:141","geometry_id":"nycha-polygon:141","name":"WEBSTER","tds_id":"141","tds_raw":"141","borough":"BRONX","borough_code":"BX","join_method":"tds","join_confidence":"high","geometry_quality":"official_source","source_id":"nycha_development_geometry","source_artifact_id":"nycha-geometry-open-data","source_dataset_id":"phvi-damg","source_url":"https://data.cityofnewyork.us/Housing-Development/NYCHA-Public-Housing-Developments/phvi-damg","geometry_vintage_note":"NYC Open Data NYCHA Public Housing Developments (current snapshot)"},"geometry":{"type":"Polygon","coordinates":[[[-73.90746052907461,40.833434192392524],[-73.90829836970315,40.83198442197854],[-73.90939756768465,40.832332224428995],[-73.90856928094493,40.83380030295094],[-73.90746052907461,40.833434192392524]]]}},{"type":"Feature","properties":{"development_id":"nycha:tds:360","geometry_id":"nycha-polygon:360","name":"WEST FARMS ROAD REHAB","tds_id":"360","tds_raw":"360","borough":"BRONX","borough_code":"BX","join_method":"tds","join_confidence":"high","geometry_quality":"official_source","source_id":"nycha_development_geometry","source_artifact_id":"nycha-geometry-open-data","source_dataset_id":"phvi-damg","source_url":"https://data.cityofnewyork.us/Housing-Development/NYCHA-Public-Housing-Developments/phvi-damg","geometry_vintage_note":"NYC Open Data NYCHA Public Housing Developments (current snapshot)"},"geometry":{"type":"MultiPolygon","coordinates":[[[[-73.88927499326243,40.82617941933257],[-73.88972674961234,40.82594651387206],[-73.88995859983153,40.8261890021058],[-73.88968947097804,40.826323810376614],[-73.89006281248332,40.82651265422338],[-73.88991968754425,40.82667669431411],[-73.88950467601163,40.82667509884707],[-73.8895072479471,40.826444830979504],[-73.88927499326243,40.82617941933257]]],[[[-73.88659497295002,40.83007052179015],[-73.887158275081,40.82973595403408],[-73.88749208578557,40.82985157602253],[-73.88711734873156,40.830251458463074],[-73.88659497295002,40.83007052179015]]]]}},{"type":"Feature","properties":{"development_id":"nycha:tds:526","geometry_id":"nycha-polygon:526","name":"WEST FARMS SQUARE CONVENTIONAL","tds_id":"526","tds_raw":"526","borough":"BRONX","borough_code":"BX","join_method":"tds","join_confidence":"high","geometry_quality":"official_source","source_id":"nycha_development_geometry","source_artifact_id":"nycha-geometry-open-data","source_dataset_id":"phvi-damg","source_url":"https://data.cityofnewyork.us/Housing-Development/NYCHA-Public-Housing-Developments/phvi-damg","geometry_vintage_note":"NYC Open Data NYCHA Public Housing Developments (current snapshot)"},"geometry":{"type":"Polygon","coordinates":[[[-73.8880575340455,40.8274483799918],[-73.88843463451381,40.82742978368995],[-73.88844639599871,40.82756678390146],[-73.88806929475747,40.827585380241345],[-73.8880575340455,40.8274483799918]]]}},{"type":"Feature","properties":{"development_id":"nycha:tds:246","geometry_id":"nycha-polygon:246","name":"WEST TREMONT AVENUE-SEDGWICK AVENUE AREA","tds_id":"246","tds_raw":"246","borough":"BRONX","borough_code":"BX","join_method":"tds","join_confidence":"high","geometry_quality":"official_source","source_id":"nycha_development_geometry","source_artifact_id":"nycha-geometry-open-data","source_dataset_id":"phvi-damg","source_url":"https://data.cityofnewyork.us/Housing-Development/NYCHA-Public-Housing-Developments/phvi-damg","geometry_vintage_note":"NYC Open Data NYCHA Public Housing Developments (current snapshot)"},"geometry":{"type":"Polygon","coordinates":[[[-73.91768485391191,40.85221739528525],[-73.9178824670882,40.852073220611665],[-73.91797555455538,40.85219562404092],[-73.91823856406666,40.85200373585524],[-73.91833165209286,40.85212613809821],[-73.91806864236615,40.852318026492014],[-73.91820557339224,40.85249807881979],[-73.91851889952466,40.85237235237641],[-73.91880773412835,40.852685587633246],[-73.91817467977326,40.85277004411329],[-73.91768485391191,40.85221739528525]]]}},{"type":"Feature","properties":{"development_id":"nycha:tds:514","geometry_id":"nycha-polygon:514","name":"WHITMAN","tds_id":"514","tds_raw":"514","borough":"BROOKLYN","borough_code":"BK","join_method":"tds","join_confidence":"high","geometry_quality":"official_source","source_id":"nycha_development_geometry","source_artifact_id":"nycha-geometry-open-data","source_dataset_id":"phvi-damg","source_url":"https://data.cityofnewyork.us/Housing-Development/NYCHA-Public-Housing-Developments/phvi-damg","geometry_vintage_note":"NYC Open Data NYCHA Public Housing Developments (current snapshot)"},"geometry":{"type":"MultiPolygon","coordinates":[[[[-73.9761505581495,40.69432332681985],[-73.97598592518935,40.693462666179904],[-73.97772255665518,40.693528883459535],[-73.97785039131337,40.69418982690984],[-73.9761505581495,40.69432332681985]]],[[[-73.97332219325436,40.69338117025161],[-73.975738820805,40.693455005919894],[-73.97623568038878,40.695958131539854],[-73.97362120735112,40.69586038588115],[-73.9731723489218,40.693631252869245],[-73.97332219325436,40.69338117025161]]]]}},{"type":"Feature","properties":{"development_id":"nycha:tds:112","geometry_id":"nycha-polygon:112","name":"WILSON","tds_id":"112","tds_raw":"112","borough":"MANHATTAN","borough_code":"MN","join_method":"tds","join_confidence":"high","geometry_quality":"official_source","source_id":"nycha_development_geometry","source_artifact_id":"nycha-geometry-open-data","source_dataset_id":"phvi-damg","source_url":"https://data.cityofnewyork.us/Housing-Development/NYCHA-Public-Housing-Developments/phvi-damg","geometry_vintage_note":"NYC Open Data NYCHA Public Housing Developments (current snapshot)"},"geometry":{"type":"Polygon","coordinates":[[[-73.93801267563974,40.78853417764382],[-73.9382232833035,40.78805609675598],[-73.94034927991831,40.7889551629988],[-73.93998550787286,40.78945327803004],[-73.93801267563974,40.78853417764382]]]}},{"type":"Feature","properties":{"development_id":"nycha:tds:33","geometry_id":"nycha-polygon:33","name":"WOODSIDE","tds_id":"33","tds_raw":"033","borough":"QUEENS","borough_code":"QN","join_method":"tds","join_confidence":"high","geometry_quality":"official_source","source_id":"nycha_development_geometry","source_artifact_id":"nycha-geometry-open-data","source_dataset_id":"phvi-damg","source_url":"https://data.cityofnewyork.us/Housing-Development/NYCHA-Public-Housing-Developments/phvi-damg","geometry_vintage_note":"NYC Open Data NYCHA Public Housing Developments (current snapshot)"},"geometry":{"type":"MultiPolygon","coordinates":[[[[-73.91017060157792,40.75322185392536],[-73.91058896630912,40.75312037451412],[-73.91178363683666,40.755436195448056],[-73.90920969914131,40.75424573408104],[-73.91017060157792,40.75322185392536]]],[[[-73.90803833699134,40.75694679307069],[-73.90908928092058,40.75444359641761],[-73.91183370959564,40.7557314762828],[-73.91095527630651,40.75681320565752],[-73.91059512508463,40.75677224186319],[-73.91058856033848,40.756946475585636],[-73.90989268279645,40.75781031507434],[-73.90803833699134,40.75694679307069]]]]}},{"type":"Feature","properties":{"development_id":"nycha:tds:182","geometry_id":"nycha-polygon:182","name":"WOODSON","tds_id":"182","tds_raw":"182","borough":"BROOKLYN","borough_code":"BK","join_method":"tds","join_confidence":"high","geometry_quality":"official_source","source_id":"nycha_development_geometry","source_artifact_id":"nycha-geometry-open-data","source_dataset_id":"phvi-damg","source_url":"https://data.cityofnewyork.us/Housing-Development/NYCHA-Public-Housing-Developments/phvi-damg","geometry_vintage_note":"NYC Open Data NYCHA Public Housing Developments (current snapshot)"},"geometry":{"type":"MultiPolygon","coordinates":[[[[-73.90157017222502,40.66372269703817],[-73.90228706955685,40.66361232944981],[-73.90263846859314,40.66499365334226],[-73.90191967666514,40.66509919743246],[-73.90157017222502,40.66372269703817]]],[[[-73.90260624030701,40.66629938301793],[-73.90232714364136,40.66521285520905],[-73.90268516791257,40.665158365808374],[-73.90295773490158,40.66624416863085],[-73.90260624030701,40.66629938301793]]]]}},{"type":"Feature","properties":{"development_id":"nycha:tds:178","geometry_id":"nycha-polygon:178","name":"WSUR (BROWNSTONES)","tds_id":"178","tds_raw":"178","borough":"MANHATTAN","borough_code":"MN","join_method":"tds","join_confidence":"high","geometry_quality":"official_source","source_id":"nycha_development_geometry","source_artifact_id":"nycha-geometry-open-data","source_dataset_id":"phvi-damg","source_url":"https://data.cityofnewyork.us/Housing-Development/NYCHA-Public-Housing-Developments/phvi-damg","geometry_vintage_note":"NYC Open Data NYCHA Public Housing Developments (current snapshot)"},"geometry":{"type":"MultiPolygon","coordinates":[[[[-73.96915085417751,40.78847494608092],[-73.96944717419869,40.78794676868335],[-73.96965084489821,40.78803267085048],[-73.96933189507999,40.78855130373963],[-73.96915085417751,40.78847494608092]]],[[[-73.96782871377789,40.78873677982946],[-73.96820363700584,40.78825313752001],[-73.96849275091887,40.7883753059281],[-73.96831601046699,40.788618835751336],[-73.96863249676653,40.78875216132437],[-73.96845284168766,40.788999707684056],[-73.96782871377789,40.78873677982946]]],[[[-73.9690378078664,40.78924613166323],[-73.96921746143522,40.78899858440134],[-73.96948278256494,40.789110353074975],[-73.96930312968145,40.78935789984576],[-73.9690378078664,40.78924613166323]]],[[[-73.96966653738613,40.79162119531901],[-73.96983045222896,40.79139677510399],[-73.97043041450844,40.79164984333446],[-73.97025295942765,40.79189280310269],[-73.96966653738613,40.79162119531901]]]]}},{"type":"Feature","properties":{"development_id":"nycha:tds:151","geometry_id":"nycha-polygon:151","name":"WSUR (SITE A) 120 WEST 94TH STREET","tds_id":"151","tds_raw":"151","borough":"MANHATTAN","borough_code":"MN","join_method":"tds","join_confidence":"high","geometry_quality":"official_source","source_id":"nycha_development_geometry","source_artifact_id":"nycha-geometry-open-data","source_dataset_id":"phvi-damg","source_url":"https://data.cityofnewyork.us/Housing-Development/NYCHA-Public-Housing-Developments/phvi-damg","geometry_vintage_note":"NYC Open Data NYCHA Public Housing Developments (current snapshot)"},"geometry":{"type":"Polygon","coordinates":[[[-73.96940155809712,40.79185946881988],[-73.96959858311328,40.79158972113432],[-73.97025295942782,40.79189280310266],[-73.97007104644139,40.79214186412206],[-73.96940155809712,40.79185946881988]]]}},{"type":"Feature","properties":{"development_id":"nycha:tds:173","geometry_id":"nycha-polygon:173","name":"WSUR (SITE B) 74 WEST 92ND STREET","tds_id":"173","tds_raw":"173","borough":"MANHATTAN","borough_code":"MN","join_method":"tds","join_confidence":"high","geometry_quality":"official_source","source_id":"nycha_development_geometry","source_artifact_id":"nycha-geometry-open-data","source_dataset_id":"phvi-damg","source_url":"https://data.cityofnewyork.us/Housing-Development/NYCHA-Public-Housing-Developments/phvi-damg","geometry_vintage_note":"NYC Open Data NYCHA Public Housing Developments (current snapshot)"},"geometry":{"type":"Polygon","coordinates":[[[-73.96888878112598,40.789996322069385],[-73.96924203844743,40.78950734326405],[-73.96964192068913,40.78967579429008],[-73.96928922737405,40.790163996425456],[-73.96888878112598,40.789996322069385]]]}},{"type":"Feature","properties":{"development_id":"nycha:tds:174","geometry_id":"nycha-polygon:174","name":"WSUR (SITE C) 589 AMSTERDAM AVENUE","tds_id":"174","tds_raw":"174","borough":"MANHATTAN","borough_code":"MN","join_method":"tds","join_confidence":"high","geometry_quality":"official_source","source_id":"nycha_development_geometry","source_artifact_id":"nycha-geometry-open-data","source_dataset_id":"phvi-damg","source_url":"https://data.cityofnewyork.us/Housing-Development/NYCHA-Public-Housing-Developments/phvi-damg","geometry_vintage_note":"NYC Open Data NYCHA Public Housing Developments (current snapshot)"},"geometry":{"type":"Polygon","coordinates":[[[-73.97318405402523,40.78934943991832],[-73.97336366821764,40.78910324234595],[-73.9732042116113,40.78903614869421],[-73.973383035379,40.788791030596634],[-73.97385464441383,40.788989465739],[-73.97349620727235,40.78948078261422],[-73.97318405402523,40.78934943991832]]]}},{"type":"Feature","properties":{"development_id":"nycha:tds:163","geometry_id":"nycha-polygon:163","name":"WYCKOFF GARDENS","tds_id":"163","tds_raw":"163","borough":"BROOKLYN","borough_code":"BK","join_method":"tds","join_confidence":"high","geometry_quality":"official_source","source_id":"nycha_development_geometry","source_artifact_id":"nycha-geometry-open-data","source_dataset_id":"phvi-damg","source_url":"https://data.cityofnewyork.us/Housing-Development/NYCHA-Public-Housing-Developments/phvi-damg","geometry_vintage_note":"NYC Open Data NYCHA Public Housing Developments (current snapshot)"},"geometry":{"type":"Polygon","coordinates":[[[-73.98258061237539,40.682755900914984],[-73.98332305527781,40.68165559347239],[-73.98505903793087,40.682327333664574],[-73.98431316741615,40.683430023700986],[-73.98258061237539,40.682755900914984]]]}}],"name":"nycha_developments_display","crs":{"type":"name","properties":{"name":"urn:ogc:def:crs:OGC:1.3:CRS84"}}}
