{"type":"FeatureCollection","features":[{"type":"Feature","properties":{"market_area_id":"zcta:07305","zcta":"07305","zip":"07305","geography_type":"zcta","name":"07305","vintage":"2020","period_start":null,"period_end":null,"current_month":"2026-06-30","measure_basis":"index","gross_or_net":"unknown","statistic":"typical_observed_rent_35_65_percentile_smoothed","unit_scope":"all_units","bedroom_count":null,"source_id":"zori","source_artifact_id":"zori-zip-sfrcondomfr-sm-month","source_url":"https://www.zillow.com/research/data/","source_label":"Zillow ZORI — ZIP-level typical observed market rent (all units, smoothed)","not_a_label":"median asking rent","attribution":"Data Provided by Zillow Group","zori_missing":true,"zori_rent_usd":null,"zori_all_units":true},"geometry":{"type":"MultiPolygon","coordinates":[[[[-74.04704100028162,40.691040999775865],[-74.04702700003791,40.69058900029672],[-74.04704100028162,40.69048299986359],[-74.04718170657546,40.690409439196635],[-74.0472337858918,40.69088046050962],[-74.04715367491148,40.69101194409366],[-74.047022328638,40.69105587866277],[-74.04614838431073,40.69113087923392],[-74.04598234506204,40.69110904237294],[-74.04704100028162,40.691040999775865]]],[[[-74.04680604220829,40.68996053594582],[-74.04747782807115,40.6896196036526],[-74.04773094026046,40.689923551945405],[-74.04743257442068,40.689812124200195],[-74.04680604220829,40.68996053594582]]],[[[-74.04648499971461,40.68958899977053],[-74.04625197237897,40.689323525822964],[-74.04669699755554,40.689834341276665],[-74.04648499971461,40.68958899977053]]],[[[-74.04350554728582,40.68969640580521],[-74.04270559537565,40.69016343873002],[-74.04255503093127,40.68997099353756],[-74.04269511895016,40.69000549344955],[-74.04350554728582,40.68969640580521]]],[[[-74.0436021180121,40.68982327398523],[-74.04456999993802,40.690559000165536],[-74.04598163845822,40.6911088195441],[-74.04460747664383,40.69058171891385],[-74.0438789276597,40.69019590927329],[-74.0436021180121,40.68982327398523]]],[[[-74.03809917207347,40.69904774028402],[-74.03823085494413,40.698376827411515],[-74.03934168749926,40.69812375030785],[-74.04124392903162,40.699544977344324],[-74.04174899978266,40.69915609984765],[-74.03991379921806,40.697710275663255],[-74.04166183044092,40.69646120604378],[-74.04367502426746,40.698028639456304],[-74.0427052696954,40.69880883555271],[-74.04296636351694,40.69900759764844],[-74.04109992330224,40.70050117937778],[-74.04080211704701,40.700276785819725],[-74.0399517188821,40.700898866286614],[-74.03771255855924,40.69935227594546],[-74.03809917207347,40.69904774028402]],[[-74.0407189995701,40.70009599992567],[-74.04042599966715,40.699412999832624],[-74.0397960003786,40.698976999946225],[-74.04023400004652,40.69883299975046],[-74.03993100009782,40.698590000033875],[-74.03965099971533,40.69879500024283],[-74.03837199997338,40.6986689999997],[-74.03893600003799,40.69965500017506],[-74.0407189995701,40.70009599992567]]]]}},{"type":"Feature","properties":{"market_area_id":"zcta:10001","zcta":"10001","zip":"10001","geography_type":"zcta","name":"10001","vintage":"2020","period_start":"2026-06-01","period_end":"2026-06-30","current_month":"2026-06-30","measure_basis":"index","gross_or_net":"unknown","statistic":"typical_observed_rent_35_65_percentile_smoothed","unit_scope":"all_units","bedroom_count":null,"source_id":"zori","source_artifact_id":"zori-zip-sfrcondomfr-sm-month","source_url":"https://www.zillow.com/research/data/","source_label":"Zillow ZORI — ZIP-level typical observed market rent (all units, smoothed)","not_a_label":"median asking rent","attribution":"Data Provided by Zillow Group","zori_missing":false,"zori_rent_usd":5696.48,"zori_all_units":true},"geometry":{"type":"Polygon","coordinates":[[[-74.01014800004658,40.75252399997375],[-74.00848599998997,40.75202600014315],[-74.01003400024376,40.75281199985425],[-74.00992000044096,40.752998999890806],[-74.00835799994346,40.752353999737565],[-74.00778899985598,40.75387200002017],[-74.00614500024103,40.75618900011776],[-74.00559299987198,40.75589300026803],[-74.00284299986913,40.759686000241196],[-74.000066999927,40.758403000016244],[-74.00149999965477,40.75645200013144],[-73.99866099996342,40.75525200014301],[-73.99843199963456,40.755562999842816],[-73.99535399956864,40.75468800019886],[-73.99581600042433,40.7540569998353],[-73.99546800026978,40.753908999752184],[-73.9952530001846,40.7542189999716],[-73.99338600008859,40.753428999919315],[-73.99360000034885,40.75311700010903],[-73.99297900038282,40.75285399983182],[-73.9925280002961,40.75347399981688],[-73.98969399972935,40.75227999988329],[-73.9901339999454,40.75165899997558],[-73.98407599972285,40.749101999917336],[-73.98819400005445,40.743451000048466],[-73.99048100027504,40.74480999988928],[-73.99070100038307,40.74450200029062],[-73.99141900043347,40.744802000288956],[-73.99206299996571,40.74391900020776],[-73.99493400034238,40.74507299999527],[-73.9951610001231,40.74476300001181],[-73.99800900003527,40.74595199999675],[-73.99755200010077,40.746581000186346],[-74.00039900018803,40.747766999768025],[-74.00070299996163,40.7473460002717],[-74.00298699980915,40.74846499991289],[-74.00327200021452,40.748178999717744],[-74.00846400024868,40.75034099973124],[-74.0080159996367,40.751793999768374],[-74.01014800004658,40.75252399997375]],[[-73.99859400001627,40.750241000044674],[-73.99812000036334,40.75090299974539],[-74.00097499994818,40.75205500013306],[-74.00143000023284,40.751445000049905],[-73.99859400001627,40.750241000044674]],[[-73.99768000014728,40.751438999927586],[-73.9920060000643,40.749101000201954],[-73.99062299966694,40.75099199983997],[-73.9934639999064,40.752189999802354],[-73.99394799960507,40.75152199987037],[-73.99678999966945,40.75272300015431],[-73.99768000014728,40.751438999927586]]]}},{"type":"Feature","properties":{"market_area_id":"zcta:10002","zcta":"10002","zip":"10002","geography_type":"zcta","name":"10002","vintage":"2020","period_start":"2026-06-01","period_end":"2026-06-30","current_month":"2026-06-30","measure_basis":"index","gross_or_net":"unknown","statistic":"typical_observed_rent_35_65_percentile_smoothed","unit_scope":"all_units","bedroom_count":null,"source_id":"zori","source_artifact_id":"zori-zip-sfrcondomfr-sm-month","source_url":"https://www.zillow.com/research/data/","source_label":"Zillow ZORI — ZIP-level typical observed market rent (all units, smoothed)","not_a_label":"median asking rent","attribution":"Data Provided by Zillow Group","zori_missing":false,"zori_rent_usd":4875.39,"zori_all_units":true},"geometry":{"type":"Polygon","coordinates":[[[-73.9975040004202,40.71406899999561],[-73.99480799994568,40.71845699994208],[-73.99260399956579,40.72413600008173],[-73.98586300035126,40.72209999971016],[-73.98557499957283,40.72249299986413],[-73.98401799999652,40.721835999883666],[-73.98382399982778,40.72147299977421],[-73.97803400029213,40.719640000049964],[-73.97748100009818,40.72034599967554],[-73.97532600012208,40.7195319999079],[-73.97499499968598,40.7197840001938],[-73.97508300044784,40.717722000059325],[-73.97634399974814,40.71491700014342],[-73.97668900042792,40.71488599984403],[-73.97642900013693,40.71474699979586],[-73.97767500026693,40.712353000080256],[-73.97868700004521,40.71137500016107],[-73.98004500032822,40.71087000005227],[-73.98938400010796,40.70995399992823],[-73.9960049996719,40.70889500022576],[-73.9975040004202,40.71406899999561]]]}},{"type":"Feature","properties":{"market_area_id":"zcta:10003","zcta":"10003","zip":"10003","geography_type":"zcta","name":"10003","vintage":"2020","period_start":"2026-06-01","period_end":"2026-06-30","current_month":"2026-06-30","measure_basis":"index","gross_or_net":"unknown","statistic":"typical_observed_rent_35_65_percentile_smoothed","unit_scope":"all_units","bedroom_count":null,"source_id":"zori","source_artifact_id":"zori-zip-sfrcondomfr-sm-month","source_url":"https://www.zillow.com/research/data/","source_label":"Zillow ZORI — ZIP-level typical observed market rent (all units, smoothed)","not_a_label":"median asking rent","attribution":"Data Provided by Zillow Group","zori_missing":false,"zori_rent_usd":5327.85,"zori_all_units":true},"geometry":{"type":"Polygon","coordinates":[[[-73.99960400014471,40.731043000211066],[-73.99861199955961,40.73221500023633],[-73.99697399979246,40.7314089998034],[-73.99094499988222,40.73967300011962],[-73.99043100004631,40.7394560001571],[-73.99014300016624,40.73971799979742],[-73.99013599959522,40.739331999666206],[-73.9853870001502,40.73733200021853],[-73.9849810002693,40.73792700014367],[-73.98408199957063,40.737545999955564],[-73.98441999967942,40.737082000143666],[-73.9825450000858,40.736816000050716],[-73.98267300013232,40.736189999811195],[-73.97986399967992,40.73497500009588],[-73.98864299959303,40.722933000096525],[-73.99260399956579,40.72413600008173],[-73.99163799981827,40.72683299970991],[-73.99343200011934,40.72753199969055],[-73.993146999714,40.727866999832884],[-73.994252000277,40.72841200005789],[-73.99374699976362,40.72900800012701],[-73.9945469998298,40.7294059997112],[-73.99506099966568,40.72880999980298],[-73.99960400014471,40.731043000211066]]]}},{"type":"Feature","properties":{"market_area_id":"zcta:10004","zcta":"10004","zip":"10004","geography_type":"zcta","name":"10004","vintage":"2020","period_start":"2026-06-01","period_end":"2026-06-30","current_month":"2026-06-30","measure_basis":"index","gross_or_net":"unknown","statistic":"typical_observed_rent_35_65_percentile_smoothed","unit_scope":"all_units","bedroom_count":null,"source_id":"zori","source_artifact_id":"zori-zip-sfrcondomfr-sm-month","source_url":"https://www.zillow.com/research/data/","source_label":"Zillow ZORI — ZIP-level typical observed market rent (all units, smoothed)","not_a_label":"median asking rent","attribution":"Data Provided by Zillow Group","zori_missing":false,"zori_rent_usd":4992.51,"zori_all_units":true},"geometry":{"type":"MultiPolygon","coordinates":[[[[-74.02644600039739,40.68614300028555],[-74.02020599970164,40.69202699978142],[-74.01966400027665,40.69316399982014],[-74.01676100011292,40.69334300030671],[-74.01427100040107,40.69284299976741],[-74.0134160000833,40.692119999866236],[-74.01211800007478,40.69260599997736],[-74.01183799969228,40.692154000216334],[-74.01332800021976,40.69202699978142],[-74.01220599993832,40.69112400014118],[-74.01230600039574,40.68928100001586],[-74.01316900021111,40.68815499992151],[-74.0148809995981,40.68725400018686],[-74.01600000040482,40.68730900019316],[-74.02391599960424,40.683925000150865],[-74.0253349999866,40.684116999707314],[-74.02611199958822,40.68458100021211],[-74.0265889996142,40.685286000298774],[-74.02644600039739,40.68614300028555]]],[[[-74.01765200041568,40.704057000043804],[-74.01663700026435,40.70463300009407],[-74.01602600034407,40.7063919998207],[-74.0151619998055,40.70618899987834],[-74.01565600044823,40.704883000173545],[-74.01516299963042,40.70480499978639],[-74.0146200003805,40.706139999917006],[-74.01325399970159,40.70587099966745],[-74.01240000010708,40.70678500009412],[-74.0102760000931,40.70594599975763],[-74.01046799971371,40.70565100005056],[-74.01071100028629,40.705740000079075],[-74.01061199965376,40.70509900014026],[-74.00902900013821,40.70531000026374],[-74.00890199991659,40.704860999986245],[-74.00946199978324,40.70454500033311],[-74.0077269999317,40.70280199994527],[-74.0091699997052,40.701858999953245],[-74.00877700024311,40.7011820001187],[-74.00777499961227,40.701615999697744],[-74.00744999992226,40.70133100012663],[-74.00839800012642,40.700911000077255],[-74.00824900016352,40.70070799977378],[-74.00861400003649,40.700464000321375],[-74.00953499957816,40.701778000193585],[-74.01117400006856,40.70115499993535],[-74.01095700033358,40.700193999852154],[-74.01358299958957,40.700371000305985],[-74.01367300000125,40.70087499991091],[-74.01395099983559,40.70093799967846],[-74.0141330003088,40.700525000268264],[-74.01579399964217,40.70134700024478],[-74.0174620004449,40.70308200004145],[-74.01765200041568,40.704057000043804]]],[[[-74.01800800006784,40.70593499984051],[-74.01712000013812,40.70746200017919],[-74.01645599961607,40.707188000138935],[-74.01733900042125,40.70489499996307],[-74.0179069997855,40.70538599999597],[-74.01800800006784,40.70593499984051]]],[[[-74.04719199989435,40.69092600020672],[-74.04598234506204,40.69110904237294],[-74.04388500039789,40.690185000029985],[-74.04346717639903,40.68964599653597],[-74.04364209745391,40.68877479350168],[-74.04478530330161,40.68860389331436],[-74.04625197237897,40.689323525822964],[-74.04718299967352,40.69041099982018],[-74.04719199989435,40.69092600020672]]]]}},{"type":"Feature","properties":{"market_area_id":"zcta:10005","zcta":"10005","zip":"10005","geography_type":"zcta","name":"10005","vintage":"2020","period_start":"2026-06-01","period_end":"2026-06-30","current_month":"2026-06-30","measure_basis":"index","gross_or_net":"unknown","statistic":"typical_observed_rent_35_65_percentile_smoothed","unit_scope":"all_units","bedroom_count":null,"source_id":"zori","source_artifact_id":"zori-zip-sfrcondomfr-sm-month","source_url":"https://www.zillow.com/research/data/","source_label":"Zillow ZORI — ZIP-level typical observed market rent (all units, smoothed)","not_a_label":"median asking rent","attribution":"Data Provided by Zillow Group","zori_missing":false,"zori_rent_usd":4709.95,"zori_all_units":true},"geometry":{"type":"Polygon","coordinates":[[[-74.0125080000621,40.706766999898385],[-74.01124799968841,40.70830400010705],[-74.01020099975004,40.707693999908486],[-74.00982900020438,40.70811699971798],[-74.0108460000055,40.708797000163266],[-74.01054200023188,40.70915400008583],[-74.00939800020913,40.709019000237156],[-74.00912600022257,40.70929399986681],[-74.00800399994114,40.70797700018636],[-74.008269000255,40.70772199982115],[-74.00778200018328,40.70742000014181],[-74.00798899987251,40.70718400012005],[-74.00760499973296,40.70692199972231],[-74.00773899962726,40.70676299985418],[-74.00713000025512,40.70637499987612],[-74.00678100027567,40.70672399975148],[-74.0047490003232,40.70523199969571],[-74.00797999965168,40.70318899990357],[-74.00946199978324,40.70454500033311],[-74.00890199991659,40.704860999986245],[-74.00902900013821,40.70531000026374],[-74.01061199965376,40.70509900014026],[-74.01071100028629,40.705740000079075],[-74.01046799971371,40.70565100005056],[-74.0102760000931,40.70594599975763],[-74.0125080000621,40.706766999898385]]]}},{"type":"Feature","properties":{"market_area_id":"zcta:10006","zcta":"10006","zip":"10006","geography_type":"zcta","name":"10006","vintage":"2020","period_start":"2026-06-01","period_end":"2026-06-30","current_month":"2026-06-30","measure_basis":"index","gross_or_net":"unknown","statistic":"typical_observed_rent_35_65_percentile_smoothed","unit_scope":"all_units","bedroom_count":null,"source_id":"zori","source_artifact_id":"zori-zip-sfrcondomfr-sm-month","source_url":"https://www.zillow.com/research/data/","source_label":"Zillow ZORI — ZIP-level typical observed market rent (all units, smoothed)","not_a_label":"median asking rent","attribution":"Data Provided by Zillow Group","zori_missing":false,"zori_rent_usd":4879.17,"zori_all_units":true},"geometry":{"type":"Polygon","coordinates":[[[-74.01602600034407,40.7063919998207],[-74.0146970003734,40.70977899967745],[-74.01369999976544,40.71366799987325],[-74.01012200010732,40.71208500000513],[-74.01123199979489,40.71036700011306],[-74.00998800021301,40.709805999769486],[-74.01325399970159,40.70587099966745],[-74.0146200003805,40.706139999917006],[-74.01516299963042,40.70480499978639],[-74.01565600044823,40.704883000173545],[-74.0151619998055,40.70618899987834],[-74.01602600034407,40.7063919998207]]]}},{"type":"Feature","properties":{"market_area_id":"zcta:10007","zcta":"10007","zip":"10007","geography_type":"zcta","name":"10007","vintage":"2020","period_start":"2026-06-01","period_end":"2026-06-30","current_month":"2026-06-30","measure_basis":"index","gross_or_net":"unknown","statistic":"typical_observed_rent_35_65_percentile_smoothed","unit_scope":"all_units","bedroom_count":null,"source_id":"zori","source_artifact_id":"zori-zip-sfrcondomfr-sm-month","source_url":"https://www.zillow.com/research/data/","source_label":"Zillow ZORI — ZIP-level typical observed market rent (all units, smoothed)","not_a_label":"median asking rent","attribution":"Data Provided by Zillow Group","zori_missing":false,"zori_rent_usd":9269.18,"zori_all_units":true},"geometry":{"type":"Polygon","coordinates":[[[-74.01369999976544,40.71366799987325],[-74.01273099964487,40.717114000060384],[-74.00923900020047,40.71552000004246],[-74.00899599962791,40.71580699992455],[-74.00774100017539,40.71517899972491],[-74.00624899999809,40.717076000088824],[-74.00453300041313,40.71628000017853],[-74.00541999961962,40.71523600027696],[-74.00309399993928,40.71395800029858],[-74.00211499977299,40.71515899998548],[-74.00074599961933,40.71451000031315],[-74.00096800027549,40.71390599987384],[-74.00156900015003,40.713684999998755],[-74.0008910002826,40.71301500029727],[-74.00270899997481,40.71259700023702],[-74.00390300022627,40.71183600000018],[-74.00485800010314,40.71245300020798],[-74.0086009996177,40.71139200019116],[-74.00998800021301,40.709805999769486],[-74.01123199979489,40.71036700011306],[-74.01012200010732,40.71208500000513],[-74.01369999976544,40.71366799987325]],[[-74.0081000002006,40.71199500001235],[-74.00766599983233,40.712533000338226],[-74.0092540002691,40.71325599998964],[-74.00966799964758,40.71272499985],[-74.0081000002006,40.71199500001235]]]}},{"type":"Feature","properties":{"market_area_id":"zcta:10009","zcta":"10009","zip":"10009","geography_type":"zcta","name":"10009","vintage":"2020","period_start":"2026-06-01","period_end":"2026-06-30","current_month":"2026-06-30","measure_basis":"index","gross_or_net":"unknown","statistic":"typical_observed_rent_35_65_percentile_smoothed","unit_scope":"all_units","bedroom_count":null,"source_id":"zori","source_artifact_id":"zori-zip-sfrcondomfr-sm-month","source_url":"https://www.zillow.com/research/data/","source_label":"Zillow ZORI — ZIP-level typical observed market rent (all units, smoothed)","not_a_label":"median asking rent","attribution":"Data Provided by Zillow Group","zori_missing":false,"zori_rent_usd":5025.55,"zori_all_units":true},"geometry":{"type":"Polygon","coordinates":[[[-73.98864299959303,40.722933000096525],[-73.97986399967992,40.73497500009588],[-73.97364999982177,40.73230999996001],[-73.97345099963013,40.73136699989666],[-73.97201700007747,40.73023199988214],[-73.97128200030862,40.72925099981236],[-73.97148899999787,40.72613700005735],[-73.97363499975314,40.71861199978905],[-73.97511900043284,40.71875300028075],[-73.97499499968598,40.7197840001938],[-73.97532600012208,40.7195319999079],[-73.97748100009818,40.72034599967554],[-73.97803400029213,40.719640000049964],[-73.98382399982778,40.72147299977421],[-73.98401799999652,40.721835999883666],[-73.98557499957283,40.72249299986413],[-73.98586300035126,40.72209999971016],[-73.98864299959303,40.722933000096525]]]}},{"type":"Feature","properties":{"market_area_id":"zcta:10010","zcta":"10010","zip":"10010","geography_type":"zcta","name":"10010","vintage":"2020","period_start":"2026-06-01","period_end":"2026-06-30","current_month":"2026-06-30","measure_basis":"index","gross_or_net":"unknown","statistic":"typical_observed_rent_35_65_percentile_smoothed","unit_scope":"all_units","bedroom_count":null,"source_id":"zori","source_artifact_id":"zori-zip-sfrcondomfr-sm-month","source_url":"https://www.zillow.com/research/data/","source_label":"Zillow ZORI — ZIP-level typical observed market rent (all units, smoothed)","not_a_label":"median asking rent","attribution":"Data Provided by Zillow Group","zori_missing":false,"zori_rent_usd":5334.75,"zori_all_units":true},"geometry":{"type":"Polygon","coordinates":[[[-73.99402799997101,40.741219000057185],[-73.99141900043347,40.744802000288956],[-73.99070100038307,40.74450200029062],[-73.99048100027504,40.74480999988928],[-73.98819400005445,40.743451000048466],[-73.9877460003408,40.74406600027625],[-73.98452900035771,40.74270800001778],[-73.98497700007137,40.74208900020121],[-73.98336199987041,40.74140799968769],[-73.98269499987364,40.74153099988261],[-73.98208599960319,40.74127399974218],[-73.98226800007637,40.7409469997832],[-73.98105299990851,40.74052199993591],[-73.98087800000634,40.74076399992878],[-73.97983799974064,40.74032799991331],[-73.9800520000009,40.74001000009786],[-73.97439299998652,40.737685999926335],[-73.97329900019248,40.73944600019195],[-73.97238299977538,40.74300499983956],[-73.97222999961448,40.74324899993376],[-73.97156599999076,40.74299300011311],[-73.971884999833,40.74272500021292],[-73.97266399998276,40.73923099989694],[-73.97249400010345,40.73580999980032],[-73.97441700027596,40.73642399998123],[-73.97447099980431,40.73625099970212],[-73.97450400031461,40.73563300029564],[-73.97327400007812,40.73510200031744],[-73.97354600006469,40.734938999967525],[-73.9744330001695,40.735314999817874],[-73.97395299977046,40.733382000281196],[-73.97364599962381,40.73316099971829],[-73.97387999997552,40.73309300002576],[-73.97364999982177,40.73230999996001],[-73.98267300013232,40.736189999811195],[-73.9825450000858,40.736816000050716],[-73.98441999967942,40.737082000143666],[-73.98408199957063,40.737545999955564],[-73.9849810002693,40.73792700014367],[-73.9853870001502,40.73733200021853],[-73.99013599959522,40.739331999666206],[-73.99014300016624,40.73971799979742],[-73.99043100004631,40.7394560001571],[-73.99094499988222,40.73967300011962],[-73.99079799956914,40.739875000204535],[-73.99208200023229,40.740596999785964],[-73.99402799997101,40.741219000057185]]]}},{"type":"Feature","properties":{"market_area_id":"zcta:10011","zcta":"10011","zip":"10011","geography_type":"zcta","name":"10011","vintage":"2020","period_start":"2026-06-01","period_end":"2026-06-30","current_month":"2026-06-30","measure_basis":"index","gross_or_net":"unknown","statistic":"typical_observed_rent_35_65_percentile_smoothed","unit_scope":"all_units","bedroom_count":null,"source_id":"zori","source_artifact_id":"zori-zip-sfrcondomfr-sm-month","source_url":"https://www.zillow.com/research/data/","source_label":"Zillow ZORI — ZIP-level typical observed market rent (all units, smoothed)","not_a_label":"median asking rent","attribution":"Data Provided by Zillow Group","zori_missing":false,"zori_rent_usd":5952.95,"zori_all_units":true},"geometry":{"type":"Polygon","coordinates":[[[-74.0094290001713,40.74362300018146],[-74.00933100026198,40.743998000159955],[-74.0089939999781,40.74395099970865],[-74.00879899998442,40.74481399968905],[-74.00966199979976,40.74494299973904],[-74.00965500012708,40.74529300000708],[-74.01186299980664,40.74552599969318],[-74.01167500038397,40.745946000059355],[-74.00945199973751,40.74569400015796],[-74.00929699992679,40.746336000309185],[-74.01169399975224,40.746661999883344],[-74.01153700029171,40.74699200025057],[-74.00930000029985,40.74673700029621],[-74.0092350000025,40.74737300009791],[-74.01153999976644,40.7476189999757],[-74.01140300039742,40.74799199973647],[-74.00912700004749,40.74773700021386],[-74.0089939999781,40.748417000170676],[-74.01130200011508,40.74865499977184],[-74.01121599990135,40.749020999789586],[-74.00999599971061,40.74892999966278],[-74.00964099988339,40.74994899974526],[-74.00925199972096,40.74997100000357],[-74.0094249999733,40.75040200025565],[-74.01074100042351,40.75100600021866],[-74.01063299957016,40.751308000184245],[-74.00910100010822,40.75070400024239],[-74.00856899983064,40.751841999795026],[-74.0080159996367,40.751793999768374],[-74.00846400024868,40.75034099973124],[-74.00327200021452,40.748178999717744],[-74.00298699980915,40.74846499991289],[-74.00070299996163,40.7473460002717],[-74.00039900018803,40.747766999768025],[-73.99755200010077,40.746581000186346],[-73.99800900003527,40.74595199999675],[-73.9951610001231,40.74476300001181],[-73.99493400034238,40.74507299999527],[-73.99206299996571,40.74391900020776],[-73.99402799997101,40.741219000057185],[-73.99079799956914,40.739875000204535],[-73.99697399979246,40.7314089998034],[-73.99861199955961,40.73221500023633],[-73.99960400014471,40.731043000211066],[-73.99992299998694,40.731199999988895],[-73.99958900007611,40.73143699995341],[-74.0003640000279,40.7318280001609],[-74.00060599987725,40.73153500004537],[-74.00095400003178,40.731705999700324],[-73.99955499974092,40.73361099969585],[-74.00278900034075,40.73939599966297],[-74.00252300020198,40.73975300020641],[-74.0027299998912,40.74029100011135],[-74.00463600034529,40.741128000144386],[-74.00515799967879,40.740857999857376],[-74.00486099957789,40.741641999879874],[-74.00770500019038,40.74283399995974],[-74.00820399995766,40.74214799980756],[-74.00933100026198,40.74257199966121],[-74.00916600040554,40.74289400007512],[-74.00970600018071,40.74295800004777],[-74.0095789999591,40.74325900000774],[-74.01235900009918,40.74354099970661],[-74.01228499958103,40.743870000112786],[-74.0094290001713,40.74362300018146]]]}},{"type":"Feature","properties":{"market_area_id":"zcta:10012","zcta":"10012","zip":"10012","geography_type":"zcta","name":"10012","vintage":"2020","period_start":"2026-06-01","period_end":"2026-06-30","current_month":"2026-06-30","measure_basis":"index","gross_or_net":"unknown","statistic":"typical_observed_rent_35_65_percentile_smoothed","unit_scope":"all_units","bedroom_count":null,"source_id":"zori","source_artifact_id":"zori-zip-sfrcondomfr-sm-month","source_url":"https://www.zillow.com/research/data/","source_label":"Zillow ZORI — ZIP-level typical observed market rent (all units, smoothed)","not_a_label":"median asking rent","attribution":"Data Provided by Zillow Group","zori_missing":false,"zori_rent_usd":5330.15,"zori_all_units":true},"geometry":{"type":"Polygon","coordinates":[[[-74.00457500024592,40.72417300001785],[-74.00385899984533,40.72593200027734],[-74.0034889999495,40.72576499966434],[-74.00285899976265,40.72652499992817],[-74.0031220004267,40.7268779999035],[-74.00251300015624,40.72760100033938],[-74.00315500003866,40.72766400001094],[-74.00250999978319,40.728999999987785],[-74.00205500039684,40.72878700001247],[-74.00182000022019,40.729062999696474],[-74.00230100044413,40.72944500014277],[-74.00220299963654,40.729654000023714],[-74.00134700039219,40.72988700003243],[-74.00179699975565,40.730385000225574],[-74.0014129996161,40.731064999916086],[-74.00095400003178,40.731705999700324],[-74.00060599987725,40.73153500004537],[-74.0003640000279,40.7318280001609],[-73.99958900007611,40.73143699995341],[-73.99992299998694,40.731199999988895],[-73.99506099966568,40.72880999980298],[-73.9945469998298,40.7294059997112],[-73.99374699976362,40.72900800012701],[-73.994252000277,40.72841200005789],[-73.993146999714,40.727866999832884],[-73.99343200011934,40.72753199969055],[-73.99163799981827,40.72683299970991],[-73.99426499979747,40.71978199988188],[-73.99525999985732,40.71986700014936],[-73.99547900014042,40.720457000296165],[-73.99651199983509,40.720747999885305],[-73.99670099998097,40.72044999995582],[-73.99705199961026,40.72114999970973],[-73.99748099995566,40.72125099969385],[-73.99765500003295,40.72083600002053],[-74.00140299957036,40.72255600028624],[-74.0011930004064,40.7228059997958],[-74.00180000012871,40.72311999972301],[-74.00202600008453,40.722858000076876],[-74.00298199978629,40.723308000288725],[-74.00457500024592,40.72417300001785]]]}},{"type":"Feature","properties":{"market_area_id":"zcta:10013","zcta":"10013","zip":"10013","geography_type":"zcta","name":"10013","vintage":"2020","period_start":"2026-06-01","period_end":"2026-06-30","current_month":"2026-06-30","measure_basis":"index","gross_or_net":"unknown","statistic":"typical_observed_rent_35_65_percentile_smoothed","unit_scope":"all_units","bedroom_count":null,"source_id":"zori","source_artifact_id":"zori-zip-sfrcondomfr-sm-month","source_url":"https://www.zillow.com/research/data/","source_label":"Zillow ZORI — ZIP-level typical observed market rent (all units, smoothed)","not_a_label":"median asking rent","attribution":"Data Provided by Zillow Group","zori_missing":false,"zori_rent_usd":6706.66,"zori_all_units":true},"geometry":{"type":"Polygon","coordinates":[[[-74.01278400024664,40.72031200009856],[-74.01266899972057,40.72085600009697],[-74.01622200016268,40.72127500017987],[-74.01615299966738,40.721629999663136],[-74.01314699957146,40.721256999816184],[-74.01306200008098,40.72157899991326],[-74.01253999984915,40.72150300028028],[-74.01237599981764,40.72238699981899],[-74.01184199989024,40.72233399973313],[-74.01108899967974,40.726114000023834],[-74.009106999956,40.72591399981151],[-74.00990700002217,40.726073000240305],[-74.00962300034003,40.727556999993084],[-74.0088450000152,40.727469999934456],[-74.00888000017528,40.72725399969617],[-74.00826400023213,40.72698599969931],[-74.00789799963592,40.72701399966818],[-74.00783099968876,40.72737500010828],[-74.00732000022592,40.727328000165635],[-74.00743400002872,40.726600999953746],[-74.00372999997393,40.72624999998827],[-74.0031220004267,40.7268779999035],[-74.00284399969404,40.726739999758045],[-74.0034889999495,40.72576499966434],[-74.00385899984533,40.72593200027734],[-74.00457500024592,40.72417300001785],[-74.00202600008453,40.722858000076876],[-74.00180000012871,40.72311999972301],[-74.0011930004064,40.7228059997958],[-74.00140299957036,40.72255600028624],[-73.99819599963301,40.72106300012635],[-73.99765500003295,40.72083600002053],[-73.99748099995566,40.72125099969385],[-73.99705199961026,40.72114999970973],[-73.9970750000748,40.72084800033947],[-73.99673199994311,40.72077000027041],[-73.9968359997002,40.720504999789576],[-73.99612000019793,40.72066400020468],[-73.99528900016962,40.72028000012037],[-73.99542399988884,40.71993400026771],[-73.99426499979747,40.71978199988188],[-73.9954289999117,40.717279000204826],[-73.99709199979324,40.714617999751084],[-73.99767500012442,40.71389999976986],[-73.99858399997053,40.713467999712705],[-74.00624899999809,40.717076000088824],[-74.00774100017539,40.71517899972491],[-74.00899599962791,40.71580699992455],[-74.00923900020047,40.71552000004246],[-74.01273099964487,40.717114000060384],[-74.01229200015203,40.71903899967515],[-74.01304600018746,40.71908600002465],[-74.012909999745,40.719716999924515],[-74.01344700004543,40.71978199988188],[-74.01339000014404,40.72004299990962],[-74.01638100017132,40.72044700019876],[-74.01630199963029,40.72075799993748],[-74.01278400024664,40.72031200009856]]]}},{"type":"Feature","properties":{"market_area_id":"zcta:10014","zcta":"10014","zip":"10014","geography_type":"zcta","name":"10014","vintage":"2020","period_start":"2026-06-01","period_end":"2026-06-30","current_month":"2026-06-30","measure_basis":"index","gross_or_net":"unknown","statistic":"typical_observed_rent_35_65_percentile_smoothed","unit_scope":"all_units","bedroom_count":null,"source_id":"zori","source_artifact_id":"zori-zip-sfrcondomfr-sm-month","source_url":"https://www.zillow.com/research/data/","source_label":"Zillow ZORI — ZIP-level typical observed market rent (all units, smoothed)","not_a_label":"median asking rent","attribution":"Data Provided by Zillow Group","zori_missing":false,"zori_rent_usd":6149.58,"zori_all_units":true},"geometry":{"type":"Polygon","coordinates":[[[-74.01153700029171,40.74014499971718],[-74.01145600010086,40.74081800015016],[-74.00966400034793,40.740741000186695],[-74.00933100026198,40.74257199966121],[-74.00820399995766,40.74214799980756],[-74.00770500019038,40.74283399995974],[-74.00486099957789,40.741641999879874],[-74.00515799967879,40.740857999857376],[-74.00463600034529,40.741128000144386],[-74.0027299998912,40.74029100011135],[-74.00252300020198,40.73975300020641],[-74.00278900034075,40.73939599966297],[-73.99955499974092,40.73361099969585],[-74.00179699975565,40.730385000225574],[-74.00134700039219,40.72988700003243],[-74.00220299963654,40.729654000023714],[-74.00230100044413,40.72944500014277],[-74.00182000022019,40.729062999696474],[-74.00205500039684,40.72878700001247],[-74.00250999978319,40.728999999987785],[-74.00315500003866,40.72766400001094],[-74.00251300015624,40.72760100033938],[-74.00372999997393,40.72624999998827],[-74.00743400002872,40.726600999953746],[-74.00732000022592,40.727328000165635],[-74.00783099968876,40.72737500010828],[-74.00789799963592,40.72701399966818],[-74.00826400023213,40.72698599969931],[-74.00888000017528,40.72725399969617],[-74.0088450000152,40.727469999934456],[-74.00962300034003,40.727556999993084],[-74.00990700002217,40.726073000240305],[-74.009106999956,40.72591399981151],[-74.01108899967974,40.726114000023834],[-74.01027199989515,40.732010000119644],[-74.0102550001767,40.732397999783686],[-74.01045000017038,40.73237699980541],[-74.0100159998021,40.73937499985162],[-74.01238000001558,40.7397519996699],[-74.01234499985549,40.74019299998475],[-74.01153700029171,40.74014499971718]]]}},{"type":"Feature","properties":{"market_area_id":"zcta:10016","zcta":"10016","zip":"10016","geography_type":"zcta","name":"10016","vintage":"2020","period_start":"2026-06-01","period_end":"2026-06-30","current_month":"2026-06-30","measure_basis":"index","gross_or_net":"unknown","statistic":"typical_observed_rent_35_65_percentile_smoothed","unit_scope":"all_units","bedroom_count":null,"source_id":"zori","source_artifact_id":"zori-zip-sfrcondomfr-sm-month","source_url":"https://www.zillow.com/research/data/","source_label":"Zillow ZORI — ZIP-level typical observed market rent (all units, smoothed)","not_a_label":"median asking rent","attribution":"Data Provided by Zillow Group","zori_missing":false,"zori_rent_usd":5153.08,"zori_all_units":true},"geometry":{"type":"Polygon","coordinates":[[[-73.9877460003408,40.74406600027625],[-73.98182200001257,40.752197000206216],[-73.97451600001018,40.7491169997285],[-73.97406999994634,40.74973499976036],[-73.97269199957185,40.74915699988898],[-73.97282399981631,40.74897299976815],[-73.97204899986453,40.748486000257074],[-73.97226999979745,40.74817299998124],[-73.9707800001683,40.74754300013827],[-73.96998699977483,40.748868999829675],[-73.96769700007951,40.747866000038535],[-73.97156599999076,40.74299300011311],[-73.97222999961448,40.74324899993376],[-73.97272699973196,40.74223899968614],[-73.97338000038333,40.73923199976062],[-73.97439299998652,40.737685999926335],[-73.9800520000009,40.74001000009786],[-73.97983799974064,40.74032799991331],[-73.98087800000634,40.74076399992878],[-73.98105299990851,40.74052199993591],[-73.98226800007637,40.7409469997832],[-73.98208599960319,40.74127399974218],[-73.98269499987364,40.74153099988261],[-73.98336199987041,40.74140799968769],[-73.98497700007137,40.74208900020121],[-73.98452900035771,40.74270800001778],[-73.9877460003408,40.74406600027625]]]}},{"type":"Feature","properties":{"market_area_id":"zcta:10017","zcta":"10017","zip":"10017","geography_type":"zcta","name":"10017","vintage":"2020","period_start":"2026-06-01","period_end":"2026-06-30","current_month":"2026-06-30","measure_basis":"index","gross_or_net":"unknown","statistic":"typical_observed_rent_35_65_percentile_smoothed","unit_scope":"all_units","bedroom_count":null,"source_id":"zori","source_artifact_id":"zori-zip-sfrcondomfr-sm-month","source_url":"https://www.zillow.com/research/data/","source_label":"Zillow ZORI — ZIP-level typical observed market rent (all units, smoothed)","not_a_label":"median asking rent","attribution":"Data Provided by Zillow Group","zori_missing":false,"zori_rent_usd":4535.98,"zori_all_units":true},"geometry":{"type":"Polygon","coordinates":[[[-73.98182200001257,40.752197000206216],[-73.98039500013257,40.75415499994809],[-73.97878300030467,40.75348100008555],[-73.97833200021797,40.754100000027556],[-73.97993700037318,40.754782999811454],[-73.97765500017546,40.75791199979423],[-73.97443900001727,40.75655599977737],[-73.97535200006135,40.755302999941875],[-73.9760590002411,40.75559999999467],[-73.97697399993497,40.754348999787105],[-73.97627799962588,40.75405499987316],[-73.97580700034602,40.75467799980198],[-73.97418999959693,40.753993999978114],[-73.97281999961837,40.75587000031416],[-73.97105700017774,40.755125999911755],[-73.97092599975817,40.75532699971362],[-73.97052099970222,40.75498500027717],[-73.97038199978503,40.75532400016789],[-73.9690620000352,40.75487400009385],[-73.96864799975842,40.75469999985655],[-73.96888899978283,40.754370999950595],[-73.96841199975685,40.754177999814786],[-73.96827700003766,40.75436500009232],[-73.96541300023198,40.75319000005839],[-73.96558700030926,40.75295700000479],[-73.96478300004512,40.75237799989335],[-73.96518499972802,40.751951999923826],[-73.96486199968783,40.75201100030766],[-73.96471500027307,40.75171700026295],[-73.96769700007951,40.747866000038535],[-73.96998699977483,40.748868999829675],[-73.9707800001683,40.74754300013827],[-73.97226999979745,40.74817299998124],[-73.97204899986453,40.748486000257074],[-73.97282399981631,40.74897299976815],[-73.97269199957185,40.74915699988898],[-73.97406999994634,40.74973499976036],[-73.97451600001018,40.7491169997285],[-73.98182200001257,40.752197000206216]],[[-73.97976800031877,40.75214099967686],[-73.97653500044215,40.750775000058184],[-73.97604800037044,40.75144099996841],[-73.97444900006302,40.75076600012408],[-73.97395899961825,40.75144099996841],[-73.97555799992566,40.752115999765515],[-73.97464800025465,40.75336699979872],[-73.9757019998657,40.753810999957274],[-73.97710700000437,40.75188300003131],[-73.97928700009484,40.75280100019598],[-73.97976800031877,40.75214099967686]]]}},{"type":"Feature","properties":{"market_area_id":"zcta:10018","zcta":"10018","zip":"10018","geography_type":"zcta","name":"10018","vintage":"2020","period_start":"2026-06-01","period_end":"2026-06-30","current_month":"2026-06-30","measure_basis":"index","gross_or_net":"unknown","statistic":"typical_observed_rent_35_65_percentile_smoothed","unit_scope":"all_units","bedroom_count":null,"source_id":"zori","source_artifact_id":"zori-zip-sfrcondomfr-sm-month","source_url":"https://www.zillow.com/research/data/","source_label":"Zillow ZORI — ZIP-level typical observed market rent (all units, smoothed)","not_a_label":"median asking rent","attribution":"Data Provided by Zillow Group","zori_missing":false,"zori_rent_usd":5043.88,"zori_all_units":true},"geometry":{"type":"Polygon","coordinates":[[[-74.0047429995771,40.759032999710676],[-74.0043760000543,40.759486000249595],[-74.00390200040137,40.759529000332606],[-74.0043760000543,40.759744999885626],[-74.00420399962685,40.759938999742694],[-74.00377199980672,40.759744999885626],[-74.00382600023339,40.760132999714074],[-74.00319100002368,40.76106000017792],[-74.00279799966327,40.76094299998669],[-74.00229600042125,40.76154199976516],[-74.0045889995913,40.76249399973085],[-74.00445200022227,40.76268099974994],[-74.00215499995595,40.76170400003308],[-74.00171599956484,40.762208000004726],[-74.00103600004756,40.76196800020324],[-74.00162199985348,40.76134700029244],[-73.9987940000328,40.76015300022604],[-73.99924299957138,40.759526999854636],[-73.99812899968586,40.75903700001588],[-73.99751600011577,40.75879900015179],[-73.99691699989104,40.75936700020725],[-73.99594299974761,40.758980999804294],[-73.99640899990293,40.758338999937884],[-73.9948230000143,40.75767299971815],[-73.9943779997754,40.75837700016197],[-73.98459600030486,40.754177000175815],[-73.98411799955564,40.7548419997246],[-73.98088800005208,40.75348100008555],[-73.98407599972285,40.749101999917336],[-73.9901339999454,40.75165899997558],[-73.98969399972935,40.75227999988329],[-73.9925280002961,40.75347399981688],[-73.99297900038282,40.75285399983182],[-73.99360000034885,40.75311700010903],[-73.99338600008859,40.753428999919315],[-73.9952530001846,40.7542189999716],[-73.99546800026978,40.753908999752184],[-73.99581600042433,40.7540569998353],[-73.99535399956864,40.75468800019886],[-73.99843199963456,40.755562999842816],[-73.99866099996342,40.75525200014301],[-74.00149999965477,40.75645200013144],[-74.000066999927,40.758403000016244],[-74.00284299986913,40.759686000241196],[-74.00559299987198,40.75589300026803],[-74.0058480001401,40.7559359999533],[-74.00614500024103,40.75618900011776],[-74.00495699983735,40.75787200013747],[-74.00530400016699,40.75812599999872],[-74.00513099991461,40.75836400023096],[-74.00720300005005,40.759269999855],[-74.00668500001619,40.75991700006094],[-74.0047429995771,40.759032999710676]]]}},{"type":"Feature","properties":{"market_area_id":"zcta:10019","zcta":"10019","zip":"10019","geography_type":"zcta","name":"10019","vintage":"2020","period_start":"2026-06-01","period_end":"2026-06-30","current_month":"2026-06-30","measure_basis":"index","gross_or_net":"unknown","statistic":"typical_observed_rent_35_65_percentile_smoothed","unit_scope":"all_units","bedroom_count":null,"source_id":"zori","source_artifact_id":"zori-zip-sfrcondomfr-sm-month","source_url":"https://www.zillow.com/research/data/","source_label":"Zillow ZORI — ZIP-level typical observed market rent (all units, smoothed)","not_a_label":"median asking rent","attribution":"Data Provided by Zillow Group","zori_missing":false,"zori_rent_usd":4840.07,"zori_all_units":true},"geometry":{"type":"Polygon","coordinates":[[[-73.997574999667,40.765488999943756],[-73.99484899995358,40.769256999756124],[-73.99644499988794,40.76979499975863],[-73.9959479997705,40.77037199973323],[-73.99614199993923,40.77045499984911],[-73.99593000022715,40.77067200002293],[-73.99561999970742,40.77053599971477],[-73.99536399961438,40.77090700002946],[-73.9974769997577,40.77185899986988],[-73.99700399992969,40.772529000302164],[-73.99494400038816,40.7717170002976],[-73.9946029999063,40.772221999897894],[-73.99642499979647,40.773050999778484],[-73.99622700032805,40.77332500008815],[-73.99420399969812,40.77250399989461],[-73.99395199980303,40.77287600014383],[-73.99332499998923,40.77283099977457],[-73.98363200020715,40.76873300020731],[-73.98322999962595,40.769381000234006],[-73.9820930001742,40.76889299975989],[-73.9820930001742,40.768397999726304],[-73.98242000041235,40.768101999815066],[-73.98214699970255,40.767730000052],[-73.98143100020029,40.76787400020734],[-73.97623400014326,40.76567500023454],[-73.97618100043981,40.766022999951225],[-73.97690600016291,40.76647199993921],[-73.97696499971416,40.76687599997537],[-73.97454399959926,40.76976499993892],[-73.97292500009867,40.76904300001108],[-73.97321399980366,40.76768799994794],[-73.97263600039366,40.76631400027425],[-73.97315600007734,40.76513600006002],[-73.9725529996547,40.76489800026164],[-73.97583099973714,40.760417999977854],[-73.97905699994108,40.76177100020907],[-73.97951300005063,40.761148000069774],[-73.97628900039486,40.75978700024644],[-73.9767439997812,40.75916500012786],[-73.97997199963494,40.76052500021499],[-73.98042600009471,40.7598989999448],[-73.9832630001362,40.76109400002624],[-73.98373000011644,40.76045699991889],[-73.98088600040228,40.759269999855],[-73.98134099978863,40.758645000266014],[-73.98480800001697,40.76010399984552],[-73.98446400006036,40.760773000185075],[-73.98656100031016,40.761659999789345],[-73.9870149998716,40.76103800018677],[-73.9874509998897,40.761221000046255],[-73.98731100014764,40.76148699983221],[-73.98829399961356,40.76198100010976],[-73.9902329996796,40.762566000076966],[-73.99021699978607,40.762871999997685],[-73.99205999959266,40.76357000010368],[-73.9922870002717,40.76325499970986],[-73.99343499959411,40.76373900006028],[-73.99295599991828,40.76435700025668],[-73.99508800032818,40.76525299967412],[-73.99554500026267,40.76462600022605],[-73.997574999667,40.765488999943756]]]}},{"type":"Feature","properties":{"market_area_id":"zcta:10020","zcta":"10020","zip":"10020","geography_type":"zcta","name":"10020","vintage":"2020","period_start":null,"period_end":null,"current_month":"2026-06-30","measure_basis":"index","gross_or_net":"unknown","statistic":"typical_observed_rent_35_65_percentile_smoothed","unit_scope":"all_units","bedroom_count":null,"source_id":"zori","source_artifact_id":"zori-zip-sfrcondomfr-sm-month","source_url":"https://www.zillow.com/research/data/","source_label":"Zillow ZORI — ZIP-level typical observed market rent (all units, smoothed)","not_a_label":"median asking rent","attribution":"Data Provided by Zillow Group","zori_missing":true,"zori_rent_usd":null,"zori_all_units":true},"geometry":{"type":"MultiPolygon","coordinates":[[[[-73.98088600040228,40.759269999855],[-73.97891100035119,40.758436000287794],[-73.97765500017546,40.75791199979423],[-73.97811600030789,40.757284000228225],[-73.98134099978863,40.758645000266014],[-73.98088600040228,40.759269999855]]],[[[-73.98042600009471,40.7598989999448],[-73.98088600040228,40.759269999855],[-73.98373000011644,40.76045699991889],[-73.9832630001362,40.76109400002624],[-73.98042600009471,40.7598989999448]]]]}},{"type":"Feature","properties":{"market_area_id":"zcta:10021","zcta":"10021","zip":"10021","geography_type":"zcta","name":"10021","vintage":"2020","period_start":"2026-06-01","period_end":"2026-06-30","current_month":"2026-06-30","measure_basis":"index","gross_or_net":"unknown","statistic":"typical_observed_rent_35_65_percentile_smoothed","unit_scope":"all_units","bedroom_count":null,"source_id":"zori","source_artifact_id":"zori-zip-sfrcondomfr-sm-month","source_url":"https://www.zillow.com/research/data/","source_label":"Zillow ZORI — ZIP-level typical observed market rent (all units, smoothed)","not_a_label":"median asking rent","attribution":"Data Provided by Zillow Group","zori_missing":false,"zori_rent_usd":4083.23,"zori_all_units":true},"geometry":{"type":"Polygon","coordinates":[[[-73.96844100006916,40.77051699967954],[-73.9651479999181,40.77504499976357],[-73.96341200024165,40.774309999851155],[-73.9632049996541,40.77462700024974],[-73.96210099981431,40.77417400018647],[-73.96233400034113,40.77385600032428],[-73.96193900033091,40.7736900003221],[-73.96147499982544,40.77432400008096],[-73.95985700014975,40.77364299977075],[-73.96008800012844,40.773324000056824],[-73.95896300037225,40.77284599967432],[-73.9590999997413,40.772659999726024],[-73.95871700032495,40.77233100027255],[-73.95830399987308,40.77215700015106],[-73.95810999970432,40.77244700010038],[-73.95640499999001,40.7717500000815],[-73.95647899960986,40.77138800025658],[-73.95624599998136,40.77170400025445],[-73.95422800027261,40.770932999744645],[-73.95383599973712,40.77076599985317],[-73.95411199992165,40.77038900033915],[-73.95373100015514,40.770228000228805],[-73.95350299965118,40.77054799991319],[-73.95233699988714,40.77006099992609],[-73.95215799978698,40.77029999967986],[-73.95193900040219,40.769809000259485],[-73.95211599995419,40.769549000292926],[-73.94904200008622,40.76826300031414],[-73.95230799957481,40.764555000233656],[-73.95470100010061,40.76554500011533],[-73.95515999968492,40.76491800002023],[-73.96119600016618,40.76746699975672],[-73.96164999972763,40.7668389999765],[-73.96407699969028,40.76785999997911],[-73.96361800010597,40.76848700021175],[-73.96565099988337,40.76934300017802],[-73.96594999963409,40.76904600029841],[-73.96668299975309,40.7693679997339],[-73.96673399980673,40.7697990000964],[-73.96844100006916,40.77051699967954]]]}},{"type":"Feature","properties":{"market_area_id":"zcta:10022","zcta":"10022","zip":"10022","geography_type":"zcta","name":"10022","vintage":"2020","period_start":"2026-06-01","period_end":"2026-06-30","current_month":"2026-06-30","measure_basis":"index","gross_or_net":"unknown","statistic":"typical_observed_rent_35_65_percentile_smoothed","unit_scope":"all_units","bedroom_count":null,"source_id":"zori","source_artifact_id":"zori-zip-sfrcondomfr-sm-month","source_url":"https://www.zillow.com/research/data/","source_label":"Zillow ZORI — ZIP-level typical observed market rent (all units, smoothed)","not_a_label":"median asking rent","attribution":"Data Provided by Zillow Group","zori_missing":false,"zori_rent_usd":4968.11,"zori_all_units":true},"geometry":{"type":"Polygon","coordinates":[[[-73.97765500017546,40.75791199979423],[-73.97346499987384,40.763659000251124],[-73.97186899993947,40.76296400028094],[-73.97141100018007,40.7635879999061],[-73.97301499961203,40.76427900016567],[-73.9725529996547,40.76489800026164],[-73.96892999979072,40.76337099973263],[-73.96870600038304,40.76367400018014],[-73.967605000018,40.76321300017958],[-73.96783299962364,40.76289699994675],[-73.96348900023455,40.76107300026206],[-73.96308099980554,40.761632000113956],[-73.96310099989702,40.76131400010524],[-73.96142600031995,40.760362000249266],[-73.96106800011965,40.760857999800024],[-73.96061500038314,40.760668000110385],[-73.95999799971675,40.760332000253804],[-73.96041299981844,40.759766000069355],[-73.95926299994791,40.759283999851455],[-73.95949300010167,40.758974000114755],[-73.95847799995036,40.75854000023209],[-73.96471500027307,40.75171700026295],[-73.96486199968783,40.75201100030766],[-73.96518499972802,40.751951999923826],[-73.96478300004512,40.75237799989335],[-73.96558700030926,40.75295700000479],[-73.96541300023198,40.75319000005839],[-73.96827700003766,40.75436500009232],[-73.96841199975685,40.754177999814786],[-73.96888899978283,40.754370999950595],[-73.96864799975842,40.75469999985655],[-73.9690620000352,40.75487400009385],[-73.97038199978503,40.75532400016789],[-73.97052099970222,40.75498500027717],[-73.97092599975817,40.75532699971362],[-73.97105700017774,40.755125999911755],[-73.97765500017546,40.75791199979423]],[[-73.97190699957429,40.75712500022041],[-73.97099299970532,40.75837299981706],[-73.97261299992913,40.75905899998888],[-73.97352400032338,40.757808000228316],[-73.97190699957429,40.75712500022041]]]}},{"type":"Feature","properties":{"market_area_id":"zcta:10023","zcta":"10023","zip":"10023","geography_type":"zcta","name":"10023","vintage":"2020","period_start":"2026-06-01","period_end":"2026-06-30","current_month":"2026-06-30","measure_basis":"index","gross_or_net":"unknown","statistic":"typical_observed_rent_35_65_percentile_smoothed","unit_scope":"all_units","bedroom_count":null,"source_id":"zori","source_artifact_id":"zori-zip-sfrcondomfr-sm-month","source_url":"https://www.zillow.com/research/data/","source_label":"Zillow ZORI — ZIP-level typical observed market rent (all units, smoothed)","not_a_label":"median asking rent","attribution":"Data Provided by Zillow Group","zori_missing":false,"zori_rent_usd":5133.33,"zori_all_units":true},"geometry":{"type":"Polygon","coordinates":[[[-73.99596899968688,40.774011999702424],[-73.99343100029445,40.773016999924415],[-73.99031999971824,40.77731699983949],[-73.98920099980985,40.77685899986081],[-73.99153900008405,40.77452999971968],[-73.99025000029636,40.77397400025395],[-73.98973399991232,40.774588999792435],[-73.98862599987459,40.77411599976461],[-73.98817700033601,40.77473500007015],[-73.98918999993921,40.775167000317204],[-73.98877400001258,40.77667300026305],[-73.988430000056,40.7765310000953],[-73.98654399969341,40.78065800005621],[-73.98567900022823,40.78031299989928],[-73.98433000016607,40.78332000024202],[-73.98285300005737,40.78291799997475],[-73.98251900014655,40.78248900015803],[-73.981361999705,40.78229299967632],[-73.98145999961429,40.781918000075294],[-73.97974800022729,40.78119500033737],[-73.97927100020131,40.78141599976213],[-73.97756200028903,40.780909000150395],[-73.97485099974591,40.77955399991278],[-73.975074000227,40.77922799973417],[-73.97406699957328,40.77880500026626],[-73.97172400017453,40.78202100010408],[-73.9714410003173,40.78164000021072],[-73.97159299975493,40.78056699970379],[-73.97102899969033,40.7799450002056],[-73.96734800010005,40.77837599973366],[-73.96517100038264,40.77790200017613],[-73.96372900043404,40.77699400017528],[-73.97028100040102,40.76802500014843],[-73.97454399959926,40.76976499993892],[-73.97696499971416,40.76687599997537],[-73.97690600016291,40.76647199993921],[-73.97618100043981,40.766022999951225],[-73.97623400014326,40.76567500023454],[-73.98143100020029,40.76787400020734],[-73.98214699970255,40.767730000052],[-73.98242000041235,40.768101999815066],[-73.9820930001742,40.768397999726304],[-73.9820930001742,40.76889299975989],[-73.98322999962595,40.769381000234006],[-73.98363200020715,40.76873300020731],[-73.99614199993923,40.77383099973578],[-73.99596899968688,40.774011999702424]]]}},{"type":"Feature","properties":{"market_area_id":"zcta:10024","zcta":"10024","zip":"10024","geography_type":"zcta","name":"10024","vintage":"2020","period_start":"2026-06-01","period_end":"2026-06-30","current_month":"2026-06-30","measure_basis":"index","gross_or_net":"unknown","statistic":"typical_observed_rent_35_65_percentile_smoothed","unit_scope":"all_units","bedroom_count":null,"source_id":"zori","source_artifact_id":"zori-zip-sfrcondomfr-sm-month","source_url":"https://www.zillow.com/research/data/","source_label":"Zillow ZORI — ZIP-level typical observed market rent (all units, smoothed)","not_a_label":"median asking rent","attribution":"Data Provided by Zillow Group","zori_missing":false,"zori_rent_usd":4362.4,"zori_all_units":true},"geometry":{"type":"Polygon","coordinates":[[[-73.98813999962776,40.78140899971465],[-73.98010899990233,40.793130000133466],[-73.97769100016048,40.79216399989228],[-73.97709199993577,40.79272399976312],[-73.97293000012155,40.791381000331015],[-73.97306599966566,40.79119499991186],[-73.97268999992201,40.79087000018854],[-73.97216199984243,40.79106200010434],[-73.96963100012267,40.78996899977785],[-73.9698500004058,40.78967399985959],[-73.96700999999125,40.78847600014638],[-73.96734999974986,40.78783199993667],[-73.966759999746,40.78781499971348],[-73.96451500025653,40.78890299978436],[-73.96416499955383,40.78939500002442],[-73.96407599986537,40.79046800005446],[-73.96256000029696,40.79163499997409],[-73.96006300001409,40.79035300018424],[-73.95674999977152,40.78920399984155],[-73.95577800017622,40.787914000192096],[-73.96372900043404,40.77699400017528],[-73.96517100038264,40.77790200017613],[-73.96734800010005,40.77837599973366],[-73.97102899969033,40.7799450002056],[-73.97159299975493,40.78056699970379],[-73.9714410003173,40.78164000021072],[-73.97172400017453,40.78202100010408],[-73.97406699957328,40.77880500026626],[-73.975074000227,40.77922799973417],[-73.97485099974591,40.77955399991278],[-73.97756200028903,40.780909000150395],[-73.97927100020131,40.78141599976213],[-73.97974800022729,40.78119500033737],[-73.98145999961429,40.781918000075294],[-73.981361999705,40.78229299967632],[-73.98251900014655,40.78248900015803],[-73.98376199990349,40.78330300022418],[-73.9844520003648,40.783191999720465],[-73.98567900022823,40.78031299989928],[-73.98813999962776,40.78140899971465]]]}},{"type":"Feature","properties":{"market_area_id":"zcta:10025","zcta":"10025","zip":"10025","geography_type":"zcta","name":"10025","vintage":"2020","period_start":"2026-06-01","period_end":"2026-06-30","current_month":"2026-06-30","measure_basis":"index","gross_or_net":"unknown","statistic":"typical_observed_rent_35_65_percentile_smoothed","unit_scope":"all_units","bedroom_count":null,"source_id":"zori","source_artifact_id":"zori-zip-sfrcondomfr-sm-month","source_url":"https://www.zillow.com/research/data/","source_label":"Zillow ZORI — ZIP-level typical observed market rent (all units, smoothed)","not_a_label":"median asking rent","attribution":"Data Provided by Zillow Group","zori_missing":false,"zori_rent_usd":4609.43,"zori_all_units":true},"geometry":{"type":"Polygon","coordinates":[[[-73.98010899990233,40.793130000133466],[-73.96922199986876,40.80850600020403],[-73.9669790000291,40.8075960000879],[-73.96590000030369,40.80880600027925],[-73.96541900007975,40.80863999992021],[-73.96566099992909,40.80830999968533],[-73.96417100029993,40.80763699992223],[-73.96484800034244,40.806707000037605],[-73.9620079999279,40.805509000332954],[-73.96131599981676,40.80645500000926],[-73.96000600011267,40.80590499986176],[-73.95976500008824,40.80628899988868],[-73.95935699965925,40.80612100027779],[-73.95982600018762,40.80543499983273],[-73.96107700034047,40.80180000021898],[-73.95883500032576,40.80081599973817],[-73.95922000029019,40.80022900001733],[-73.9586190004157,40.79997699987212],[-73.9641760003228,40.792361999975924],[-73.96256000029696,40.79163499997409],[-73.96407599986537,40.79046800005446],[-73.96419999971394,40.78928400018087],[-73.96461700036377,40.788838000035724],[-73.966759999746,40.78781499971348],[-73.96734999974986,40.78783199993667],[-73.96700999999125,40.78847600014638],[-73.9698500004058,40.78967399985959],[-73.96963100012267,40.78996899977785],[-73.97216199984243,40.79106200010434],[-73.97268999992201,40.79087000018854],[-73.97306599966566,40.79119499991186],[-73.97293000012155,40.791381000331015],[-73.97709199993577,40.79272399976312],[-73.97769100016048,40.79216399989228],[-73.98010899990233,40.793130000133466]]]}},{"type":"Feature","properties":{"market_area_id":"zcta:10026","zcta":"10026","zip":"10026","geography_type":"zcta","name":"10026","vintage":"2020","period_start":"2026-06-01","period_end":"2026-06-30","current_month":"2026-06-30","measure_basis":"index","gross_or_net":"unknown","statistic":"typical_observed_rent_35_65_percentile_smoothed","unit_scope":"all_units","bedroom_count":null,"source_id":"zori","source_artifact_id":"zori-zip-sfrcondomfr-sm-month","source_url":"https://www.zillow.com/research/data/","source_label":"Zillow ZORI — ZIP-level typical observed market rent (all units, smoothed)","not_a_label":"median asking rent","attribution":"Data Provided by Zillow Group","zori_missing":false,"zori_rent_usd":3844.02,"zori_all_units":true},"geometry":{"type":"Polygon","coordinates":[[[-73.96107700034047,40.80180000021898],[-73.95982600018762,40.80543499983273],[-73.95724500023915,40.80940400010425],[-73.95709100025337,40.81008000009799],[-73.95827200008603,40.810629000168824],[-73.95780799958054,40.811264000313216],[-73.95496600041449,40.81006400029037],[-73.95680599984802,40.80754599982449],[-73.9554109997551,40.80696599986287],[-73.95494899979774,40.807593000181974],[-73.95452799984825,40.80741499985313],[-73.95490899961476,40.80688899968962],[-73.95434700009828,40.806656999784266],[-73.95397200017956,40.80717999982223],[-73.95014199972805,40.80556900031044],[-73.95036600003404,40.80525200004232],[-73.94854099977081,40.804482999803156],[-73.94832499986074,40.8048020001394],[-73.94781299967467,40.80458699975085],[-73.9476600004121,40.80416399997353],[-73.94512899979404,40.80304700026303],[-73.9446669998367,40.803129999669906],[-73.94505199980115,40.80259900023032],[-73.94551899978138,40.802794999936694],[-73.94595599962439,40.802159999669065],[-73.94550799991073,40.80197100004826],[-73.94596800021827,40.80134199975473],[-73.94684199990428,40.801709999881346],[-73.94708799995158,40.8009289999343],[-73.94646199996268,40.80066500021092],[-73.94922000036148,40.79691000000587],[-73.95776200044808,40.80047199988269],[-73.95819500009314,40.800552999866795],[-73.9586190004157,40.79997699987212],[-73.95922000029019,40.80022900001733],[-73.95883500032576,40.80081599973817],[-73.96107700034047,40.80180000021898]]]}},{"type":"Feature","properties":{"market_area_id":"zcta:10027","zcta":"10027","zip":"10027","geography_type":"zcta","name":"10027","vintage":"2020","period_start":"2026-06-01","period_end":"2026-06-30","current_month":"2026-06-30","measure_basis":"index","gross_or_net":"unknown","statistic":"typical_observed_rent_35_65_percentile_smoothed","unit_scope":"all_units","bedroom_count":null,"source_id":"zori","source_artifact_id":"zori-zip-sfrcondomfr-sm-month","source_url":"https://www.zillow.com/research/data/","source_label":"Zillow ZORI — ZIP-level typical observed market rent (all units, smoothed)","not_a_label":"median asking rent","attribution":"Data Provided by Zillow Group","zori_missing":false,"zori_rent_usd":3849.97,"zori_all_units":true},"geometry":{"type":"Polygon","coordinates":[[[-73.96922199986876,40.80850600020403],[-73.96416700010198,40.815790000193424],[-73.96206700037744,40.818098999938016],[-73.96298000042151,40.81851200031817],[-73.96189400012508,40.818262000322754],[-73.95874300026423,40.82161999989585],[-73.9575230000735,40.82114299975518],[-73.958164000131,40.82089300015841],[-73.95887399978548,40.820006000170174],[-73.95602300039859,40.81880199975791],[-73.95545099993807,40.819377000184204],[-73.95495200017079,40.81916800023696],[-73.9551019999586,40.81882300030806],[-73.95336399973402,40.81806199992],[-73.95328099989334,40.81763300011543],[-73.95227300031304,40.81722099975158],[-73.95276299985949,40.81654300032836],[-73.95297399974667,40.815069999685086],[-73.95085999977846,40.814186999722146],[-73.94971499993079,40.81579900015888],[-73.95006300008534,40.81679800028668],[-73.94995500013029,40.81759100029446],[-73.94757900022127,40.82013299973113],[-73.9478720001242,40.82112899987882],[-73.94767999960528,40.82096499974732],[-73.94651700021427,40.82144899971398],[-73.94607799982313,40.8212639999232],[-73.94867700021324,40.81569199988683],[-73.94701599998155,40.81500699988916],[-73.94724699996024,40.81469400018897],[-73.94542300042022,40.8139270001066],[-73.9452889996276,40.81410899967251],[-73.94410299977207,40.81377900012144],[-73.94432600025314,40.81346499995994],[-73.94247199967761,40.81263399981902],[-73.94214500033777,40.8123429998078],[-73.94339800014048,40.81063000031841],[-73.94059399971093,40.80937799981005],[-73.94040399974014,40.80895799981779],[-73.94275399970991,40.80574400016154],[-73.94430199996371,40.806390999979186],[-73.9461310004249,40.80387699986096],[-73.9445970004148,40.803228000171416],[-73.94512899979404,40.80304700026303],[-73.9476600004121,40.80416399997353],[-73.94781299967467,40.80458699975085],[-73.94832499986074,40.8048020001394],[-73.94854099977081,40.804482999803156],[-73.95036600003404,40.80525200004232],[-73.95014199972805,40.80556900031044],[-73.95397200017956,40.80717999982223],[-73.95434700009828,40.806656999784266],[-73.95490899961476,40.80688899968962],[-73.95452799984825,40.80741499985313],[-73.95494899979774,40.807593000181974],[-73.9554109997551,40.80696599986287],[-73.95680599984802,40.80754599982449],[-73.95496600041449,40.81006400029037],[-73.95780799958054,40.811264000313216],[-73.95827200008603,40.810629000168824],[-73.95709100025337,40.81008000009799],[-73.95840699980525,40.80741899996507],[-73.95935699965925,40.80612100027779],[-73.95976500008824,40.80628899988868],[-73.96000600011267,40.80590499986176],[-73.96131599981676,40.80645500000926],[-73.9620079999279,40.805509000332954],[-73.96484800034244,40.806707000037605],[-73.96417100029993,40.80763699992223],[-73.96566099992909,40.80830999968533],[-73.96541900007975,40.80863999992021],[-73.96590000030369,40.80880600027925],[-73.9669790000291,40.8075960000879],[-73.96922199986876,40.80850600020403]],[[-73.96442400001992,40.81075499985632],[-73.96347699964066,40.8103730001425],[-73.96305800023931,40.810947000053204],[-73.96401899996397,40.811331000139965],[-73.96442400001992,40.81075499985632]]]}},{"type":"Feature","properties":{"market_area_id":"zcta:10028","zcta":"10028","zip":"10028","geography_type":"zcta","name":"10028","vintage":"2020","period_start":"2026-06-01","period_end":"2026-06-30","current_month":"2026-06-30","measure_basis":"index","gross_or_net":"unknown","statistic":"typical_observed_rent_35_65_percentile_smoothed","unit_scope":"all_units","bedroom_count":null,"source_id":"zori","source_artifact_id":"zori-zip-sfrcondomfr-sm-month","source_url":"https://www.zillow.com/research/data/","source_label":"Zillow ZORI — ZIP-level typical observed market rent (all units, smoothed)","not_a_label":"median asking rent","attribution":"Data Provided by Zillow Group","zori_missing":false,"zori_rent_usd":3995.89,"zori_all_units":true},"geometry":{"type":"Polygon","coordinates":[[[-73.96313100003425,40.777812000093384],[-73.95992099972385,40.78221299975774],[-73.95832099959152,40.78153399986788],[-73.95855099974528,40.7812169997775],[-73.95757699960187,40.780808000275336],[-73.95735599966892,40.781128000018704],[-73.95670799993871,40.78085599975694],[-73.95720199968312,40.78017900013594],[-73.95558499983237,40.779496000106484],[-73.95509299973777,40.78017199995812],[-73.95521199956346,40.77981400018124],[-73.95435700014401,40.779453000018066],[-73.9545389997189,40.77920600031551],[-73.95349199978052,40.77949600010648],[-73.95375799991932,40.779129999855975],[-73.95202399989269,40.77846299987061],[-73.95229599987925,40.77810900024393],[-73.9517429996853,40.77787499982401],[-73.95124800011597,40.77855099984627],[-73.94662799964404,40.77660400018115],[-73.94686199999578,40.77628299974498],[-73.94473200013401,40.77551799998015],[-73.94427799967426,40.77560799976942],[-73.94572800001876,40.773621999890025],[-73.94433700012381,40.77310799973483],[-73.94750200022837,40.77012099996497],[-73.94807299996566,40.77039400003634],[-73.9473569995651,40.77138700019606],[-73.94908499974395,40.772130000185236],[-73.94932099974548,40.771812000064166],[-73.94993699968865,40.77207300007013],[-73.94970400006014,40.77239299971306],[-73.95149800036123,40.77315199988257],[-73.95131800043617,40.773401999735945],[-73.95384999998083,40.774138000188664],[-73.9540800001346,40.7738190001302],[-73.9551160002023,40.77425500028039],[-73.95488199985058,40.77457899966849],[-73.95568299974165,40.7749140002803],[-73.95550000034186,40.77516500030993],[-73.95658300026525,40.77525899990623],[-73.95679800035042,40.774966999972534],[-73.95839900030765,40.7756420003384],[-73.9581709998037,40.775951999881265],[-73.95876300035572,40.776202000082804],[-73.9589940003344,40.77598000032612],[-73.95881600005916,40.77622199984063],[-73.95978799965447,40.77663700025883],[-73.96001699998332,40.776322999886055],[-73.96055599993358,40.776549999771234],[-73.96032400012999,40.77686900032181],[-73.96313100003425,40.777812000093384]]]}},{"type":"Feature","properties":{"market_area_id":"zcta:10029","zcta":"10029","zip":"10029","geography_type":"zcta","name":"10029","vintage":"2020","period_start":"2026-06-01","period_end":"2026-06-30","current_month":"2026-06-30","measure_basis":"index","gross_or_net":"unknown","statistic":"typical_observed_rent_35_65_percentile_smoothed","unit_scope":"all_units","bedroom_count":null,"source_id":"zori","source_artifact_id":"zori-zip-sfrcondomfr-sm-month","source_url":"https://www.zillow.com/research/data/","source_label":"Zillow ZORI — ZIP-level typical observed market rent (all units, smoothed)","not_a_label":"median asking rent","attribution":"Data Provided by Zillow Group","zori_missing":false,"zori_rent_usd":3590.61,"zori_all_units":true},"geometry":{"type":"Polygon","coordinates":[[[-73.9641760003228,40.792361999975924],[-73.95819500009314,40.800552999866795],[-73.94922000036148,40.79691000000587],[-73.94646199996268,40.80066500021092],[-73.94594800012679,40.80044899971811],[-73.94569000038393,40.80081100029075],[-73.94505000015133,40.80054199995037],[-73.94529700002353,40.800174999775315],[-73.94484799958664,40.799985999942365],[-73.94458399999603,40.80034599971095],[-73.94347400030844,40.799884999839755],[-73.9435350004078,40.79943300031227],[-73.94323800030689,40.79930900016866],[-73.9429710003432,40.799671000158284],[-73.9401409999744,40.7984800002226],[-73.94025599960213,40.79832100018164],[-73.93986999981276,40.79814999978961],[-73.94002100032381,40.79794700030333],[-73.93965800010064,40.79779399968395],[-73.93938899958881,40.79815399977997],[-73.93795300038634,40.79755199988219],[-73.93814800038,40.79715899985598],[-73.93501099986453,40.795837000032066],[-73.93475700031964,40.79619899991395],[-73.93334999963285,40.795607000329],[-73.93292000036084,40.79537600012974],[-73.93315700018731,40.79505499996682],[-73.93109400027271,40.794090000249284],[-73.93562599998278,40.79126300003777],[-73.9368810003336,40.78966900025315],[-73.93810200034925,40.78720400016415],[-73.9397190002,40.78531499996787],[-73.9426609998235,40.783760000110945],[-73.94360400000481,40.78264999980522],[-73.94472299991318,40.78324700005451],[-73.94422300032097,40.78393299989951],[-73.94931499989771,40.786081000334846],[-73.94955500009722,40.78575299985463],[-73.950658999937,40.78623199970658],[-73.9509269997256,40.785865999844276],[-73.95130800039041,40.78602600030724],[-73.95103899987859,40.7863860002797],[-73.95228300035878,40.786914000019266],[-73.95255100014738,40.78654899966695],[-73.95577800017622,40.787914000192096],[-73.95674999977152,40.78920399984155],[-73.96006300001409,40.79035300018424],[-73.9641760003228,40.792361999975924]]]}},{"type":"Feature","properties":{"market_area_id":"zcta:10030","zcta":"10030","zip":"10030","geography_type":"zcta","name":"10030","vintage":"2020","period_start":"2026-06-01","period_end":"2026-06-30","current_month":"2026-06-30","measure_basis":"index","gross_or_net":"unknown","statistic":"typical_observed_rent_35_65_percentile_smoothed","unit_scope":"all_units","bedroom_count":null,"source_id":"zori","source_artifact_id":"zori-zip-sfrcondomfr-sm-month","source_url":"https://www.zillow.com/research/data/","source_label":"Zillow ZORI — ZIP-level typical observed market rent (all units, smoothed)","not_a_label":"median asking rent","attribution":"Data Provided by Zillow Group","zori_missing":false,"zori_rent_usd":2891.3,"zori_all_units":true},"geometry":{"type":"Polygon","coordinates":[[[-73.94867700021324,40.81569199988683],[-73.94475600042345,40.82403200007407],[-73.94384199965616,40.823648000085996],[-73.94403099980205,40.82325099976467],[-73.94323499993384,40.8229210001444],[-73.9435060000955,40.822627999772884],[-73.94241099957824,40.822163999768506],[-73.94191699983381,40.822836999694665],[-73.9362269998573,40.820438000268915],[-73.94085499982685,40.814106000061024],[-73.94143099958701,40.81434900010747],[-73.94183300016823,40.8140430000296],[-73.94205199955303,40.8137340002718],[-73.94134699992142,40.81343799979006],[-73.94180300003102,40.81281500009574],[-73.94229500012558,40.8130210000014],[-73.94247199967761,40.81263399981902],[-73.94432600025314,40.81346499995994],[-73.94410299977207,40.81377900012144],[-73.9452889996276,40.81410899967251],[-73.94542300042022,40.8139270001066],[-73.94724699996024,40.81469400018897],[-73.94701599998155,40.81500699988916],[-73.94867700021324,40.81569199988683]]]}},{"type":"Feature","properties":{"market_area_id":"zcta:10031","zcta":"10031","zip":"10031","geography_type":"zcta","name":"10031","vintage":"2020","period_start":"2026-06-01","period_end":"2026-06-30","current_month":"2026-06-30","measure_basis":"index","gross_or_net":"unknown","statistic":"typical_observed_rent_35_65_percentile_smoothed","unit_scope":"all_units","bedroom_count":null,"source_id":"zori","source_artifact_id":"zori-zip-sfrcondomfr-sm-month","source_url":"https://www.zillow.com/research/data/","source_label":"Zillow ZORI — ZIP-level typical observed market rent (all units, smoothed)","not_a_label":"median asking rent","attribution":"Data Provided by Zillow Group","zori_missing":false,"zori_rent_usd":3128.18,"zori_all_units":true},"geometry":{"type":"Polygon","coordinates":[[[-73.95964799991236,40.82367700008479],[-73.95727500037637,40.82714500016264],[-73.95698900014612,40.82707000010028],[-73.95632999964694,40.82795299986858],[-73.95511200000435,40.827455999778856],[-73.95456499965817,40.82784100003941],[-73.9502789999954,40.83432599984619],[-73.94934199966188,40.83398199972191],[-73.94971400010589,40.83269700011532],[-73.94345800041492,40.83007299989357],[-73.9432249998881,40.83038499990324],[-73.94181100042694,40.82978999981985],[-73.94195199999393,40.829433000333665],[-73.94107800030791,40.82908300006445],[-73.94023100038609,40.830282999996285],[-73.93967399999416,40.82967099997808],[-73.94153600006732,40.82682100031826],[-73.94059500043416,40.826414000162885],[-73.94292399958921,40.82326000007742],[-73.94475600042345,40.82403200007407],[-73.94607799982313,40.8212639999232],[-73.94651700021427,40.82144899971398],[-73.94767999960528,40.82096499974732],[-73.9478720001242,40.82112899987882],[-73.94757900022127,40.82013299973113],[-73.94995500013029,40.81759100029446],[-73.95006300008534,40.81679800028668],[-73.94971499993079,40.81579900015888],[-73.95085999977846,40.814186999722146],[-73.95297399974667,40.815069999685086],[-73.95276299985949,40.81654300032836],[-73.95227300031304,40.81722099975158],[-73.95328099989334,40.81763300011543],[-73.95336399973402,40.81806199992],[-73.9551019999586,40.81882300030806],[-73.95495200017079,40.81916800023696],[-73.95545099993807,40.819377000184204],[-73.95602300039859,40.81880199975791],[-73.95887399978548,40.820006000170174],[-73.958164000131,40.82089300015841],[-73.9575230000735,40.82114299975518],[-73.95874300026423,40.82161999989585],[-73.95800799959707,40.82279499976973],[-73.95831899994171,40.822831999866835],[-73.95820699978871,40.82305599994034],[-73.95964799991236,40.82367700008479]]]}},{"type":"Feature","properties":{"market_area_id":"zcta:10032","zcta":"10032","zip":"10032","geography_type":"zcta","name":"10032","vintage":"2020","period_start":"2026-06-01","period_end":"2026-06-30","current_month":"2026-06-30","measure_basis":"index","gross_or_net":"unknown","statistic":"typical_observed_rent_35_65_percentile_smoothed","unit_scope":"all_units","bedroom_count":null,"source_id":"zori","source_artifact_id":"zori-zip-sfrcondomfr-sm-month","source_url":"https://www.zillow.com/research/data/","source_label":"Zillow ZORI — ZIP-level typical observed market rent (all units, smoothed)","not_a_label":"median asking rent","attribution":"Data Provided by Zillow Group","zori_missing":false,"zori_rent_usd":2939.5,"zori_all_units":true},"geometry":{"type":"Polygon","coordinates":[[[-73.9502789999954,40.83432599984619],[-73.9485829996036,40.839600000210666],[-73.9462939997332,40.84368099968008],[-73.94604900040915,40.84458000008588],[-73.94689399978282,40.847230999662294],[-73.94670100033728,40.84767299974611],[-73.94700500011089,40.85045899966396],[-73.94318700025327,40.84975500020952],[-73.9440690003352,40.84784999982313],[-73.9435760004157,40.84789200018662],[-73.9433370000411,40.84825900006236],[-73.94248000007354,40.848319999687355],[-73.94306900025249,40.846725999783295],[-73.94260999976986,40.8462310003385],[-73.94051800044126,40.84536900033652],[-73.94024100043183,40.84604800028304],[-73.93915400031048,40.84562400022545],[-73.93945100041141,40.84516200001691],[-73.93911300030261,40.84501899993068],[-73.93922100025763,40.8448300000846],[-73.93873099981289,40.844636000156676],[-73.9384859995905,40.844981999981705],[-73.9372689997728,40.844476999953415],[-73.93751800019315,40.844137000115],[-73.93714499992426,40.8439800000467],[-73.93679799959462,40.84427299985197],[-73.93590100034238,40.84385800022593],[-73.93612599957497,40.84354999971263],[-73.93569999960262,40.843376000029956],[-73.93545600010346,40.84370399980843],[-73.93445400037093,40.84324599979708],[-73.93563699985343,40.841500000114],[-73.93503099995601,40.83997799996934],[-73.9350789996366,40.8392669998833],[-73.93638300039122,40.837849999994646],[-73.93803700005192,40.83428599998665],[-73.9394780001756,40.8330129999402],[-73.94025499977722,40.831827000137885],[-73.94016699991369,40.83038300019981],[-73.94107800030791,40.82908300006445],[-73.94195199999393,40.829433000333665],[-73.94181100042694,40.82978999981985],[-73.9432249998881,40.83038499990324],[-73.94345800041492,40.83007299989357],[-73.94971400010589,40.83269700011532],[-73.94934199966188,40.83398199972191],[-73.9502789999954,40.83432599984619]]]}},{"type":"Feature","properties":{"market_area_id":"zcta:10033","zcta":"10033","zip":"10033","geography_type":"zcta","name":"10033","vintage":"2020","period_start":"2026-06-01","period_end":"2026-06-30","current_month":"2026-06-30","measure_basis":"index","gross_or_net":"unknown","statistic":"typical_observed_rent_35_65_percentile_smoothed","unit_scope":"all_units","bedroom_count":null,"source_id":"zori","source_artifact_id":"zori-zip-sfrcondomfr-sm-month","source_url":"https://www.zillow.com/research/data/","source_label":"Zillow ZORI — ZIP-level typical observed market rent (all units, smoothed)","not_a_label":"median asking rent","attribution":"Data Provided by Zillow Group","zori_missing":false,"zori_rent_usd":2945.02,"zori_all_units":true},"geometry":{"type":"Polygon","coordinates":[[[-73.9440690003352,40.84784999982313],[-73.94279899991575,40.85117199971383],[-73.94159100031891,40.85235500002752],[-73.93872999998796,40.856447999805255],[-73.93772900008035,40.8558650003315],[-73.93795300038634,40.85556999983983],[-73.93778799963157,40.85537399979093],[-73.93462699972498,40.85450100001792],[-73.93099600036342,40.85306200028316],[-73.93027699958978,40.85318299995913],[-73.92972299957091,40.85295299995912],[-73.92960299992032,40.85247600031515],[-73.928150999926,40.85186299976592],[-73.92792699962,40.85217099969447],[-73.92708499972106,40.85182200008889],[-73.92747700025652,40.850693999933334],[-73.9297769999976,40.84814999999113],[-73.93062100044469,40.8484810000208],[-73.93088400021041,40.84811899997553],[-73.92841399969173,40.84702600028309],[-73.93002300004488,40.84488000010713],[-73.9310449998689,40.84240599993411],[-73.93491100030542,40.83573599986469],[-73.93838500020647,40.833113999915064],[-73.94016699991369,40.83038300019981],[-73.94025499977722,40.831827000137885],[-73.9394780001756,40.8330129999402],[-73.93803700005192,40.83428599998665],[-73.93638300039122,40.837849999994646],[-73.9350789996366,40.8392669998833],[-73.93503099995601,40.83997799996934],[-73.93563699985343,40.841500000114],[-73.93445400037093,40.84324599979708],[-73.93545600010346,40.84370399980843],[-73.93569999960262,40.843376000029956],[-73.93612599957497,40.84354999971263],[-73.93590100034238,40.84385800022593],[-73.93679799959462,40.84427299985197],[-73.93714499992426,40.8439800000467],[-73.93751800019315,40.844137000115],[-73.9372689997728,40.844476999953415],[-73.9384859995905,40.844981999981705],[-73.93873099981289,40.844636000156676],[-73.93922100025763,40.8448300000846],[-73.93911300030261,40.84501899993068],[-73.93945100041141,40.84516200001691],[-73.93915400031048,40.84562400022545],[-73.94024100043183,40.84604800028304],[-73.94051800044126,40.84536900033652],[-73.94260999976986,40.8462310003385],[-73.94306900025249,40.846725999783295],[-73.94248000007354,40.848319999687355],[-73.9433370000411,40.84825900006236],[-73.9435760004157,40.84789200018662],[-73.9440690003352,40.84784999982313]]]}},{"type":"Feature","properties":{"market_area_id":"zcta:10034","zcta":"10034","zip":"10034","geography_type":"zcta","name":"10034","vintage":"2020","period_start":"2026-06-01","period_end":"2026-06-30","current_month":"2026-06-30","measure_basis":"index","gross_or_net":"unknown","statistic":"typical_observed_rent_35_65_percentile_smoothed","unit_scope":"all_units","bedroom_count":null,"source_id":"zori","source_artifact_id":"zori-zip-sfrcondomfr-sm-month","source_url":"https://www.zillow.com/research/data/","source_label":"Zillow ZORI — ZIP-level typical observed market rent (all units, smoothed)","not_a_label":"median asking rent","attribution":"Data Provided by Zillow Group","zori_missing":false,"zori_rent_usd":2470.6,"zori_all_units":true},"geometry":{"type":"Polygon","coordinates":[[[-73.94700500011089,40.85045899966396],[-73.9433010000561,40.85248900017007],[-73.94212000022341,40.853715999820565],[-73.93246599990108,40.8676150000142],[-73.93252100015268,40.869913999881014],[-73.92935100002525,40.87535800009797],[-73.92859299979187,40.87618099992812],[-73.9264060000287,40.87764500023836],[-73.92647200015095,40.87731300007262],[-73.92612700036945,40.87713000029235],[-73.92504600009592,40.87743299977638],[-73.92312000044865,40.87731399989556],[-73.92238300013167,40.87660800022163],[-73.92266699981379,40.874907999736664],[-73.92242900016242,40.87398600010236],[-73.92167299957887,40.873282999909904],[-73.92027599983614,40.8731069997427],[-73.91989300041982,40.87379000020789],[-73.92137300000321,40.87508399987089],[-73.92101099960497,40.875549000177934],[-73.91882399984182,40.87469400029398],[-73.91685600036176,40.87469400029396],[-73.91294200024467,40.87390900031006],[-73.91146000011314,40.87332200012297],[-73.91058700025202,40.87245599979014],[-73.91061200036637,40.8709580002543],[-73.91118200027879,40.868729000068534],[-73.9144290003991,40.86418599975057],[-73.91591099963232,40.864271000140256],[-73.91499500011354,40.86352800018812],[-73.91763999963608,40.86142499980702],[-73.91959399977075,40.85882999975502],[-73.92083800025092,40.85925200004464],[-73.92144800034629,40.86037999988589],[-73.9219920003194,40.859562999865595],[-73.92150000022484,40.85900599982268],[-73.9210979996436,40.85756700010458],[-73.92215999965059,40.855606999991934],[-73.92286699983033,40.85587200000016],[-73.92288799974673,40.85885699978809],[-73.92662000028895,40.86452499995932],[-73.92623799979921,40.8646680000681],[-73.92643500034106,40.8653369998962],[-73.9270110001012,40.86513400016603],[-73.92726899984406,40.865534999679454],[-73.92927300020744,40.86572400024817],[-73.93099700018831,40.86681000002758],[-73.93155700005497,40.86680800006436],[-73.93216600032542,40.86648899972494],[-73.932875000155,40.86530399976153],[-73.9352900004221,40.86009199969989],[-73.93678099987618,40.858855999686384],[-73.93980799988847,40.855176000206704],[-73.94159100031891,40.85235500002752],[-73.94279899991575,40.85117199971383],[-73.94318700025327,40.84975500020952],[-73.94700500011089,40.85045899966396]]]}},{"type":"Feature","properties":{"market_area_id":"zcta:10035","zcta":"10035","zip":"10035","geography_type":"zcta","name":"10035","vintage":"2020","period_start":"2026-06-01","period_end":"2026-06-30","current_month":"2026-06-30","measure_basis":"index","gross_or_net":"unknown","statistic":"typical_observed_rent_35_65_percentile_smoothed","unit_scope":"all_units","bedroom_count":null,"source_id":"zori","source_artifact_id":"zori-zip-sfrcondomfr-sm-month","source_url":"https://www.zillow.com/research/data/","source_label":"Zillow ZORI — ZIP-level typical observed market rent (all units, smoothed)","not_a_label":"median asking rent","attribution":"Data Provided by Zillow Group","zori_missing":false,"zori_rent_usd":3187.31,"zori_all_units":true},"geometry":{"type":"MultiPolygon","coordinates":[[[[-73.93550999963182,40.78589999992387],[-73.9308680003169,40.791093000272504],[-73.9296149996159,40.79139900008067],[-73.92876199984626,40.79103900007999],[-73.9265099997858,40.79086799997401],[-73.92613499986707,40.79135000029734],[-73.92666399977156,40.791927000087504],[-73.92826800010185,40.792298999704215],[-73.92837299968384,40.79284500007293],[-73.92696300042063,40.795242000155106],[-73.92712200042928,40.797066999998314],[-73.92759899955695,40.798029999967326],[-73.92685399974238,40.79998799988222],[-73.92560299958949,40.80199800012415],[-73.92259499984378,40.80187200012918],[-73.92188799966404,40.801530000199975],[-73.9203710002707,40.79943300031227],[-73.91572700040763,40.79729999977481],[-73.91376700042518,40.794497000139984],[-73.91384699989281,40.79373999983838],[-73.91519400030515,40.7919469998713],[-73.91685600036176,40.79035300018424],[-73.9170349995636,40.790501000045495],[-73.918345000166,40.789862999805905],[-73.91848099971014,40.78942799986858],[-73.92197399987776,40.785743999895324],[-73.92281099975384,40.78359700000012],[-73.92342500004716,40.78296699985835],[-73.92429000041068,40.78230399989568],[-73.92600599999562,40.78191499968904],[-73.9271159996832,40.78107900013886],[-73.92860100018778,40.781034999799466],[-73.93061899989654,40.78224599976982],[-73.93543299963893,40.783248999818454],[-73.93592899993146,40.78380700030647],[-73.9356639996176,40.78468300007766],[-73.93623899955287,40.785686999898125],[-73.93550999963182,40.78589999992387]]],[[[-73.94706399966212,40.801388000137116],[-73.94684199990428,40.801709999881346],[-73.94596800021827,40.80134199975473],[-73.94550799991073,40.80197100004826],[-73.94595599962439,40.802159999669065],[-73.94551899978138,40.802794999936694],[-73.94505199980115,40.80259900023032],[-73.9445970004148,40.803228000171416],[-73.9461310004249,40.80387699986096],[-73.94430199996371,40.806390999979186],[-73.94275399970991,40.80574400016154],[-73.93994900035378,40.8095819998573],[-73.93833800035078,40.80890299970288],[-73.93847499971983,40.80871300006779],[-73.93801100011264,40.80835799968551],[-73.93696199962613,40.8078969997083],[-73.93672499979967,40.808224000079825],[-73.93510600029909,40.80754000000792],[-73.93457800021949,40.808268000081654],[-73.933748999841,40.807025999882974],[-73.93141399993983,40.80462500004418],[-73.93023599958191,40.802831000041934],[-73.92907099964276,40.79896699995411],[-73.92933799960645,40.79633900014673],[-73.9300590000299,40.79499599971084],[-73.93123800021274,40.79418700009883],[-73.93315700018731,40.79505499996682],[-73.93292000036084,40.79537600012974],[-73.93334999963285,40.795607000329],[-73.93475700031964,40.79619899991395],[-73.93501099986453,40.795837000032066],[-73.93814800038,40.79715899985598],[-73.93795300038634,40.79755199988219],[-73.93938899958881,40.79815399977997],[-73.93965800010064,40.79779399968395],[-73.94002100032381,40.79794700030333],[-73.93986999981276,40.79814999978961],[-73.94025599960213,40.79832100018164],[-73.9401409999744,40.7984800002226],[-73.9429710003432,40.799671000158284],[-73.94323800030689,40.79930900016866],[-73.9435350004078,40.79943300031227],[-73.94347400030844,40.799884999839755],[-73.94458399999603,40.80034599971095],[-73.94484799958664,40.799985999942365],[-73.94529700002353,40.800174999775315],[-73.94505000015133,40.80054199995037],[-73.94569000038393,40.80081100029075],[-73.94594800012679,40.80044899971811],[-73.94708799995158,40.8009289999343],[-73.94681099994214,40.80128099974542],[-73.94706399966212,40.801388000137116]]]]}},{"type":"Feature","properties":{"market_area_id":"zcta:10036","zcta":"10036","zip":"10036","geography_type":"zcta","name":"10036","vintage":"2020","period_start":"2026-06-01","period_end":"2026-06-30","current_month":"2026-06-30","measure_basis":"index","gross_or_net":"unknown","statistic":"typical_observed_rent_35_65_percentile_smoothed","unit_scope":"all_units","bedroom_count":null,"source_id":"zori","source_artifact_id":"zori-zip-sfrcondomfr-sm-month","source_url":"https://www.zillow.com/research/data/","source_label":"Zillow ZORI — ZIP-level typical observed market rent (all units, smoothed)","not_a_label":"median asking rent","attribution":"Data Provided by Zillow Group","zori_missing":false,"zori_rent_usd":4717.01,"zori_all_units":true},"geometry":{"type":"Polygon","coordinates":[[[-74.00134700039219,40.762902999715365],[-74.0010310000247,40.76334800032488],[-74.00314400016802,40.76437700017806],[-74.00286399978552,40.764693000178085],[-73.99989299984972,40.76341999974589],[-73.99917999982219,40.764142000211564],[-74.00230399991887,40.76549600030799],[-74.0020600004197,40.765911999828944],[-73.99848900043429,40.76424200008171],[-73.997574999667,40.765488999943756],[-73.99554500026267,40.76462600022605],[-73.99508800032818,40.76525299967412],[-73.99295599991828,40.76435700025668],[-73.99343499959411,40.76373900006028],[-73.9922870002717,40.76325499970986],[-73.99205999959266,40.76357000010368],[-73.99021699978607,40.762871999997685],[-73.9902329996796,40.762566000076966],[-73.98829399961356,40.76198100010976],[-73.98731100014764,40.76148699983221],[-73.9874509998897,40.761221000046255],[-73.9870149998716,40.76103800018677],[-73.98656100031016,40.761659999789345],[-73.98446400006036,40.760773000185075],[-73.98480800001697,40.76010399984552],[-73.97811600030789,40.757284000228225],[-73.98039500013257,40.75415499994809],[-73.98362399981123,40.75551600007997],[-73.98459600030486,40.754177000175815],[-73.9943779997754,40.75837700016197],[-73.9948230000143,40.75767299971815],[-73.9962099997113,40.75825399982355],[-73.99640899990293,40.758338999937884],[-73.99594299974761,40.758980999804294],[-73.99691699989104,40.75936700020725],[-73.99751600011577,40.75879900015179],[-73.99924299957138,40.759526999854636],[-73.9987940000328,40.76015300022604],[-74.00162199985348,40.76134700029244],[-74.00103600004756,40.76196800020324],[-74.00171599956484,40.762208000004726],[-74.00149200015714,40.76255300028486],[-74.00376699978383,40.76356399971479],[-74.00356799959222,40.76379899968387],[-74.00134700039219,40.762902999715365]]]}},{"type":"Feature","properties":{"market_area_id":"zcta:10037","zcta":"10037","zip":"10037","geography_type":"zcta","name":"10037","vintage":"2020","period_start":"2026-06-01","period_end":"2026-06-30","current_month":"2026-06-30","measure_basis":"index","gross_or_net":"unknown","statistic":"typical_observed_rent_35_65_percentile_smoothed","unit_scope":"all_units","bedroom_count":null,"source_id":"zori","source_artifact_id":"zori-zip-sfrcondomfr-sm-month","source_url":"https://www.zillow.com/research/data/","source_label":"Zillow ZORI — ZIP-level typical observed market rent (all units, smoothed)","not_a_label":"median asking rent","attribution":"Data Provided by Zillow Group","zori_missing":false,"zori_rent_usd":2792.14,"zori_all_units":true},"geometry":{"type":"Polygon","coordinates":[[[-73.94339800014048,40.81063000031841],[-73.94214500033777,40.8123429998078],[-73.94255399969337,40.81250600005776],[-73.94229500012558,40.8130210000014],[-73.94180300003102,40.81281500009574],[-73.94134699992142,40.81343799979006],[-73.94205199955303,40.8137340002718],[-73.94183300016823,40.8140430000296],[-73.94143099958701,40.81434900010747],[-73.94085499982685,40.814106000061024],[-73.93718099990926,40.819143999732475],[-73.93426400040013,40.81791400032146],[-73.93445400037093,40.81718900017726],[-73.9339820003678,40.81770399980083],[-73.93492100035117,40.809923000289],[-73.93459300028809,40.808649000175635],[-73.93364099988597,40.80707500033513],[-73.93457800021949,40.808268000081654],[-73.93510600029909,40.80754000000792],[-73.93672499979967,40.808224000079825],[-73.93696199962613,40.8078969997083],[-73.93801100011264,40.80835799968551],[-73.93847499971983,40.80871300006779],[-73.93833800035078,40.80890299970288],[-73.93994900035378,40.8095819998573],[-73.94040399974014,40.80895799981779],[-73.94060700012973,40.8090430003384],[-73.94059399971093,40.80937799981005],[-73.94339800014048,40.81063000031841]]]}},{"type":"Feature","properties":{"market_area_id":"zcta:10038","zcta":"10038","zip":"10038","geography_type":"zcta","name":"10038","vintage":"2020","period_start":"2026-06-01","period_end":"2026-06-30","current_month":"2026-06-30","measure_basis":"index","gross_or_net":"unknown","statistic":"typical_observed_rent_35_65_percentile_smoothed","unit_scope":"all_units","bedroom_count":null,"source_id":"zori","source_artifact_id":"zori-zip-sfrcondomfr-sm-month","source_url":"https://www.zillow.com/research/data/","source_label":"Zillow ZORI — ZIP-level typical observed market rent (all units, smoothed)","not_a_label":"median asking rent","attribution":"Data Provided by Zillow Group","zori_missing":false,"zori_rent_usd":4942.31,"zori_all_units":true},"geometry":{"type":"Polygon","coordinates":[[[-74.01054200023188,40.70915400008583],[-74.0086009996177,40.71139200019116],[-74.00485800010314,40.71245300020798],[-74.00390300022627,40.71183600000018],[-74.00270899997481,40.71259700023702],[-74.0008910002826,40.71301500029727],[-74.00156900015003,40.713684999998755],[-74.00096800027549,40.71390599987384],[-74.00074599961933,40.71451000031315],[-73.99858399997053,40.713467999712705],[-73.9975040004202,40.71406899999561],[-73.9960049996719,40.70889500022576],[-73.99818399993744,40.708483000089515],[-74.00127299987402,40.70693100014033],[-74.00092600044269,40.70638099997722],[-74.00134300019423,40.706118000144976],[-74.00060400022743,40.70543899995507],[-74.00145799982195,40.70491099990605],[-74.00255499998903,40.705531999704235],[-74.0019680003582,40.70472600028771],[-74.0021659998266,40.704594000106006],[-74.0032989999787,40.705614000034366],[-74.0038119999897,40.70530600013205],[-74.00262899960889,40.70421600024333],[-74.00285899976265,40.70406800027112],[-74.0040300004479,40.70513099992443],[-74.0045519997814,40.70483800009231],[-74.00362700004176,40.70329999984621],[-74.00597500036172,40.703375000107606],[-74.00518799981603,40.70253700013211],[-74.00551300040438,40.702360999722345],[-74.00679899981901,40.7034709998559],[-74.0077269999317,40.70280199994527],[-74.00797999965168,40.70318899990357],[-74.0047490003232,40.70523199969571],[-74.00678100027567,40.70672399975148],[-74.00713000025512,40.70637499987612],[-74.00773899962726,40.70676299985418],[-74.00760499973296,40.70692199972231],[-74.00798899987251,40.70718400012005],[-74.00778200018328,40.70742000014181],[-74.008269000255,40.70772199982115],[-74.00800399994114,40.70797700018636],[-74.00912600022257,40.70929399986681],[-74.00939800020913,40.709019000237156],[-74.01054200023188,40.70915400008583]]]}},{"type":"Feature","properties":{"market_area_id":"zcta:10039","zcta":"10039","zip":"10039","geography_type":"zcta","name":"10039","vintage":"2020","period_start":"2026-06-01","period_end":"2026-06-30","current_month":"2026-06-30","measure_basis":"index","gross_or_net":"unknown","statistic":"typical_observed_rent_35_65_percentile_smoothed","unit_scope":"all_units","bedroom_count":null,"source_id":"zori","source_artifact_id":"zori-zip-sfrcondomfr-sm-month","source_url":"https://www.zillow.com/research/data/","source_label":"Zillow ZORI — ZIP-level typical observed market rent (all units, smoothed)","not_a_label":"median asking rent","attribution":"Data Provided by Zillow Group","zori_missing":false,"zori_rent_usd":3165.39,"zori_all_units":true},"geometry":{"type":"Polygon","coordinates":[[[-73.94292399958921,40.82326000007742],[-73.94059500043416,40.826414000162885],[-73.94153600006732,40.82682100031826],[-73.93968900006278,40.829391999694614],[-73.93975699983486,40.82986399966512],[-73.94023100038609,40.830282999996285],[-73.93991099982064,40.830932000139406],[-73.93838500020647,40.833113999915064],[-73.93491100030542,40.83573599986469],[-73.93523099997256,40.833071999701964],[-73.93440400014221,40.82552799984034],[-73.93431299990563,40.81963000009798],[-73.9339820003678,40.81770399980083],[-73.93445400037093,40.81718900017726],[-73.93426400040013,40.81791400032146],[-73.93718099990926,40.819143999732475],[-73.9362269998573,40.820438000268915],[-73.94191699983381,40.822836999694665],[-73.94241099957824,40.822163999768506],[-73.9435060000955,40.822627999772884],[-73.94323499993384,40.8229210001444],[-73.94403099980205,40.82325099976467],[-73.94384199965616,40.823648000085996],[-73.94292399958921,40.82326000007742]]]}},{"type":"Feature","properties":{"market_area_id":"zcta:10040","zcta":"10040","zip":"10040","geography_type":"zcta","name":"10040","vintage":"2020","period_start":"2026-06-01","period_end":"2026-06-30","current_month":"2026-06-30","measure_basis":"index","gross_or_net":"unknown","statistic":"typical_observed_rent_35_65_percentile_smoothed","unit_scope":"all_units","bedroom_count":null,"source_id":"zori","source_artifact_id":"zori-zip-sfrcondomfr-sm-month","source_url":"https://www.zillow.com/research/data/","source_label":"Zillow ZORI — ZIP-level typical observed market rent (all units, smoothed)","not_a_label":"median asking rent","attribution":"Data Provided by Zillow Group","zori_missing":false,"zori_rent_usd":2861.96,"zori_all_units":true},"geometry":{"type":"Polygon","coordinates":[[[-73.93872999998796,40.856447999805255],[-73.9352900004221,40.86009199969989],[-73.93484099998521,40.86145899989877],[-73.93216600032542,40.86648899972494],[-73.93099700018831,40.86681000002758],[-73.92947900007177,40.86579000008248],[-73.92726899984406,40.865534999679454],[-73.9270110001012,40.86513400016603],[-73.92643500034106,40.8653369998962],[-73.92623799979921,40.8646680000681],[-73.92662000028895,40.86452499995932],[-73.92288799974673,40.85885699978809],[-73.92286699983033,40.85587200000016],[-73.92215999965059,40.855606999991934],[-73.9237289998208,40.85379499966844],[-73.92841399969173,40.84702600028309],[-73.93088400021041,40.84811899997553],[-73.93062100044469,40.8484810000208],[-73.9297769999976,40.84814999999113],[-73.92747700025652,40.850693999933334],[-73.92708499972106,40.85182200008889],[-73.92792699962,40.85217099969447],[-73.928150999926,40.85186299976592],[-73.92960299992032,40.85247600031515],[-73.92972299957091,40.85295299995912],[-73.93027699958978,40.85318299995913],[-73.93099600036342,40.85306200028316],[-73.93462699972498,40.85450100001792],[-73.93778799963157,40.85537399979093],[-73.93795300038634,40.85556999983983],[-73.93772900008035,40.8558650003315],[-73.93872999998796,40.856447999805255]]]}},{"type":"Feature","properties":{"market_area_id":"zcta:10044","zcta":"10044","zip":"10044","geography_type":"zcta","name":"10044","vintage":"2020","period_start":"2026-06-01","period_end":"2026-06-30","current_month":"2026-06-30","measure_basis":"index","gross_or_net":"unknown","statistic":"typical_observed_rent_35_65_percentile_smoothed","unit_scope":"all_units","bedroom_count":null,"source_id":"zori","source_artifact_id":"zori-zip-sfrcondomfr-sm-month","source_url":"https://www.zillow.com/research/data/","source_label":"Zillow ZORI — ZIP-level typical observed market rent (all units, smoothed)","not_a_label":"median asking rent","attribution":"Data Provided by Zillow Group","zori_missing":false,"zori_rent_usd":4452.02,"zori_all_units":true},"geometry":{"type":"Polygon","coordinates":[[[-73.96158799980334,40.74982299967216],[-73.95901600007572,40.75359500017696],[-73.95240300000938,40.76062800007074],[-73.9515169997295,40.76197400005577],[-73.94539800030587,40.768646999676314],[-73.94465799961586,40.76984599996529],[-73.94214600016268,40.772037000294475],[-73.94005800013372,40.77290599991956],[-73.94028400008953,40.77062399998597],[-73.9412189998749,40.76933400003619],[-73.94285199961921,40.76829599977245],[-73.94943100024867,40.76054900014282],[-73.95177799984539,40.758403000016244],[-73.95326900019778,40.75638100025357],[-73.95791399988575,40.752109999703784],[-73.96156000021425,40.74945799969541],[-73.96158799980334,40.74982299967216]]]}},{"type":"Feature","properties":{"market_area_id":"zcta:10065","zcta":"10065","zip":"10065","geography_type":"zcta","name":"10065","vintage":"2020","period_start":"2026-06-01","period_end":"2026-06-30","current_month":"2026-06-30","measure_basis":"index","gross_or_net":"unknown","statistic":"typical_observed_rent_35_65_percentile_smoothed","unit_scope":"all_units","bedroom_count":null,"source_id":"zori","source_artifact_id":"zori-zip-sfrcondomfr-sm-month","source_url":"https://www.zillow.com/research/data/","source_label":"Zillow ZORI — ZIP-level typical observed market rent (all units, smoothed)","not_a_label":"median asking rent","attribution":"Data Provided by Zillow Group","zori_missing":false,"zori_rent_usd":4605.8,"zori_all_units":true},"geometry":{"type":"Polygon","coordinates":[[[-73.97317600016883,40.76739399983687],[-73.97292500009867,40.76904300001108],[-73.97028100040102,40.76802500014843],[-73.96844100006916,40.77051699967954],[-73.96673399980673,40.7697990000964],[-73.96668299975309,40.7693679997339],[-73.96594999963409,40.76904600029841],[-73.96565099988337,40.76934300017802],[-73.96361800010597,40.76848700021175],[-73.96407699969028,40.76785999997911],[-73.96164999972763,40.7668389999765],[-73.96119600016618,40.76746699975672],[-73.95515999968492,40.76491800002023],[-73.95470100010061,40.76554500011533],[-73.95230799957481,40.764555000233656],[-73.95847799995036,40.75854000023209],[-73.95949300010167,40.758974000114755],[-73.95926299994791,40.759283999851455],[-73.96041299981844,40.759766000069355],[-73.95999799971675,40.760332000253804],[-73.96061500038314,40.760668000110385],[-73.96106800011965,40.760857999800024],[-73.96142600031995,40.760362000249266],[-73.96310099989702,40.76131400010524],[-73.96308099980554,40.761632000113956],[-73.96348900023455,40.76107300026206],[-73.96783299962364,40.76289699994675],[-73.967605000018,40.76321300017958],[-73.96870600038304,40.76367400018014],[-73.96892999979072,40.76337099973263],[-73.97315600007734,40.76513600006002],[-73.97263600039366,40.76631400027425],[-73.97317600016883,40.76739399983687]]]}},{"type":"Feature","properties":{"market_area_id":"zcta:10069","zcta":"10069","zip":"10069","geography_type":"zcta","name":"10069","vintage":"2020","period_start":"2026-06-01","period_end":"2026-06-30","current_month":"2026-06-30","measure_basis":"index","gross_or_net":"unknown","statistic":"typical_observed_rent_35_65_percentile_smoothed","unit_scope":"all_units","bedroom_count":null,"source_id":"zori","source_artifact_id":"zori-zip-sfrcondomfr-sm-month","source_url":"https://www.zillow.com/research/data/","source_label":"Zillow ZORI — ZIP-level typical observed market rent (all units, smoothed)","not_a_label":"median asking rent","attribution":"Data Provided by Zillow Group","zori_missing":false,"zori_rent_usd":6107.48,"zori_all_units":true},"geometry":{"type":"Polygon","coordinates":[[[-73.99153900008405,40.77452999971968],[-73.98920099980985,40.77685899986081],[-73.99031999971824,40.77731699983949],[-73.98852100029261,40.77977899977268],[-73.98730799977456,40.78104099997111],[-73.98654399969341,40.78065800005621],[-73.988430000056,40.7765310000953],[-73.98877400001258,40.77667300026305],[-73.98918999993921,40.775167000317204],[-73.98817700033601,40.77473500007015],[-73.98862599987459,40.77411599976461],[-73.98973399991232,40.774588999792435],[-73.99025000029636,40.77397400025395],[-73.99153900008405,40.77452999971968]]]}},{"type":"Feature","properties":{"market_area_id":"zcta:10075","zcta":"10075","zip":"10075","geography_type":"zcta","name":"10075","vintage":"2020","period_start":"2026-06-01","period_end":"2026-06-30","current_month":"2026-06-30","measure_basis":"index","gross_or_net":"unknown","statistic":"typical_observed_rent_35_65_percentile_smoothed","unit_scope":"all_units","bedroom_count":null,"source_id":"zori","source_artifact_id":"zori-zip-sfrcondomfr-sm-month","source_url":"https://www.zillow.com/research/data/","source_label":"Zillow ZORI — ZIP-level typical observed market rent (all units, smoothed)","not_a_label":"median asking rent","attribution":"Data Provided by Zillow Group","zori_missing":false,"zori_rent_usd":3883.08,"zori_all_units":true},"geometry":{"type":"Polygon","coordinates":[[[-73.9651479999181,40.77504499976357],[-73.96313100003425,40.777812000093384],[-73.96237500034903,40.7777330001848],[-73.96032400012999,40.77686900032181],[-73.96055599993358,40.776549999771234],[-73.96001699998332,40.776322999886055],[-73.95978799965447,40.77663700025883],[-73.95881600005916,40.77622199984063],[-73.9589940003344,40.77598000032612],[-73.95876300035572,40.776202000082804],[-73.9581709998037,40.775951999881265],[-73.95839900030765,40.7756420003384],[-73.95679800035042,40.774966999972534],[-73.95658300026525,40.77525899990623],[-73.95611100026214,40.77505799983323],[-73.95590299984967,40.77533400003148],[-73.95550000034186,40.77516500030993],[-73.95568299974165,40.7749140002803],[-73.95488199985058,40.77457899966849],[-73.9551160002023,40.77425500028039],[-73.9540800001346,40.7738190001302],[-73.95384999998083,40.774138000188664],[-73.95249800044392,40.773568999805065],[-73.95231400032091,40.773821000178],[-73.95131800043617,40.773401999735945],[-73.95146200037621,40.773131999880924],[-73.94970400006014,40.77239299971306],[-73.94993699968865,40.77207300007013],[-73.94932099974548,40.771812000064166],[-73.94908499974395,40.772130000185236],[-73.9473569995651,40.77138700019606],[-73.94807299996566,40.77039400003634],[-73.94750200022837,40.77012099996497],[-73.94797300040655,40.76951199974141],[-73.94945399981488,40.77008499981209],[-73.94993599986373,40.769468999993855],[-73.9513979999038,40.77007300021031],[-73.95185800021133,40.76944100020661],[-73.95211599995419,40.769549000292926],[-73.95193900040219,40.769809000259485],[-73.95215799978698,40.77029999967986],[-73.95233699988714,40.77006099992609],[-73.95350299965118,40.77054799991319],[-73.95373100015514,40.770228000228805],[-73.95411199992165,40.77038900033915],[-73.95383599973712,40.77076599985317],[-73.95422800027261,40.770932999744645],[-73.95624599998136,40.77170400025445],[-73.95647899960986,40.77138800025658],[-73.95640499999001,40.7717500000815],[-73.95810999970432,40.77244700010038],[-73.95830399987308,40.77215700015106],[-73.95871700032495,40.77233100027255],[-73.9590999997413,40.772659999726024],[-73.95896300037225,40.77284599967432],[-73.96008800012844,40.773324000056824],[-73.95985700014975,40.77364299977075],[-73.96147499982544,40.77432400008096],[-73.96193900033091,40.7736900003221],[-73.96233400034113,40.77385600032428],[-73.96210099981431,40.77417400018647],[-73.9632049996541,40.77462700024974],[-73.96341200024165,40.774309999851155],[-73.9651479999181,40.77504499976357]]]}},{"type":"Feature","properties":{"market_area_id":"zcta:10103","zcta":"10103","zip":"10103","geography_type":"zcta","name":"10103","vintage":"2020","period_start":null,"period_end":null,"current_month":"2026-06-30","measure_basis":"index","gross_or_net":"unknown","statistic":"typical_observed_rent_35_65_percentile_smoothed","unit_scope":"all_units","bedroom_count":null,"source_id":"zori","source_artifact_id":"zori-zip-sfrcondomfr-sm-month","source_url":"https://www.zillow.com/research/data/","source_label":"Zillow ZORI — ZIP-level typical observed market rent (all units, smoothed)","not_a_label":"median asking rent","attribution":"Data Provided by Zillow Group","zori_missing":true,"zori_rent_usd":null,"zori_all_units":true},"geometry":{"type":"Polygon","coordinates":[[[-73.97583099973714,40.760417999977854],[-73.97628900039486,40.75978700024644],[-73.97951300005063,40.761148000069774],[-73.97905699994108,40.76177100020907],[-73.97583099973714,40.760417999977854]]]}},{"type":"Feature","properties":{"market_area_id":"zcta:10110","zcta":"10110","zip":"10110","geography_type":"zcta","name":"10110","vintage":"2020","period_start":null,"period_end":null,"current_month":"2026-06-30","measure_basis":"index","gross_or_net":"unknown","statistic":"typical_observed_rent_35_65_percentile_smoothed","unit_scope":"all_units","bedroom_count":null,"source_id":"zori","source_artifact_id":"zori-zip-sfrcondomfr-sm-month","source_url":"https://www.zillow.com/research/data/","source_label":"Zillow ZORI — ZIP-level typical observed market rent (all units, smoothed)","not_a_label":"median asking rent","attribution":"Data Provided by Zillow Group","zori_missing":true,"zori_rent_usd":null,"zori_all_units":true},"geometry":{"type":"Polygon","coordinates":[[[-73.98039500013257,40.75415499994809],[-73.98088800005208,40.75348100008555],[-73.98411799955564,40.7548419997246],[-73.98362399981123,40.75551600007997],[-73.98039500013257,40.75415499994809]]]}},{"type":"Feature","properties":{"market_area_id":"zcta:10111","zcta":"10111","zip":"10111","geography_type":"zcta","name":"10111","vintage":"2020","period_start":null,"period_end":null,"current_month":"2026-06-30","measure_basis":"index","gross_or_net":"unknown","statistic":"typical_observed_rent_35_65_percentile_smoothed","unit_scope":"all_units","bedroom_count":null,"source_id":"zori","source_artifact_id":"zori-zip-sfrcondomfr-sm-month","source_url":"https://www.zillow.com/research/data/","source_label":"Zillow ZORI — ZIP-level typical observed market rent (all units, smoothed)","not_a_label":"median asking rent","attribution":"Data Provided by Zillow Group","zori_missing":true,"zori_rent_usd":null,"zori_all_units":true},"geometry":{"type":"Polygon","coordinates":[[[-73.97997199963494,40.76052500021499],[-73.9767439997812,40.75916500012786],[-73.9772009997157,40.75853799972436],[-73.98042600009471,40.7598989999448],[-73.97997199963494,40.76052500021499]]]}},{"type":"Feature","properties":{"market_area_id":"zcta:10112","zcta":"10112","zip":"10112","geography_type":"zcta","name":"10112","vintage":"2020","period_start":null,"period_end":null,"current_month":"2026-06-30","measure_basis":"index","gross_or_net":"unknown","statistic":"typical_observed_rent_35_65_percentile_smoothed","unit_scope":"all_units","bedroom_count":null,"source_id":"zori","source_artifact_id":"zori-zip-sfrcondomfr-sm-month","source_url":"https://www.zillow.com/research/data/","source_label":"Zillow ZORI — ZIP-level typical observed market rent (all units, smoothed)","not_a_label":"median asking rent","attribution":"Data Provided by Zillow Group","zori_missing":true,"zori_rent_usd":null,"zori_all_units":true},"geometry":{"type":"Polygon","coordinates":[[[-73.98042600009471,40.7598989999448],[-73.9772009997157,40.75853799972436],[-73.97765500017546,40.75791199979423],[-73.98088600040228,40.759269999855],[-73.98042600009471,40.7598989999448]]]}},{"type":"Feature","properties":{"market_area_id":"zcta:10115","zcta":"10115","zip":"10115","geography_type":"zcta","name":"10115","vintage":"2020","period_start":null,"period_end":null,"current_month":"2026-06-30","measure_basis":"index","gross_or_net":"unknown","statistic":"typical_observed_rent_35_65_percentile_smoothed","unit_scope":"all_units","bedroom_count":null,"source_id":"zori","source_artifact_id":"zori-zip-sfrcondomfr-sm-month","source_url":"https://www.zillow.com/research/data/","source_label":"Zillow ZORI — ZIP-level typical observed market rent (all units, smoothed)","not_a_label":"median asking rent","attribution":"Data Provided by Zillow Group","zori_missing":true,"zori_rent_usd":null,"zori_all_units":true},"geometry":{"type":"Polygon","coordinates":[[[-73.96305800023931,40.810947000053204],[-73.96347699964066,40.8103730001425],[-73.96442400001992,40.81075499985632],[-73.96401899996397,40.811331000139965],[-73.96305800023931,40.810947000053204]]]}},{"type":"Feature","properties":{"market_area_id":"zcta:10119","zcta":"10119","zip":"10119","geography_type":"zcta","name":"10119","vintage":"2020","period_start":null,"period_end":null,"current_month":"2026-06-30","measure_basis":"index","gross_or_net":"unknown","statistic":"typical_observed_rent_35_65_percentile_smoothed","unit_scope":"all_units","bedroom_count":null,"source_id":"zori","source_artifact_id":"zori-zip-sfrcondomfr-sm-month","source_url":"https://www.zillow.com/research/data/","source_label":"Zillow ZORI — ZIP-level typical observed market rent (all units, smoothed)","not_a_label":"median asking rent","attribution":"Data Provided by Zillow Group","zori_missing":true,"zori_rent_usd":null,"zori_all_units":true},"geometry":{"type":"Polygon","coordinates":[[[-73.9948439999307,40.750292999982165],[-73.9934639999064,40.752189999802354],[-73.99062299966694,40.75099199983997],[-73.9920060000643,40.749101000201954],[-73.9948439999307,40.750292999982165]]]}},{"type":"Feature","properties":{"market_area_id":"zcta:10128","zcta":"10128","zip":"10128","geography_type":"zcta","name":"10128","vintage":"2020","period_start":"2026-06-01","period_end":"2026-06-30","current_month":"2026-06-30","measure_basis":"index","gross_or_net":"unknown","statistic":"typical_observed_rent_35_65_percentile_smoothed","unit_scope":"all_units","bedroom_count":null,"source_id":"zori","source_artifact_id":"zori-zip-sfrcondomfr-sm-month","source_url":"https://www.zillow.com/research/data/","source_label":"Zillow ZORI — ZIP-level typical observed market rent (all units, smoothed)","not_a_label":"median asking rent","attribution":"Data Provided by Zillow Group","zori_missing":false,"zori_rent_usd":4329.05,"zori_all_units":true},"geometry":{"type":"Polygon","coordinates":[[[-73.95992099972385,40.78221299975774],[-73.95577800017622,40.787914000192096],[-73.95255100014738,40.78654899966695],[-73.95228300035878,40.786914000019266],[-73.95103899987859,40.7863860002797],[-73.95130800039041,40.78602600030724],[-73.9509269997256,40.785865999844276],[-73.950658999937,40.78623199970658],[-73.94955500009722,40.78575299985463],[-73.94931499989771,40.786081000334846],[-73.94422300032097,40.78393299989951],[-73.94472299991318,40.78324700005451],[-73.94360400000481,40.78264999980522],[-73.94383499998347,40.78135499980964],[-73.94360999985257,40.780299000251375],[-73.9432459998045,40.77938100028224],[-73.9428380002738,40.77963199976008],[-73.94238899983692,40.779082999752],[-73.9428309997028,40.77860200013441],[-73.94223499985115,40.777566999666014],[-73.94193699992532,40.77603099986702],[-73.94453100029257,40.773092999894295],[-73.94572800001876,40.773621999890025],[-73.94427799967426,40.77560799976942],[-73.94473200013401,40.77551799998015],[-73.94686199999578,40.77628299974498],[-73.94662799964404,40.77660400018115],[-73.95124800011597,40.77855099984627],[-73.9517429996853,40.77787499982401],[-73.95229599987925,40.77810900024393],[-73.95202399989269,40.77846299987061],[-73.95375799991932,40.779129999855975],[-73.95349199978052,40.77949600010648],[-73.9545389997189,40.77920600031551],[-73.95435700014401,40.779453000018066],[-73.95521199956346,40.77981400018124],[-73.95509299973777,40.78017199995812],[-73.95558499983237,40.779496000106484],[-73.95720199968312,40.78017900013594],[-73.95670799993871,40.78085599975694],[-73.95735599966892,40.781128000018704],[-73.95757699960187,40.780808000275336],[-73.95855099974528,40.7812169997775],[-73.95832099959152,40.78153399986788],[-73.95992099972385,40.78221299975774]]]}},{"type":"Feature","properties":{"market_area_id":"zcta:10152","zcta":"10152","zip":"10152","geography_type":"zcta","name":"10152","vintage":"2020","period_start":null,"period_end":null,"current_month":"2026-06-30","measure_basis":"index","gross_or_net":"unknown","statistic":"typical_observed_rent_35_65_percentile_smoothed","unit_scope":"all_units","bedroom_count":null,"source_id":"zori","source_artifact_id":"zori-zip-sfrcondomfr-sm-month","source_url":"https://www.zillow.com/research/data/","source_label":"Zillow ZORI — ZIP-level typical observed market rent (all units, smoothed)","not_a_label":"median asking rent","attribution":"Data Provided by Zillow Group","zori_missing":true,"zori_rent_usd":null,"zori_all_units":true},"geometry":{"type":"Polygon","coordinates":[[[-73.97099299970532,40.75837299981706],[-73.97145100036305,40.75774900022558],[-73.9730680002138,40.75843199994642],[-73.97261299992913,40.75905899998888],[-73.97099299970532,40.75837299981706]]]}},{"type":"Feature","properties":{"market_area_id":"zcta:10153","zcta":"10153","zip":"10153","geography_type":"zcta","name":"10153","vintage":"2020","period_start":null,"period_end":null,"current_month":"2026-06-30","measure_basis":"index","gross_or_net":"unknown","statistic":"typical_observed_rent_35_65_percentile_smoothed","unit_scope":"all_units","bedroom_count":null,"source_id":"zori","source_artifact_id":"zori-zip-sfrcondomfr-sm-month","source_url":"https://www.zillow.com/research/data/","source_label":"Zillow ZORI — ZIP-level typical observed market rent (all units, smoothed)","not_a_label":"median asking rent","attribution":"Data Provided by Zillow Group","zori_missing":true,"zori_rent_usd":null,"zori_all_units":true},"geometry":{"type":"Polygon","coordinates":[[[-73.97141100018007,40.7635879999061],[-73.97186899993947,40.76296400028094],[-73.97346499987384,40.763659000251124],[-73.97301499961203,40.76427900016567],[-73.97141100018007,40.7635879999061]]]}},{"type":"Feature","properties":{"market_area_id":"zcta:10154","zcta":"10154","zip":"10154","geography_type":"zcta","name":"10154","vintage":"2020","period_start":null,"period_end":null,"current_month":"2026-06-30","measure_basis":"index","gross_or_net":"unknown","statistic":"typical_observed_rent_35_65_percentile_smoothed","unit_scope":"all_units","bedroom_count":null,"source_id":"zori","source_artifact_id":"zori-zip-sfrcondomfr-sm-month","source_url":"https://www.zillow.com/research/data/","source_label":"Zillow ZORI — ZIP-level typical observed market rent (all units, smoothed)","not_a_label":"median asking rent","attribution":"Data Provided by Zillow Group","zori_missing":true,"zori_rent_usd":null,"zori_all_units":true},"geometry":{"type":"Polygon","coordinates":[[[-73.97145100036305,40.75774900022558],[-73.97190699957429,40.75712500022041],[-73.97352400032338,40.757808000228316],[-73.9730680002138,40.75843199994642],[-73.97145100036305,40.75774900022558]]]}},{"type":"Feature","properties":{"market_area_id":"zcta:10162","zcta":"10162","zip":"10162","geography_type":"zcta","name":"10162","vintage":"2020","period_start":null,"period_end":null,"current_month":"2026-06-30","measure_basis":"index","gross_or_net":"unknown","statistic":"typical_observed_rent_35_65_percentile_smoothed","unit_scope":"all_units","bedroom_count":null,"source_id":"zori","source_artifact_id":"zori-zip-sfrcondomfr-sm-month","source_url":"https://www.zillow.com/research/data/","source_label":"Zillow ZORI — ZIP-level typical observed market rent (all units, smoothed)","not_a_label":"median asking rent","attribution":"Data Provided by Zillow Group","zori_missing":true,"zori_rent_usd":null,"zori_all_units":true},"geometry":{"type":"Polygon","coordinates":[[[-73.94993599986373,40.769468999993855],[-73.94945399981488,40.77008499981209],[-73.94797300040655,40.76951199974141],[-73.94904200008622,40.76826300031414],[-73.95185800021133,40.76944100020661],[-73.9513979999038,40.77007300021031],[-73.94993599986373,40.769468999993855]]]}},{"type":"Feature","properties":{"market_area_id":"zcta:10165","zcta":"10165","zip":"10165","geography_type":"zcta","name":"10165","vintage":"2020","period_start":null,"period_end":null,"current_month":"2026-06-30","measure_basis":"index","gross_or_net":"unknown","statistic":"typical_observed_rent_35_65_percentile_smoothed","unit_scope":"all_units","bedroom_count":null,"source_id":"zori","source_artifact_id":"zori-zip-sfrcondomfr-sm-month","source_url":"https://www.zillow.com/research/data/","source_label":"Zillow ZORI — ZIP-level typical observed market rent (all units, smoothed)","not_a_label":"median asking rent","attribution":"Data Provided by Zillow Group","zori_missing":true,"zori_rent_usd":null,"zori_all_units":true},"geometry":{"type":"Polygon","coordinates":[[[-73.97928700009484,40.75280100019598],[-73.97767699991677,40.75211900013651],[-73.97815899996561,40.75146000001307],[-73.97976800031877,40.75214099967686],[-73.97928700009484,40.75280100019598]]]}},{"type":"Feature","properties":{"market_area_id":"zcta:10167","zcta":"10167","zip":"10167","geography_type":"zcta","name":"10167","vintage":"2020","period_start":null,"period_end":null,"current_month":"2026-06-30","measure_basis":"index","gross_or_net":"unknown","statistic":"typical_observed_rent_35_65_percentile_smoothed","unit_scope":"all_units","bedroom_count":null,"source_id":"zori","source_artifact_id":"zori-zip-sfrcondomfr-sm-month","source_url":"https://www.zillow.com/research/data/","source_label":"Zillow ZORI — ZIP-level typical observed market rent (all units, smoothed)","not_a_label":"median asking rent","attribution":"Data Provided by Zillow Group","zori_missing":true,"zori_rent_usd":null,"zori_all_units":true},"geometry":{"type":"Polygon","coordinates":[[[-73.97373500021057,40.75461899974331],[-73.97418999959693,40.753993999978114],[-73.97580700034602,40.75467799980198],[-73.97535200006135,40.755302999941875],[-73.97373500021057,40.75461899974331]]]}},{"type":"Feature","properties":{"market_area_id":"zcta:10168","zcta":"10168","zip":"10168","geography_type":"zcta","name":"10168","vintage":"2020","period_start":null,"period_end":null,"current_month":"2026-06-30","measure_basis":"index","gross_or_net":"unknown","statistic":"typical_observed_rent_35_65_percentile_smoothed","unit_scope":"all_units","bedroom_count":null,"source_id":"zori","source_artifact_id":"zori-zip-sfrcondomfr-sm-month","source_url":"https://www.zillow.com/research/data/","source_label":"Zillow ZORI — ZIP-level typical observed market rent (all units, smoothed)","not_a_label":"median asking rent","attribution":"Data Provided by Zillow Group","zori_missing":true,"zori_rent_usd":null,"zori_all_units":true},"geometry":{"type":"Polygon","coordinates":[[[-73.97767699991677,40.75211900013651],[-73.97604800037044,40.75144099996841],[-73.97653500044215,40.750775000058184],[-73.97815899996561,40.75146000001307],[-73.97767699991677,40.75211900013651]]]}},{"type":"Feature","properties":{"market_area_id":"zcta:10169","zcta":"10169","zip":"10169","geography_type":"zcta","name":"10169","vintage":"2020","period_start":null,"period_end":null,"current_month":"2026-06-30","measure_basis":"index","gross_or_net":"unknown","statistic":"typical_observed_rent_35_65_percentile_smoothed","unit_scope":"all_units","bedroom_count":null,"source_id":"zori","source_artifact_id":"zori-zip-sfrcondomfr-sm-month","source_url":"https://www.zillow.com/research/data/","source_label":"Zillow ZORI — ZIP-level typical observed market rent (all units, smoothed)","not_a_label":"median asking rent","attribution":"Data Provided by Zillow Group","zori_missing":true,"zori_rent_usd":null,"zori_all_units":true},"geometry":{"type":"Polygon","coordinates":[[[-73.97580700034602,40.75467799980198],[-73.97627799962588,40.75405499987316],[-73.97697399993497,40.754348999787105],[-73.97651600017558,40.75497400029793],[-73.97580700034602,40.75467799980198]]]}},{"type":"Feature","properties":{"market_area_id":"zcta:10170","zcta":"10170","zip":"10170","geography_type":"zcta","name":"10170","vintage":"2020","period_start":null,"period_end":null,"current_month":"2026-06-30","measure_basis":"index","gross_or_net":"unknown","statistic":"typical_observed_rent_35_65_percentile_smoothed","unit_scope":"all_units","bedroom_count":null,"source_id":"zori","source_artifact_id":"zori-zip-sfrcondomfr-sm-month","source_url":"https://www.zillow.com/research/data/","source_label":"Zillow ZORI — ZIP-level typical observed market rent (all units, smoothed)","not_a_label":"median asking rent","attribution":"Data Provided by Zillow Group","zori_missing":true,"zori_rent_usd":null,"zori_all_units":true},"geometry":{"type":"Polygon","coordinates":[[[-73.9757019998657,40.753810999957274],[-73.97464800025465,40.75336699979872],[-73.97604800037044,40.75144099996841],[-73.97710700000437,40.75188300003131],[-73.9757019998657,40.753810999957274]]]}},{"type":"Feature","properties":{"market_area_id":"zcta:10171","zcta":"10171","zip":"10171","geography_type":"zcta","name":"10171","vintage":"2020","period_start":null,"period_end":null,"current_month":"2026-06-30","measure_basis":"index","gross_or_net":"unknown","statistic":"typical_observed_rent_35_65_percentile_smoothed","unit_scope":"all_units","bedroom_count":null,"source_id":"zori","source_artifact_id":"zori-zip-sfrcondomfr-sm-month","source_url":"https://www.zillow.com/research/data/","source_label":"Zillow ZORI — ZIP-level typical observed market rent (all units, smoothed)","not_a_label":"median asking rent","attribution":"Data Provided by Zillow Group","zori_missing":true,"zori_rent_usd":null,"zori_all_units":true},"geometry":{"type":"Polygon","coordinates":[[[-73.97281999961837,40.75587000031416],[-73.97327599972797,40.755243000134385],[-73.97489699977666,40.75592800033048],[-73.97443900001727,40.75655599977737],[-73.97281999961837,40.75587000031416]]]}},{"type":"Feature","properties":{"market_area_id":"zcta:10172","zcta":"10172","zip":"10172","geography_type":"zcta","name":"10172","vintage":"2020","period_start":null,"period_end":null,"current_month":"2026-06-30","measure_basis":"index","gross_or_net":"unknown","statistic":"typical_observed_rent_35_65_percentile_smoothed","unit_scope":"all_units","bedroom_count":null,"source_id":"zori","source_artifact_id":"zori-zip-sfrcondomfr-sm-month","source_url":"https://www.zillow.com/research/data/","source_label":"Zillow ZORI — ZIP-level typical observed market rent (all units, smoothed)","not_a_label":"median asking rent","attribution":"Data Provided by Zillow Group","zori_missing":true,"zori_rent_usd":null,"zori_all_units":true},"geometry":{"type":"Polygon","coordinates":[[[-73.97327599972797,40.755243000134385],[-73.97373500021057,40.75461899974331],[-73.97535200006135,40.755302999941875],[-73.97489699977666,40.75592800033048],[-73.97327599972797,40.755243000134385]]]}},{"type":"Feature","properties":{"market_area_id":"zcta:10173","zcta":"10173","zip":"10173","geography_type":"zcta","name":"10173","vintage":"2020","period_start":null,"period_end":null,"current_month":"2026-06-30","measure_basis":"index","gross_or_net":"unknown","statistic":"typical_observed_rent_35_65_percentile_smoothed","unit_scope":"all_units","bedroom_count":null,"source_id":"zori","source_artifact_id":"zori-zip-sfrcondomfr-sm-month","source_url":"https://www.zillow.com/research/data/","source_label":"Zillow ZORI — ZIP-level typical observed market rent (all units, smoothed)","not_a_label":"median asking rent","attribution":"Data Provided by Zillow Group","zori_missing":true,"zori_rent_usd":null,"zori_all_units":true},"geometry":{"type":"Polygon","coordinates":[[[-73.97833200021797,40.754100000027556],[-73.97878300030467,40.75348100008555],[-73.98039500013257,40.75415499994809],[-73.97993700037318,40.754782999811454],[-73.97833200021797,40.754100000027556]]]}},{"type":"Feature","properties":{"market_area_id":"zcta:10174","zcta":"10174","zip":"10174","geography_type":"zcta","name":"10174","vintage":"2020","period_start":null,"period_end":null,"current_month":"2026-06-30","measure_basis":"index","gross_or_net":"unknown","statistic":"typical_observed_rent_35_65_percentile_smoothed","unit_scope":"all_units","bedroom_count":null,"source_id":"zori","source_artifact_id":"zori-zip-sfrcondomfr-sm-month","source_url":"https://www.zillow.com/research/data/","source_label":"Zillow ZORI — ZIP-level typical observed market rent (all units, smoothed)","not_a_label":"median asking rent","attribution":"Data Provided by Zillow Group","zori_missing":true,"zori_rent_usd":null,"zori_all_units":true},"geometry":{"type":"Polygon","coordinates":[[[-73.97395899961825,40.75144099996841],[-73.97444900006302,40.75076600012408],[-73.97604800037044,40.75144099996841],[-73.97555799992566,40.752115999765515],[-73.97395899961825,40.75144099996841]]]}},{"type":"Feature","properties":{"market_area_id":"zcta:10177","zcta":"10177","zip":"10177","geography_type":"zcta","name":"10177","vintage":"2020","period_start":null,"period_end":null,"current_month":"2026-06-30","measure_basis":"index","gross_or_net":"unknown","statistic":"typical_observed_rent_35_65_percentile_smoothed","unit_scope":"all_units","bedroom_count":null,"source_id":"zori","source_artifact_id":"zori-zip-sfrcondomfr-sm-month","source_url":"https://www.zillow.com/research/data/","source_label":"Zillow ZORI — ZIP-level typical observed market rent (all units, smoothed)","not_a_label":"median asking rent","attribution":"Data Provided by Zillow Group","zori_missing":true,"zori_rent_usd":null,"zori_all_units":true},"geometry":{"type":"Polygon","coordinates":[[[-73.97535200006135,40.755302999941875],[-73.97580700034602,40.75467799980198],[-73.97651600017558,40.75497400029793],[-73.9760590002411,40.75559999999467],[-73.97535200006135,40.755302999941875]]]}},{"type":"Feature","properties":{"market_area_id":"zcta:10199","zcta":"10199","zip":"10199","geography_type":"zcta","name":"10199","vintage":"2020","period_start":null,"period_end":null,"current_month":"2026-06-30","measure_basis":"index","gross_or_net":"unknown","statistic":"typical_observed_rent_35_65_percentile_smoothed","unit_scope":"all_units","bedroom_count":null,"source_id":"zori","source_artifact_id":"zori-zip-sfrcondomfr-sm-month","source_url":"https://www.zillow.com/research/data/","source_label":"Zillow ZORI — ZIP-level typical observed market rent (all units, smoothed)","not_a_label":"median asking rent","attribution":"Data Provided by Zillow Group","zori_missing":true,"zori_rent_usd":null,"zori_all_units":true},"geometry":{"type":"MultiPolygon","coordinates":[[[[-73.99678999966945,40.75272300015431],[-73.99394799960507,40.75152199987037],[-73.9948439999307,40.750292999982165],[-73.99768000014728,40.751438999927586],[-73.99678999966945,40.75272300015431]]],[[[-74.00097499994818,40.75205500013306],[-73.99812000036334,40.75090299974539],[-73.99859400001627,40.750241000044674],[-74.00143000023284,40.751445000049905],[-74.00097499994818,40.75205500013306]]]]}},{"type":"Feature","properties":{"market_area_id":"zcta:10271","zcta":"10271","zip":"10271","geography_type":"zcta","name":"10271","vintage":"2020","period_start":null,"period_end":null,"current_month":"2026-06-30","measure_basis":"index","gross_or_net":"unknown","statistic":"typical_observed_rent_35_65_percentile_smoothed","unit_scope":"all_units","bedroom_count":null,"source_id":"zori","source_artifact_id":"zori-zip-sfrcondomfr-sm-month","source_url":"https://www.zillow.com/research/data/","source_label":"Zillow ZORI — ZIP-level typical observed market rent (all units, smoothed)","not_a_label":"median asking rent","attribution":"Data Provided by Zillow Group","zori_missing":true,"zori_rent_usd":null,"zori_all_units":true},"geometry":{"type":"Polygon","coordinates":[[[-74.0108460000055,40.708797000163266],[-74.00982900020438,40.70811699971798],[-74.01020099975004,40.707693999908486],[-74.01124799968841,40.70830400010705],[-74.0108460000055,40.708797000163266]]]}},{"type":"Feature","properties":{"market_area_id":"zcta:10278","zcta":"10278","zip":"10278","geography_type":"zcta","name":"10278","vintage":"2020","period_start":null,"period_end":null,"current_month":"2026-06-30","measure_basis":"index","gross_or_net":"unknown","statistic":"typical_observed_rent_35_65_percentile_smoothed","unit_scope":"all_units","bedroom_count":null,"source_id":"zori","source_artifact_id":"zori-zip-sfrcondomfr-sm-month","source_url":"https://www.zillow.com/research/data/","source_label":"Zillow ZORI — ZIP-level typical observed market rent (all units, smoothed)","not_a_label":"median asking rent","attribution":"Data Provided by Zillow Group","zori_missing":true,"zori_rent_usd":null,"zori_all_units":true},"geometry":{"type":"Polygon","coordinates":[[[-74.00453300041313,40.71628000017853],[-74.00211499977299,40.71515899998548],[-74.00259799964674,40.71431299999192],[-74.00309399993928,40.71395800029858],[-74.00541999961962,40.71523600027696],[-74.00453300041313,40.71628000017853]]]}},{"type":"Feature","properties":{"market_area_id":"zcta:10279","zcta":"10279","zip":"10279","geography_type":"zcta","name":"10279","vintage":"2020","period_start":null,"period_end":null,"current_month":"2026-06-30","measure_basis":"index","gross_or_net":"unknown","statistic":"typical_observed_rent_35_65_percentile_smoothed","unit_scope":"all_units","bedroom_count":null,"source_id":"zori","source_artifact_id":"zori-zip-sfrcondomfr-sm-month","source_url":"https://www.zillow.com/research/data/","source_label":"Zillow ZORI — ZIP-level typical observed market rent (all units, smoothed)","not_a_label":"median asking rent","attribution":"Data Provided by Zillow Group","zori_missing":true,"zori_rent_usd":null,"zori_all_units":true},"geometry":{"type":"Polygon","coordinates":[[[-74.00766599983233,40.712533000338226],[-74.0081000002006,40.71199500001235],[-74.00966799964758,40.71272499985],[-74.0092540002691,40.71325599998964],[-74.00766599983233,40.712533000338226]]]}},{"type":"Feature","properties":{"market_area_id":"zcta:10280","zcta":"10280","zip":"10280","geography_type":"zcta","name":"10280","vintage":"2020","period_start":"2026-06-01","period_end":"2026-06-30","current_month":"2026-06-30","measure_basis":"index","gross_or_net":"unknown","statistic":"typical_observed_rent_35_65_percentile_smoothed","unit_scope":"all_units","bedroom_count":null,"source_id":"zori","source_artifact_id":"zori-zip-sfrcondomfr-sm-month","source_url":"https://www.zillow.com/research/data/","source_label":"Zillow ZORI — ZIP-level typical observed market rent (all units, smoothed)","not_a_label":"median asking rent","attribution":"Data Provided by Zillow Group","zori_missing":false,"zori_rent_usd":5239.5,"zori_all_units":true},"geometry":{"type":"Polygon","coordinates":[[[-74.01931699994702,40.70629200012434],[-74.01912000030353,40.70703300025315],[-74.01846699965215,40.70713199985279],[-74.0182099997342,40.7078240000844],[-74.0188719997081,40.70803099977788],[-74.01789400026503,40.71235600020204],[-74.01662999969334,40.712116999837086],[-74.01632599991973,40.71341099968969],[-74.01721100037474,40.713543999667465],[-74.01619799987321,40.7147670003399],[-74.01369999976544,40.71366799987325],[-74.0146970003734,40.70977899967745],[-74.01663700026435,40.70463300009407],[-74.01848699974362,40.704200999842385],[-74.01866900021683,40.70443900031192],[-74.01749699970667,40.704695999712214],[-74.01891299971597,40.704733999939506],[-74.01931699994702,40.70629200012434]],[[-74.0179710002579,40.70552400014828],[-74.01733900042125,40.70489499996307],[-74.01645599961607,40.707188000138935],[-74.01712000013812,40.70746200017919],[-74.01786900015065,40.70634900011267],[-74.0179710002579,40.70552400014828]]]}},{"type":"Feature","properties":{"market_area_id":"zcta:10282","zcta":"10282","zip":"10282","geography_type":"zcta","name":"10282","vintage":"2020","period_start":"2026-06-01","period_end":"2026-06-30","current_month":"2026-06-30","measure_basis":"index","gross_or_net":"unknown","statistic":"typical_observed_rent_35_65_percentile_smoothed","unit_scope":"all_units","bedroom_count":null,"source_id":"zori","source_artifact_id":"zori-zip-sfrcondomfr-sm-month","source_url":"https://www.zillow.com/research/data/","source_label":"Zillow ZORI — ZIP-level typical observed market rent (all units, smoothed)","not_a_label":"median asking rent","attribution":"Data Provided by Zillow Group","zori_missing":false,"zori_rent_usd":7916.78,"zori_all_units":true},"geometry":{"type":"Polygon","coordinates":[[[-74.01671000005929,40.71870199968829],[-74.01328700021188,40.718310999975806],[-74.01304600018746,40.71908600002465],[-74.01229200015203,40.71903899967515],[-74.01369999976544,40.71366799987325],[-74.01619799987321,40.7147670003399],[-74.01721100037474,40.713543999667465],[-74.01760600038492,40.713647999679964],[-74.01671000005929,40.71870199968829]]]}},{"type":"Feature","properties":{"market_area_id":"zcta:10301","zcta":"10301","zip":"10301","geography_type":"zcta","name":"10301","vintage":"2020","period_start":"2026-06-01","period_end":"2026-06-30","current_month":"2026-06-30","measure_basis":"index","gross_or_net":"unknown","statistic":"typical_observed_rent_35_65_percentile_smoothed","unit_scope":"all_units","bedroom_count":null,"source_id":"zori","source_artifact_id":"zori-zip-sfrcondomfr-sm-month","source_url":"https://www.zillow.com/research/data/","source_label":"Zillow ZORI — ZIP-level typical observed market rent (all units, smoothed)","not_a_label":"median asking rent","attribution":"Data Provided by Zillow Group","zori_missing":false,"zori_rent_usd":2810.75,"zori_all_units":true},"geometry":{"type":"Polygon","coordinates":[[[-74.11857200031814,40.62254400019908],[-74.11840599973847,40.62376099971695],[-74.11712699999651,40.62453299971649],[-74.11330900013888,40.62304199967802],[-74.1100150001629,40.62068799991666],[-74.10601599965699,40.62213799966449],[-74.10445300023291,40.622913000070795],[-74.10425599969109,40.62368200030361],[-74.10351699972429,40.623757000145915],[-74.10435799979834,40.62821500001514],[-74.10482899997655,40.62815800002019],[-74.105213999941,40.630258000292415],[-74.10576799995987,40.63056899970117],[-74.10598399986993,40.63202200001671],[-74.10547500005691,40.632083999985504],[-74.10591100007501,40.63444400006847],[-74.1054809999047,40.63450100015148],[-74.10552299973749,40.63470100009371],[-74.10252599986242,40.634663000157616],[-74.10313299958474,40.63735300026132],[-74.10446599975337,40.63718199967233],[-74.10480999970997,40.63897700002719],[-74.10542200035346,40.638899000215446],[-74.10654700010964,40.64424199984878],[-74.1050459997115,40.64452199991447],[-74.10465200042452,40.64529999997247],[-74.1047829999458,40.645981999872205],[-74.10276100003905,40.646058999686915],[-74.10002199990686,40.64541499986444],[-74.09894900002921,40.6454340001831],[-74.09888600028002,40.64582399968217],[-74.09381300007156,40.64608200010118],[-74.09271599990448,40.64667700023977],[-74.08959900037881,40.64757099985901],[-74.08843699991439,40.648229000191975],[-74.08627799974033,40.64888999974299],[-74.08433600019956,40.64907700004562],[-74.0839579999078,40.64862299984225],[-74.07983600027654,40.6483970001509],[-74.07734400001654,40.64742499993734],[-74.07435999966195,40.64509999974771],[-74.07370799973378,40.64512999988781],[-74.0724759998475,40.644518000223606],[-74.07151400029792,40.64354700002585],[-74.07149400020644,40.64283799983156],[-74.07218100029469,40.642693999680525],[-74.07213699991377,40.642437999705166],[-74.07041200010798,40.64267499994508],[-74.07321900001226,40.642181000153506],[-74.07314399966917,40.64183099971112],[-74.07025599957404,40.642213000156914],[-74.07021899976414,40.642024999746795],[-74.0730750000722,40.64163099999765],[-74.07288099990346,40.64093800020607],[-74.07003100034147,40.641275000251895],[-74.07000000037932,40.64108799990053],[-74.07293699997993,40.640805999787084],[-74.07311199988213,40.63858800006866],[-74.07239399983172,40.6381750001483],[-74.07374000041915,40.63786099996971],[-74.07363599976375,40.636422999904084],[-74.07584799964128,40.63593499982643],[-74.07516999977386,40.63416600015016],[-74.07534800004908,40.63313200031474],[-74.07595899996936,40.63196999973452],[-74.07743199988009,40.63239499975249],[-74.07713200030443,40.633241000168915],[-74.07821299967968,40.63351500017994],[-74.07865399972064,40.63275699972608],[-74.0790880000889,40.63288600008985],[-74.07936500009833,40.63222500020623],[-74.08140700009655,40.630301000005396],[-74.08201499964377,40.63089199986646],[-74.08135299966987,40.631281999792755],[-74.08129900014153,40.6316770000621],[-74.08044700019683,40.63198700025073],[-74.08028999983797,40.632599999692296],[-74.08247699960114,40.63346000011367],[-74.08045499969442,40.63549699977565],[-74.08072500003117,40.63571399971018],[-74.08176000027397,40.63494500031636],[-74.08213699984252,40.63516199999985],[-74.0826210004395,40.634781000175586],[-74.08210900025342,40.63446899985971],[-74.08241600040009,40.63417400009038],[-74.08381999981552,40.63517899970337],[-74.08440300014671,40.63497799976392],[-74.08543300036663,40.63384400022515],[-74.08574899983583,40.633954999760725],[-74.08807700006429,40.631080999711415],[-74.08636200030423,40.63003000017834],[-74.0869439999122,40.62937400004121],[-74.0862950003571,40.62885799994906],[-74.08636599960387,40.628633000309485],[-74.08771700021418,40.628787999809084],[-74.08820900030877,40.62742700017402],[-74.0877049996203,40.62730699975279],[-74.0876760002063,40.62675699977876],[-74.08647899958179,40.62677000018621],[-74.08500700039428,40.62588600012488],[-74.08618599967882,40.6258660001763],[-74.08637300017489,40.62478200000525],[-74.08779800040503,40.62489699978964],[-74.08767399965815,40.623925000332605],[-74.08706600011094,40.62395199975095],[-74.08703699979861,40.62296300009613],[-74.08767299983326,40.62298999990333],[-74.08786899965182,40.622276999918746],[-74.0873249996787,40.62184499980961],[-74.08669399966693,40.62180500021378],[-74.0867470002687,40.62132100006904],[-74.08714499975363,40.62135799982775],[-74.08726100010459,40.620868000237486],[-74.08802799966048,40.620243000128966],[-74.08751700019764,40.61906399989778],[-74.08815200040736,40.617005000283264],[-74.08980199987009,40.61680800017912],[-74.09046899986687,40.61699000003271],[-74.0903509998661,40.617209999733355],[-74.09120600018385,40.61782400012376],[-74.09253400032961,40.618141000017786],[-74.09247499988005,40.61491700024591],[-74.09113099984076,40.61438699983483],[-74.09069800019573,40.61381800008817],[-74.09151599980524,40.61241600007205],[-74.09192300040932,40.612303999792125],[-74.09098299970276,40.61206599976749],[-74.09150499993457,40.611545000267455],[-74.09299399973882,40.61144200024533],[-74.09468599993266,40.61218100030361],[-74.09398799997375,40.61239600018199],[-74.09352500019148,40.612916999866044],[-74.09629699993565,40.61403599992854],[-74.09644300042383,40.61562000022418],[-74.09714700023052,40.61528500029188],[-74.09810999960499,40.61279100031224],[-74.09935099971213,40.61241899991862],[-74.09733999967605,40.6100809997355],[-74.09683900025895,40.610004000026606],[-74.09736700033854,40.60950900016926],[-74.0973699998133,40.60905099981018],[-74.09536200015026,40.60953099977098],[-74.09494000037587,40.609305999813714],[-74.09626400032369,40.608873999708955],[-74.09602599977399,40.608533999790616],[-74.09670500036465,40.60824800013654],[-74.09632399969982,40.60745300009311],[-74.09694999968872,40.60701999980143],[-74.0975110002786,40.60583700018961],[-74.09694300001601,40.605397000190386],[-74.09711600026839,40.60505899997832],[-74.09656899992224,40.60460800004593],[-74.09691500042695,40.60438799977301],[-74.09821400026037,40.6039519998579],[-74.09987999961662,40.60449200027749],[-74.10115500005895,40.60423000004793],[-74.10141299980181,40.60292599972701],[-74.10359999956496,40.60200700013154],[-74.10776200027752,40.601268000103296],[-74.10943699985458,40.6012610002024],[-74.10933599957224,40.60089299999602],[-74.11302299990862,40.60013499968495],[-74.11487099973806,40.602136999740964],[-74.1141960002437,40.60243500012656],[-74.11434000018373,40.60319000001316],[-74.11366399996614,40.60453799972759],[-74.11282899973986,40.605369000265966],[-74.11168700026528,40.60566399973253],[-74.11119299962253,40.60623699996923],[-74.11100699984968,40.60782699975173],[-74.11031800011159,40.60858100032972],[-74.10905500026315,40.608732999974826],[-74.10809700001326,40.60942899982055],[-74.10543400004903,40.60982699972173],[-74.10534899966024,40.61021499970811],[-74.10539999971384,40.61041299990872],[-74.10996199956114,40.61039199966733],[-74.11296099998435,40.61116999985397],[-74.11312300036606,40.612650999695894],[-74.1129090001058,40.61270099990101],[-74.11337500026112,40.61380499988755],[-74.11414600001498,40.61374200029565],[-74.11470400023181,40.61807500014877],[-74.11793499956029,40.61784500007507],[-74.1196689995869,40.62174500009323],[-74.11857200031814,40.62254400019908]]]}},{"type":"Feature","properties":{"market_area_id":"zcta:10302","zcta":"10302","zip":"10302","geography_type":"zcta","name":"10302","vintage":"2020","period_start":null,"period_end":null,"current_month":"2026-06-30","measure_basis":"index","gross_or_net":"unknown","statistic":"typical_observed_rent_35_65_percentile_smoothed","unit_scope":"all_units","bedroom_count":null,"source_id":"zori","source_artifact_id":"zori-zip-sfrcondomfr-sm-month","source_url":"https://www.zillow.com/research/data/","source_label":"Zillow ZORI — ZIP-level typical observed market rent (all units, smoothed)","not_a_label":"median asking rent","attribution":"Data Provided by Zillow Group","zori_missing":true,"zori_rent_usd":null,"zori_all_units":true},"geometry":{"type":"Polygon","coordinates":[[[-74.14822700032286,40.621502000315346],[-74.14648700044845,40.62399099987636],[-74.14550900010707,40.627079999974015],[-74.14561100021433,40.63226599980353],[-74.14480100010239,40.63558099981201],[-74.14563100030578,40.63524599977591],[-74.14436300043448,40.63595899969012],[-74.14308600034234,40.63978399978277],[-74.14257300033135,40.639526000240146],[-74.14231200021544,40.63965699978637],[-74.14232800010898,40.6403079998534],[-74.14151399979912,40.64040199981597],[-74.14148899968475,40.640068000102595],[-74.14119099975892,40.64011000032578],[-74.14122599991902,40.64044999973133],[-74.13763999986497,40.640965000244144],[-74.13767900022305,40.64156500016513],[-74.13441399966106,40.642090999806065],[-74.13271399996962,40.64155299987874],[-74.13244199998306,40.64183400028167],[-74.13128200006676,40.641681000323004],[-74.13081900028449,40.64120000031603],[-74.12984599996598,40.64148899990541],[-74.12857800009466,40.6412849999643],[-74.12786000004427,40.640717000291964],[-74.12781499983844,40.63991000022738],[-74.1269620000688,40.64018100017227],[-74.12688800044897,40.63720999989845],[-74.12784699962549,40.637276999977836],[-74.12844300037547,40.63367300019257],[-74.12944599993291,40.63365999976558],[-74.1301659996331,40.63237099997107],[-74.12970899969862,40.632294000046144],[-74.13016099961025,40.630923999827345],[-74.1296569998201,40.630531000140465],[-74.12913100028864,40.628952999826836],[-74.12918800019004,40.62865499975017],[-74.1299609995937,40.628890000202865],[-74.13044000016782,40.62677000018621],[-74.13113599957859,40.62689899984385],[-74.13141299958802,40.62601999976206],[-74.13101299955495,40.62592899992582],[-74.131496000327,40.62535300019882],[-74.1310369998444,40.6253470003034],[-74.13118199960935,40.62478999970618],[-74.131496000327,40.624554000286004],[-74.13154499983251,40.623789000116666],[-74.13203899957692,40.623754000126596],[-74.13205799984351,40.62338699992485],[-74.13061000004714,40.623494999766315],[-74.13055300014572,40.623095999899526],[-74.13140000006756,40.62297700012377],[-74.13126000032547,40.62201999980538],[-74.13190700023075,40.62165399988708],[-74.13180400029859,40.62102100016293],[-74.1339869998638,40.62116300015009],[-74.13385799999237,40.622059999954324],[-74.13639399973498,40.62346699992518],[-74.13643999976573,40.62312500013935],[-74.13689300040058,40.623086999752005],[-74.13704099964028,40.62196700033821],[-74.1375079996205,40.62201400029235],[-74.13756100022226,40.621632999769496],[-74.13932600021104,40.62186700012258],[-74.13942199957219,40.62127800002884],[-74.14167899965555,40.621627000221714],[-74.14190799998441,40.61986699982885],[-74.14135300014063,40.61977399988695],[-74.14142699976047,40.61886600010334],[-74.1416469998685,40.618114000296245],[-74.14215099965865,40.6181879999364],[-74.14233700032979,40.61660799983567],[-74.14690099982691,40.6170509999851],[-74.14658600018265,40.61868500021512],[-74.14553699969615,40.618670999969765],[-74.14526499970958,40.61906399989778],[-74.14479299970648,40.619047000182945],[-74.14467999972858,40.61989699971649],[-74.14513699966307,40.619903999711056],[-74.14508800015757,40.62027999980296],[-74.14690400019998,40.62031700013829],[-74.14750199970146,40.620643000272054],[-74.14721800001934,40.62093200020433],[-74.14822700032286,40.621502000315346]]]}},{"type":"Feature","properties":{"market_area_id":"zcta:10303","zcta":"10303","zip":"10303","geography_type":"zcta","name":"10303","vintage":"2020","period_start":null,"period_end":null,"current_month":"2026-06-30","measure_basis":"index","gross_or_net":"unknown","statistic":"typical_observed_rent_35_65_percentile_smoothed","unit_scope":"all_units","bedroom_count":null,"source_id":"zori","source_artifact_id":"zori-zip-sfrcondomfr-sm-month","source_url":"https://www.zillow.com/research/data/","source_label":"Zillow ZORI — ZIP-level typical observed market rent (all units, smoothed)","not_a_label":"median asking rent","attribution":"Data Provided by Zillow Group","zori_missing":true,"zori_rent_usd":null,"zori_all_units":true},"geometry":{"type":"Polygon","coordinates":[[[-74.1958920000654,40.635248999960744],[-74.19313200001679,40.639192000233734],[-74.19036600012042,40.640514000019195],[-74.1902249996551,40.64103699983774],[-74.18910200044706,40.64218599994207],[-74.18713900009158,40.64054000024643],[-74.18684799983842,40.640980999857575],[-74.18771499985175,40.642635999825366],[-74.18626899970519,40.64334300023983],[-74.18507700000187,40.64441499992334],[-74.18383400024493,40.64351100022922],[-74.18373499961243,40.64468699990215],[-74.18071699982094,40.644721999826395],[-74.1806149997137,40.64528400003108],[-74.17979100025642,40.645461999674296],[-74.17871900020367,40.644995999748446],[-74.17887400001437,40.64309299969195],[-74.17802399971949,40.64280600012781],[-74.17672400006114,40.64377299978254],[-74.17576300033649,40.64354300027664],[-74.17545199999186,40.64511599973322],[-74.17380900020183,40.64502799976548],[-74.17242800035261,40.64414400012767],[-74.17209199989364,40.643218000082975],[-74.17107400026758,40.64307500001444],[-74.17118499969736,40.6418419999847],[-74.17046099979918,40.64137999988411],[-74.16979100032766,40.642248999972054],[-74.1689130004437,40.64207199989897],[-74.16782499959912,40.64127400028053],[-74.16742299991623,40.64199500025599],[-74.16564899970662,40.64140799971275],[-74.16557300043696,40.64243399988946],[-74.16471399992125,40.64227500020513],[-74.16451800010265,40.641479000223555],[-74.16367899967842,40.64119099988183],[-74.16273399984732,40.64142799977785],[-74.16091799980491,40.640368000337894],[-74.16132899970866,40.63890200023611],[-74.16047099991617,40.638809000214536],[-74.16019200025691,40.640210999796686],[-74.15670499993708,40.639801999666055],[-74.15609599966662,40.63917000017465],[-74.15450099955717,40.6391960002437],[-74.15432999985295,40.63744700029487],[-74.1523339998855,40.637710999840735],[-74.15273200026876,40.63883799976608],[-74.15107299968689,40.63895199987896],[-74.1499689998471,40.63757199967029],[-74.1494120003535,40.63755799997549],[-74.14953799985187,40.638186999678624],[-74.1488209996264,40.63890400024984],[-74.14485999965363,40.63939799975351],[-74.14377699973025,40.63875499974674],[-74.14308600034234,40.63978399978277],[-74.14436300043448,40.63595899969012],[-74.14563100030578,40.63524599977591],[-74.14480100010239,40.63558099981201],[-74.14561100021433,40.63226599980353],[-74.14573500006287,40.6300949996862],[-74.14547399994696,40.62740599982614],[-74.14614500014167,40.62493000011213],[-74.14876799992294,40.62510399999345],[-74.14950299969178,40.6229229998061],[-74.15154100039035,40.62120199985843],[-74.16240499995934,40.62197100001643],[-74.16238499986788,40.62238800027218],[-74.16257200036392,40.62167300015019],[-74.16406799984087,40.62192099993035],[-74.1649850000829,40.621619000141976],[-74.165344999933,40.620231999705965],[-74.16848200044846,40.62156199997229],[-74.16918700008009,40.62054699988337],[-74.1715250003543,40.62049500021188],[-74.17368100015531,40.61983300012175],[-74.17583000028364,40.618236999772876],[-74.1790310003732,40.61334599994228],[-74.18015600012939,40.609287999893525],[-74.18356200025836,40.610224999980346],[-74.18101200027205,40.61246400032929],[-74.17923999971227,40.61554199972229],[-74.17739000023299,40.620949000121335],[-74.17748300011941,40.62275499982648],[-74.1785519997991,40.624661000065785],[-74.17766999971717,40.62506600005023],[-74.17884499970206,40.62610599984549],[-74.18642000021624,40.63029399973694],[-74.18824200010643,40.62921300030828],[-74.18871699958427,40.62971800016018],[-74.18893400021756,40.63063000020668],[-74.18945999974902,40.63082699977093],[-74.19087300028363,40.628960000235864],[-74.1917379997488,40.62864699983043],[-74.19204099969748,40.62892699985938],[-74.19210599999482,40.63057999978526],[-74.19240200027083,40.631058000263856],[-74.19474399984468,40.6310630002037],[-74.19543599995582,40.631503999698424],[-74.19483099988332,40.632101999899774],[-74.19231400040728,40.63324900022002],[-74.1958920000654,40.635248999960744]]]}},{"type":"Feature","properties":{"market_area_id":"zcta:10304","zcta":"10304","zip":"10304","geography_type":"zcta","name":"10304","vintage":"2020","period_start":"2026-06-01","period_end":"2026-06-30","current_month":"2026-06-30","measure_basis":"index","gross_or_net":"unknown","statistic":"typical_observed_rent_35_65_percentile_smoothed","unit_scope":"all_units","bedroom_count":null,"source_id":"zori","source_artifact_id":"zori-zip-sfrcondomfr-sm-month","source_url":"https://www.zillow.com/research/data/","source_label":"Zillow ZORI — ZIP-level typical observed market rent (all units, smoothed)","not_a_label":"median asking rent","attribution":"Data Provided by Zillow Group","zori_missing":false,"zori_rent_usd":2622.26,"zori_all_units":true},"geometry":{"type":"Polygon","coordinates":[[[-74.12311200042414,40.58510400033899],[-74.12017400010029,40.58821599988129],[-74.12055800023985,40.58850500021203],[-74.11647699971819,40.594595000128095],[-74.11592500024744,40.595818999673625],[-74.11473299964581,40.59660400005047],[-74.11325100041259,40.59610300005899],[-74.11130999979841,40.59705700000475],[-74.11130200030077,40.59820800025137],[-74.11302299990862,40.60013499968495],[-74.10933599957224,40.60089299999602],[-74.10943699985458,40.6012610002024],[-74.10776200027752,40.601268000103296],[-74.10359999956496,40.60200700013154],[-74.10141299980181,40.60292599972701],[-74.10115500005895,40.60423000004793],[-74.09987999961662,40.60449200027749],[-74.09821400026037,40.6039519998579],[-74.09656899992224,40.60460800004593],[-74.09711600026839,40.60505899997832],[-74.09694300001601,40.605397000190386],[-74.0975110002786,40.60583700018961],[-74.09694999968872,40.60701999980143],[-74.09632399969982,40.60745300009311],[-74.09672600028105,40.60819400018848],[-74.09602599977399,40.608533999790616],[-74.09626400032369,40.608873999708955],[-74.09494000037587,40.609305999813714],[-74.09536200015026,40.60953099977098],[-74.0973699998133,40.60905099981018],[-74.09736700033854,40.60950900016926],[-74.09683900025895,40.610004000026606],[-74.09733999967605,40.6100809997355],[-74.09935099971213,40.61241899991862],[-74.09810999960499,40.61279100031224],[-74.09714700023052,40.61528500029188],[-74.09644300042383,40.61562000022418],[-74.09629699993565,40.61403599992854],[-74.09352500019148,40.612916999866044],[-74.09398799997375,40.61239600018199],[-74.09468599993266,40.61218100030361],[-74.09299399973882,40.61144200024533],[-74.09150499993457,40.611545000267455],[-74.09098299970276,40.61206599976749],[-74.09192300040932,40.612303999792125],[-74.09151599980524,40.61241600007205],[-74.09069800019573,40.61381800008817],[-74.09113099984076,40.61438699983483],[-74.09247499988005,40.61491700024591],[-74.09253400032961,40.618141000017786],[-74.09120600018385,40.61782400012376],[-74.0903509998661,40.617209999733355],[-74.09046899986687,40.61699000003271],[-74.08980199987009,40.61680800017912],[-74.08815200040736,40.617005000283264],[-74.08751700019764,40.61906399989778],[-74.08802799966048,40.620243000128966],[-74.08726100010459,40.620868000237486],[-74.08714499975363,40.62135799982775],[-74.0867470002687,40.62132100006904],[-74.08669399966693,40.62180500021378],[-74.0873249996787,40.62184499980961],[-74.08786899965182,40.622276999918746],[-74.08767299983326,40.62298999990333],[-74.08703699979861,40.62296300009613],[-74.08706600011094,40.62395199975095],[-74.08767399965815,40.623925000332605],[-74.08779800040503,40.62489699978964],[-74.08637300017489,40.62478200000525],[-74.08618599967882,40.6258660001763],[-74.08500700039428,40.62588600012488],[-74.08647899958179,40.62677000018621],[-74.0876760002063,40.62675699977876],[-74.0877049996203,40.62730699975279],[-74.08820900030877,40.62742700017402],[-74.08771700021418,40.628787999809084],[-74.08636599960387,40.628633000309485],[-74.0862950003571,40.62885799994906],[-74.0869439999122,40.62937400004121],[-74.08636200030423,40.63003000017834],[-74.08807700006429,40.631080999711415],[-74.08574899983583,40.633954999760725],[-74.08543300036663,40.63384400022515],[-74.08440300014671,40.63497799976392],[-74.08381999981552,40.63517899970337],[-74.08241600040009,40.63417400009038],[-74.08210900025342,40.63446899985971],[-74.0826210004395,40.634781000175586],[-74.08213699984252,40.63516199999985],[-74.08176000027397,40.63494500031636],[-74.08072500003117,40.63571399971018],[-74.08045499969442,40.63549699977565],[-74.08247699960114,40.63346000011367],[-74.08028999983797,40.632599999692296],[-74.08044700019683,40.63198700025073],[-74.08129900014153,40.6316770000621],[-74.08135299966987,40.631281999792755],[-74.08201499964377,40.63089199986646],[-74.08140700009655,40.630301000005396],[-74.07936500009833,40.63222500020623],[-74.0790880000889,40.63288600008985],[-74.07865399972064,40.63275699972608],[-74.07821299967968,40.63351500017994],[-74.07713200030443,40.633241000168915],[-74.07743199988009,40.63239499975249],[-74.07595899996936,40.63196999973452],[-74.07534800004908,40.63313200031474],[-74.07516999977386,40.63416600015016],[-74.07584799964128,40.63593499982643],[-74.07363599976375,40.636422999904084],[-74.07374000041915,40.63786099996971],[-74.07257499958169,40.637972000325355],[-74.07357800003746,40.63778100017011],[-74.07332500031747,40.63659999995873],[-74.07172199981208,40.636665999928326],[-74.07335299990655,40.63652500022397],[-74.07292199991133,40.633571999692585],[-74.07329699983006,40.631977999937895],[-74.07290299964474,40.631828000225994],[-74.0732309997078,40.63177200001994],[-74.07292199991133,40.63147200001548],[-74.07320300011871,40.631424999899515],[-74.07295899972125,40.63031899971847],[-74.06807499965868,40.62878100006381],[-74.06815000000175,40.62856599973704],[-74.07290299964474,40.62999100017058],[-74.07231199981597,40.62717800020147],[-74.07256600025919,40.62731400033442],[-74.07415200014779,40.62681599998171],[-74.0739760004207,40.6261140000696],[-74.07524400029202,40.62600599969045],[-74.07484000006096,40.625226000023886],[-74.07435800001213,40.6254169999593],[-74.07095400043127,40.620430999826326],[-74.07130900025852,40.619638999696875],[-74.074547000158,40.61694299995313],[-74.07942899967244,40.609098999756775],[-74.08164399992302,40.606178000003915],[-74.0830649999552,40.60615399966792],[-74.08176199992378,40.60603099977134],[-74.08355399967674,40.60379899971879],[-74.08292100001515,40.60291099972597],[-74.08333699994175,40.60273500028052],[-74.08386300037154,40.60340199992208],[-74.08515200015924,40.60167700024988],[-74.08752300004544,40.59636600004612],[-74.08703299960065,40.59633199997631],[-74.0871480001267,40.595966999823226],[-74.0877330001077,40.59601199971618],[-74.08924899967612,40.59410900002208],[-74.09137199986522,40.59231199977344],[-74.09224999974916,40.59193799993475],[-74.09793100040315,40.58751599980312],[-74.09850600033843,40.58780800001697],[-74.09924399958201,40.587278000194985],[-74.10019299961108,40.58776400015045],[-74.099940999716,40.588046999871636],[-74.10127200023481,40.58876900014495],[-74.1015400000234,40.5884620002018],[-74.10207899997366,40.58874100007742],[-74.10270900016053,40.58817200028319],[-74.1031789996155,40.58836800013069],[-74.10915900002024,40.58352200026329],[-74.10967700005409,40.58279399966576],[-74.11210499984168,40.58202999982562],[-74.11353099989674,40.58064599972576],[-74.11384300006627,40.5809470002803],[-74.11395000019638,40.58004200028233],[-74.11542300010711,40.57863100000818],[-74.11702099969132,40.578196999745565],[-74.11758700030406,40.577580999842894],[-74.11828899956261,40.57819199994309],[-74.11914899990322,40.58150800003384],[-74.12311200042414,40.58510400033899]]]}},{"type":"Feature","properties":{"market_area_id":"zcta:10305","zcta":"10305","zip":"10305","geography_type":"zcta","name":"10305","vintage":"2020","period_start":"2026-06-01","period_end":"2026-06-30","current_month":"2026-06-30","measure_basis":"index","gross_or_net":"unknown","statistic":"typical_observed_rent_35_65_percentile_smoothed","unit_scope":"all_units","bedroom_count":null,"source_id":"zori","source_artifact_id":"zori-zip-sfrcondomfr-sm-month","source_url":"https://www.zillow.com/research/data/","source_label":"Zillow ZORI — ZIP-level typical observed market rent (all units, smoothed)","not_a_label":"median asking rent","attribution":"Data Provided by Zillow Group","zori_missing":false,"zori_rent_usd":2826.6,"zori_all_units":true},"geometry":{"type":"Polygon","coordinates":[[[-74.10197600004152,40.584584999708085],[-74.09849299991963,40.58710600024331],[-74.09924399958201,40.587278000194985],[-74.09850600033843,40.58780800001697],[-74.09793100040315,40.58751599980312],[-74.09224999974916,40.59193799993475],[-74.09137199986522,40.59231199977344],[-74.08924899967612,40.59410900002208],[-74.0877330001077,40.59601199971618],[-74.0871480001267,40.595966999823226],[-74.08703299960065,40.59633199997631],[-74.08752300004544,40.59636600004612],[-74.08515200015924,40.60167700024988],[-74.08386300037154,40.60340199992208],[-74.08333699994175,40.60273500028052],[-74.08292100001515,40.60291099972597],[-74.08355399967674,40.60379899971879],[-74.08176199992378,40.60603099977134],[-74.0830649999552,40.60615399966792],[-74.08164399992302,40.606178000003915],[-74.07942899967244,40.609098999756775],[-74.074547000158,40.61694299995313],[-74.07130900025852,40.619638999696875],[-74.07095400043127,40.620430999826326],[-74.07159100029084,40.62166099969757],[-74.07435800001213,40.6254169999593],[-74.07484000006096,40.625226000023886],[-74.07524400029202,40.62600599969045],[-74.0739760004207,40.6261140000696],[-74.07415200014779,40.62681599998171],[-74.07268699973467,40.62684499996991],[-74.07223700037122,40.62460900018786],[-74.06991699964033,40.62131400022298],[-74.06620500008795,40.61872700025165],[-74.06545000022761,40.61920900017744],[-74.06664100010602,40.61805200031344],[-74.06644399956423,40.617883000035135],[-74.06605000027723,40.618197000062125],[-74.06496200033096,40.617774999984434],[-74.06425500015122,40.618178000174126],[-74.06509799987508,40.61750799973475],[-74.06447000023638,40.61706200025002],[-74.06422199964095,40.61741899986896],[-74.0637260002467,40.617497999870665],[-74.06433299996903,40.6169990003198],[-74.0637959996686,40.61676499996146],[-74.0614089998889,40.61431100000763],[-74.0605000000428,40.6120840003033],[-74.0592909997227,40.61149400014391],[-74.05900000036789,40.610987999831295],[-74.05915500017858,40.61071600031974],[-74.0572620001433,40.608866000147934],[-74.0564739997727,40.607265000021286],[-74.05574400002673,40.60652200023575],[-74.05514800017507,40.60672299988669],[-74.05513499975628,40.606291000134604],[-74.05383900029588,40.60592000020258],[-74.05363900027933,40.605238000293454],[-74.05403400028955,40.6049400001284],[-74.05365699982266,40.604441000227425],[-74.0531029998038,40.60202599984369],[-74.05348600011847,40.6004439997193],[-74.05299900004674,40.59997999986033],[-74.06179999970115,40.59235299999332],[-74.07621699971223,40.57812099970541],[-74.07689499957965,40.578226999917185],[-74.07692399989197,40.57766200033892],[-74.08391100005213,40.572728000249406],[-74.08909300004053,40.56800499986248],[-74.09116400035104,40.56671800010242],[-74.09268599976726,40.56806499977882],[-74.09246499983432,40.56842700027052],[-74.08876599980238,40.572374999978884],[-74.08580200043758,40.57413499966154],[-74.09213400029651,40.57739800023112],[-74.09112300034315,40.57832299969366],[-74.09093699967201,40.5788629997075],[-74.09202499961826,40.57918699967041],[-74.09393400044539,40.580789999931056],[-74.09605199971328,40.581925999854825],[-74.09704000010039,40.58234899996715],[-74.09771799996783,40.58181499983228],[-74.10197600004152,40.584584999708085]]]}},{"type":"Feature","properties":{"market_area_id":"zcta:10306","zcta":"10306","zip":"10306","geography_type":"zcta","name":"10306","vintage":"2020","period_start":"2026-06-01","period_end":"2026-06-30","current_month":"2026-06-30","measure_basis":"index","gross_or_net":"unknown","statistic":"typical_observed_rent_35_65_percentile_smoothed","unit_scope":"all_units","bedroom_count":null,"source_id":"zori","source_artifact_id":"zori-zip-sfrcondomfr-sm-month","source_url":"https://www.zillow.com/research/data/","source_label":"Zillow ZORI — ZIP-level typical observed market rent (all units, smoothed)","not_a_label":"median asking rent","attribution":"Data Provided by Zillow Group","zori_missing":false,"zori_rent_usd":2708.33,"zori_all_units":true},"geometry":{"type":"Polygon","coordinates":[[[-74.16983499981028,40.57087899998108],[-74.15252800005425,40.58061700015385],[-74.14632199969371,40.58607000033234],[-74.14583399979708,40.588564000085924],[-74.13866699971187,40.589020000153475],[-74.13374599983936,40.58613799997573],[-74.13350900001291,40.58564799999633],[-74.13370200035676,40.58461200001371],[-74.13329399992774,40.584056999878776],[-74.13125399957937,40.58335500030269],[-74.13039999998485,40.582759000034336],[-74.12917800014428,40.58404000012769],[-74.12893700011989,40.58501400016725],[-74.1291019999763,40.586291000284994],[-74.12778200022647,40.587449000291464],[-74.12782099968621,40.589437000033605],[-74.1263849995854,40.59072500011157],[-74.1262850000263,40.59345499981156],[-74.12264299989577,40.5994190002236],[-74.12077199960179,40.600671999875175],[-74.1205959998747,40.60181000014192],[-74.1195759997005,40.60181699998529],[-74.11942799956248,40.5983600002966],[-74.11781699955951,40.598385999883824],[-74.1178159997346,40.59902600001912],[-74.1166409997497,40.59906199992565],[-74.11684400013931,40.60189500013939],[-74.11487099973806,40.602136999740964],[-74.11130200030077,40.59820800025137],[-74.11130999979841,40.59705700000475],[-74.11325100041259,40.59610300005899],[-74.11473299964581,40.59660400005047],[-74.11592500024744,40.595818999673625],[-74.11647699971819,40.594595000128095],[-74.12055800023985,40.58850500021203],[-74.12017400010029,40.58821599988129],[-74.12311200042414,40.58510400033899],[-74.11914899990322,40.58150800003384],[-74.11828899956261,40.57819199994309],[-74.11758700030406,40.577580999842894],[-74.11702099969132,40.578196999745565],[-74.11542300010711,40.57863100000818],[-74.11395000019638,40.58004200028233],[-74.11384300006627,40.5809470002803],[-74.11353099989674,40.58064599972576],[-74.11210499984168,40.58202999982562],[-74.10967700005409,40.58279399966576],[-74.10915900002024,40.58352200026329],[-74.1031789996155,40.58836800013069],[-74.10270900016053,40.58817200028319],[-74.10207899997366,40.58874100007742],[-74.1015400000234,40.5884620002018],[-74.10127200023481,40.58876900014495],[-74.099940999716,40.588046999871636],[-74.10019299961108,40.58776400015045],[-74.09849299991963,40.58710600024331],[-74.10197600004152,40.584584999708085],[-74.09771799996783,40.58181499983228],[-74.09704000010039,40.58234899996715],[-74.09605199971328,40.581925999854825],[-74.09393400044539,40.580789999931056],[-74.09202499961826,40.57918699967041],[-74.09093699967201,40.5788629997075],[-74.09112300034315,40.57832299969366],[-74.09213400029651,40.57739800023112],[-74.08580200043758,40.57413499966154],[-74.08876599980238,40.572374999978884],[-74.0923150000465,40.56861699976013],[-74.09268599976726,40.56806499977882],[-74.09116400035104,40.56671800010242],[-74.09429699977022,40.56302200012328],[-74.09519700029382,40.56279000009262],[-74.09814499976508,40.559145999902775],[-74.0993080000544,40.559589000030805],[-74.10106499964729,40.55854200020132],[-74.10268099967311,40.55636900007311],[-74.10472600004438,40.552505000184404],[-74.1064679995686,40.55335199971117],[-74.10912700023319,40.55191000012894],[-74.11272699963261,40.547360999864],[-74.11466300022391,40.5493399998509],[-74.11396899956465,40.54968400032289],[-74.11441800000154,40.55053000007458],[-74.11706699972207,40.55293799992482],[-74.11710899955486,40.553384999865905],[-74.11744199964077,40.55103799982909],[-74.11810699998773,40.55063199977285],[-74.11862900021956,40.55133999974048],[-74.11805199973614,40.55200800000395],[-74.1194009997983,40.55218299991145],[-74.12730100000253,40.557295000029626],[-74.12811699996222,40.55653499994913],[-74.12776600033293,40.556220999663935],[-74.12969199998018,40.55432400030753],[-74.13603300005995,40.5498880000936],[-74.13682899992817,40.54890800004106],[-74.13662399988874,40.547603000201704],[-74.13700600037848,40.54696800027028],[-74.13864099977259,40.54847500017982],[-74.13737100025146,40.549577999949115],[-74.1345579996011,40.55125500033256],[-74.1349300000451,40.55156600017082],[-74.13382600020532,40.5523509998019],[-74.13411800028337,40.552590999986805],[-74.1352759996515,40.5518559997326],[-74.13688900020263,40.55317399967155],[-74.13723700035716,40.55293899985321],[-74.13783200038392,40.55342500013508],[-74.13819800008181,40.55319600006254],[-74.13877499966691,40.55366800031824],[-74.13848000011411,40.55395300008349],[-74.13936700021893,40.55467999994193],[-74.14047799973139,40.55417600015556],[-74.14025400032371,40.554794000318175],[-74.14054499967854,40.554845000010516],[-74.14195800021312,40.553872000237675],[-74.14370499976023,40.55324800021329],[-74.14436199971126,40.55409399998585],[-74.14554300044226,40.55385399972777],[-74.13966500014475,40.55864899987782],[-74.14258800039997,40.559893999749164],[-74.1507780001341,40.56691199991071],[-74.151700000399,40.56785699993004],[-74.15086199979969,40.568528999998975],[-74.15209200003616,40.569188000137075],[-74.15176700034615,40.56997800032263],[-74.15263099998641,40.57038700011554],[-74.16256200031819,40.566732000311454],[-74.1643869996831,40.56562500028672],[-74.16443899956163,40.565253000160915],[-74.16544600021534,40.56672300007989],[-74.1659430003328,40.56699999975098],[-74.16961700025038,40.566237000111364],[-74.16983499981028,40.57087899998108]]]}},{"type":"Feature","properties":{"market_area_id":"zcta:10307","zcta":"10307","zip":"10307","geography_type":"zcta","name":"10307","vintage":"2020","period_start":"2026-06-01","period_end":"2026-06-30","current_month":"2026-06-30","measure_basis":"index","gross_or_net":"unknown","statistic":"typical_observed_rent_35_65_percentile_smoothed","unit_scope":"all_units","bedroom_count":null,"source_id":"zori","source_artifact_id":"zori-zip-sfrcondomfr-sm-month","source_url":"https://www.zillow.com/research/data/","source_label":"Zillow ZORI — ZIP-level typical observed market rent (all units, smoothed)","not_a_label":"median asking rent","attribution":"Data Provided by Zillow Group","zori_missing":false,"zori_rent_usd":1950.0,"zori_all_units":true},"geometry":{"type":"Polygon","coordinates":[[[-74.2556289998721,40.5079190002635],[-74.25354699969091,40.509690999796874],[-74.25313499996227,40.510675000002436],[-74.25311400004587,40.512123999705594],[-74.25196300035043,40.51291600012125],[-74.2520660002826,40.51374999978073],[-74.25000400019292,40.51510900003784],[-74.25015399998074,40.51531600002957],[-74.24984400035933,40.51553099986242],[-74.24925400035546,40.515091000038026],[-74.24962000005335,40.515569999713705],[-74.24823199963312,40.51649700011357],[-74.2474910000165,40.51572799985994],[-74.246525000269,40.51616999987311],[-74.24660999975949,40.516591000060885],[-74.24764099980435,40.51767799988184],[-74.246553999683,40.51672200016722],[-74.24623300019094,40.51682499990952],[-74.2453720000254,40.517331000303514],[-74.24571000013421,40.51806299971326],[-74.24434099998058,40.518484000306266],[-74.24288800016133,40.51829699988743],[-74.24210999983647,40.51850299983757],[-74.24127499961021,40.51910299969894],[-74.24151900000768,40.519590999814625],[-74.24089600039184,40.52021400021401],[-74.23482099955254,40.51951599990332],[-74.23427400010469,40.51746699988779],[-74.23282200011035,40.516337000147146],[-74.23260200000234,40.51583900020676],[-74.22833200023308,40.50223799967287],[-74.23176900032419,40.50162799974478],[-74.2326499996829,40.501262000130815],[-74.23295600000465,40.5006770001621],[-74.23464700037358,40.500681000263306],[-74.23628799961547,40.4998939996711],[-74.23685000003027,40.499903000003506],[-74.23750699998132,40.49884399974024],[-74.23848199994964,40.498788000184014],[-74.23975700039196,40.49749399978521],[-74.24382100029689,40.497480000131205],[-74.24517100018394,40.49718000010862],[-74.24676000044563,40.49608299976047],[-74.24876599956052,40.49616299970283],[-74.25019099979066,40.49725000002895],[-74.25128799995775,40.49874099970314],[-74.25290999983139,40.49961300029894],[-74.25344399975877,40.50020300014521],[-74.25542200018286,40.504281000079295],[-74.2556289998721,40.5079190002635]]]}},{"type":"Feature","properties":{"market_area_id":"zcta:10308","zcta":"10308","zip":"10308","geography_type":"zcta","name":"10308","vintage":"2020","period_start":null,"period_end":null,"current_month":"2026-06-30","measure_basis":"index","gross_or_net":"unknown","statistic":"typical_observed_rent_35_65_percentile_smoothed","unit_scope":"all_units","bedroom_count":null,"source_id":"zori","source_artifact_id":"zori-zip-sfrcondomfr-sm-month","source_url":"https://www.zillow.com/research/data/","source_label":"Zillow ZORI — ZIP-level typical observed market rent (all units, smoothed)","not_a_label":"median asking rent","attribution":"Data Provided by Zillow Group","zori_missing":true,"zori_rent_usd":null,"zori_all_units":true},"geometry":{"type":"Polygon","coordinates":[[[-74.1649929995805,40.56144699992004],[-74.1643869996831,40.56562500028672],[-74.16256200031819,40.566732000311454],[-74.15263099998641,40.57038700011554],[-74.15176700034615,40.56997800032263],[-74.15209200003616,40.569188000137075],[-74.15086199979969,40.568528999998975],[-74.151700000399,40.56785699993004],[-74.1507780001341,40.56691199991071],[-74.14258800039997,40.559893999749164],[-74.13966500014475,40.55864899987782],[-74.14554300044226,40.55385399972777],[-74.14436199971126,40.55409399998585],[-74.14370499976023,40.55324800021329],[-74.14195800021312,40.553872000237675],[-74.14054499967854,40.554845000010516],[-74.14025400032371,40.554794000318175],[-74.14047799973139,40.55417600015556],[-74.13936700021893,40.55467999994193],[-74.13848000011411,40.55395300008349],[-74.13877499966691,40.55366800031824],[-74.13819800008181,40.55319600006254],[-74.13783200038392,40.55342500013508],[-74.13723700035716,40.55293899985321],[-74.13688900020263,40.55317399967155],[-74.1352759996515,40.5518559997326],[-74.13411800028337,40.552590999986805],[-74.13382600020532,40.5523509998019],[-74.1349300000451,40.55156600017082],[-74.1345579996011,40.55125500033256],[-74.13737100025146,40.549577999949115],[-74.13864099977259,40.54847500017982],[-74.13700600037848,40.54696800027028],[-74.13568300025558,40.54637300016502],[-74.1405909997093,40.54385599969401],[-74.1399699997433,40.543390999722256],[-74.14147399961614,40.54225400020431],[-74.14196999990868,40.54255399996657],[-74.14172899988426,40.539340000118244],[-74.14212300006956,40.53922399979192],[-74.14188200004513,40.53859300018429],[-74.14216900010031,40.53729300020639],[-74.14609499991298,40.53551899999675],[-74.14695000023073,40.53593900000474],[-74.14729199963918,40.53575599986651],[-74.1498700001129,40.537209000201464],[-74.15006599993148,40.53700200022732],[-74.15051000034549,40.53726300011919],[-74.15070299979102,40.53710599969403],[-74.15110600019716,40.537327999722265],[-74.15080599972319,40.53765599999218],[-74.15186400043055,40.53836000001135],[-74.15221400023489,40.53814000028803],[-74.1527420003145,40.538679000101936],[-74.15240199965756,40.5389069998415],[-74.15375499991768,40.54027599985073],[-74.15412099961557,40.54006999991606],[-74.1543900001274,40.540340999943844],[-74.15402299970629,40.540558000291654],[-74.15595000007676,40.542517000282416],[-74.15632400017057,40.542302000311146],[-74.15668099964765,40.54266699974252],[-74.15633000001836,40.5428729998827],[-74.15744700027693,40.5440070003132],[-74.15780100027925,40.54379800005284],[-74.15832799963563,40.54433800013596],[-74.15800899979341,40.544564999675174],[-74.15929500010637,40.54602200021223],[-74.15886599976098,40.54625599970255],[-74.15936899972621,40.54732700014137],[-74.16113299989009,40.546414999896115],[-74.16159900004541,40.54671800019882],[-74.16174200016053,40.546986999918076],[-74.16125799956355,40.547449000149996],[-74.16162499998467,40.54913799974629],[-74.16209600016286,40.549084999830825],[-74.16217300015576,40.54944899986029],[-74.16170899965024,40.549511999966505],[-74.16206600002563,40.55129000006168],[-74.16255300009735,40.55122700026307],[-74.1633940001714,40.55331699969472],[-74.16398900019814,40.55591299994018],[-74.16305000021481,40.55594000021416],[-74.16314300010123,40.556691999880684],[-74.16281300038834,40.55673800013437],[-74.16287299976447,40.55696300022228],[-74.16426100018471,40.55722500000577],[-74.16494099970197,40.56011200003663],[-74.16589399992901,40.56028299996251],[-74.1649929995805,40.56144699992004]]]}},{"type":"Feature","properties":{"market_area_id":"zcta:10309","zcta":"10309","zip":"10309","geography_type":"zcta","name":"10309","vintage":"2020","period_start":"2026-06-01","period_end":"2026-06-30","current_month":"2026-06-30","measure_basis":"index","gross_or_net":"unknown","statistic":"typical_observed_rent_35_65_percentile_smoothed","unit_scope":"all_units","bedroom_count":null,"source_id":"zori","source_artifact_id":"zori-zip-sfrcondomfr-sm-month","source_url":"https://www.zillow.com/research/data/","source_label":"Zillow ZORI — ZIP-level typical observed market rent (all units, smoothed)","not_a_label":"median asking rent","attribution":"Data Provided by Zillow Group","zori_missing":false,"zori_rent_usd":1931.67,"zori_all_units":true},"geometry":{"type":"Polygon","coordinates":[[[-74.24800700040055,40.543093999838995],[-74.24617899976428,40.54563399977495],[-74.24359100014311,40.547649999881],[-74.2422179997915,40.54692500018517],[-74.24054400003934,40.54754699972744],[-74.23862199969173,40.548980999849086],[-74.23765699976913,40.55009699977964],[-74.23643800030163,40.55064100012018],[-74.23616600031504,40.55125900014654],[-74.23656899982286,40.55207500019802],[-74.23637200017937,40.55233799993509],[-74.23506900014796,40.55296599996138],[-74.23372900030664,40.552458999752645],[-74.23316600006693,40.552534000336486],[-74.23046600029281,40.55559099967574],[-74.22885399956658,40.556030999793485],[-74.22771000044214,40.55587199990778],[-74.22596600036978,40.55623800034092],[-74.22341600038345,40.55580599998598],[-74.22266599964769,40.55539400014093],[-74.22181299987808,40.55533800003913],[-74.22159699996801,40.55561899996798],[-74.2213719998371,40.55519700002643],[-74.22064100026624,40.55592800024545],[-74.21969399988697,40.554606000300296],[-74.21886000038394,40.55475599998684],[-74.21888799997302,40.55512199969536],[-74.21853200032088,40.55478399994569],[-74.21876599977429,40.555693999742246],[-74.21858199965128,40.55598600030197],[-74.21794999981459,40.55582499985636],[-74.21778199958511,40.55497200014627],[-74.21511000029838,40.556030999793485],[-74.21460399996008,40.55711899996677],[-74.21370299961158,40.55722500000577],[-74.21418200018567,40.55770000009602],[-74.2134220003025,40.557240999881145],[-74.2135350002804,40.55652800014355],[-74.21241100034912,40.55790499986973],[-74.21153799958972,40.55720300025613],[-74.2079099997029,40.55813099998145],[-74.20639199958633,40.55810200020606],[-74.20703199981892,40.55761599974772],[-74.20514499963143,40.557346999726974],[-74.21140000039578,40.55564300001408],[-74.21316399966132,40.554838999928315],[-74.2129150001393,40.55426099995075],[-74.21094500011111,40.555054999819994],[-74.2061289998206,40.54354200002444],[-74.20309799961035,40.54429000012282],[-74.20218200009154,40.54238199973019],[-74.20171000008844,40.54248400023324],[-74.2010880002975,40.54108999971173],[-74.20153500018624,40.540965000086544],[-74.19858099996888,40.53448099978237],[-74.20070499998286,40.533207000237695],[-74.20309299958748,40.532483000115896],[-74.20289000009619,40.53171199977642],[-74.19962500043253,40.5319210001923],[-74.1974839998018,40.5324209999304],[-74.19608399968602,40.52991199971813],[-74.19453999963018,40.530620000220495],[-74.19564500019318,40.52923699969198],[-74.19322800027626,40.52600399996731],[-74.19114100007221,40.52686000017593],[-74.18846800006226,40.52312799971319],[-74.19000399972215,40.52257200010657],[-74.18767300001896,40.519456999932316],[-74.1838240001992,40.5208550001095],[-74.18316800007307,40.51990400000455],[-74.18419099972199,40.51964699975738],[-74.18677800041655,40.517808999913],[-74.18915000012763,40.51527799983814],[-74.1897590003981,40.515184000098806],[-74.19163399999171,40.51317800009669],[-74.19260899996009,40.51264399997081],[-74.19422199961286,40.51066599974947],[-74.19519699958121,40.50989700023525],[-74.19681900035316,40.509916000150994],[-74.19962200005948,40.51134999982308],[-74.19994099990171,40.51224099967294],[-74.20119700007744,40.51293400002198],[-74.2073189998741,40.51190300004512],[-74.20968100043777,40.510740999999236],[-74.21092800039267,40.50896900020753],[-74.21236299977026,40.50755300014255],[-74.21351600001383,40.50645600002901],[-74.21459399991434,40.506240999785405],[-74.21555899983694,40.50557500002235],[-74.21739699962065,40.50322199994115],[-74.21957199968824,40.50264999993693],[-74.22281600033382,40.502358999812245],[-74.22467199966087,40.50155300023291],[-74.22706299963853,40.50223799967287],[-74.22833200023308,40.50223799967287],[-74.23260200000234,40.51583900020676],[-74.23282200011035,40.516337000147146],[-74.23427400010469,40.51746699988779],[-74.23482099955254,40.51951599990332],[-74.2369710004041,40.519584999988695],[-74.24057199962841,40.52022299986822],[-74.24121900043204,40.52013400027515],[-74.24132200036419,40.51980600027892],[-74.24278600005408,40.52069600002734],[-74.24298299969759,40.52134900011459],[-74.24269999984035,40.52228099970212],[-74.24283200008483,40.52387499998564],[-74.24317900041447,40.52455899982793],[-74.24404999972742,40.525197000165456],[-74.24299100009348,40.52704399966103],[-74.24294400023783,40.52796300013288],[-74.2414629999312,40.531066000018036],[-74.24168800006208,40.532237999742236],[-74.24226899984512,40.53291300026397],[-74.24200699990432,40.53401900022603],[-74.24286899989474,40.53542499996603],[-74.2455689996689,40.536868999820754],[-74.24575699998988,40.5374689998103],[-74.24552199981323,40.53811600011315],[-74.2448570003646,40.53820900031628],[-74.24526900009323,40.53893099973303],[-74.24553199985898,40.540722000229685],[-74.2464409997051,40.54216599991907],[-74.24800700040055,40.543093999838995]]]}},{"type":"Feature","properties":{"market_area_id":"zcta:10310","zcta":"10310","zip":"10310","geography_type":"zcta","name":"10310","vintage":"2020","period_start":"2026-06-01","period_end":"2026-06-30","current_month":"2026-06-30","measure_basis":"index","gross_or_net":"unknown","statistic":"typical_observed_rent_35_65_percentile_smoothed","unit_scope":"all_units","bedroom_count":null,"source_id":"zori","source_artifact_id":"zori-zip-sfrcondomfr-sm-month","source_url":"https://www.zillow.com/research/data/","source_label":"Zillow ZORI — ZIP-level typical observed market rent (all units, smoothed)","not_a_label":"median asking rent","attribution":"Data Provided by Zillow Group","zori_missing":false,"zori_rent_usd":2898.5,"zori_all_units":true},"geometry":{"type":"Polygon","coordinates":[[[-74.13203899957692,40.623754000126596],[-74.13154499983251,40.623789000116666],[-74.131496000327,40.624554000286004],[-74.13118199960935,40.62478999970618],[-74.1310369998444,40.6253470003034],[-74.131496000327,40.62535300019882],[-74.13101299955495,40.62592899992582],[-74.13141299958802,40.62601999976206],[-74.13113599957859,40.62689899984385],[-74.13044000016782,40.62677000018621],[-74.1299609995937,40.628890000202865],[-74.12918800019004,40.62865499975017],[-74.1296569998201,40.630531000140465],[-74.13016099961025,40.630923999827345],[-74.12970899969862,40.632294000046144],[-74.1301659996331,40.63237099997107],[-74.12944599993291,40.63365999976558],[-74.12844300037547,40.63367300019257],[-74.12784699962549,40.637276999977836],[-74.12688800044897,40.63720999989845],[-74.1269620000688,40.64018100017227],[-74.12374400026083,40.64020199991081],[-74.12065899962388,40.64119599974454],[-74.12092800013569,40.6418129996933],[-74.12037400011683,40.64235100025151],[-74.11842900020302,40.6427770002552],[-74.1130420001752,40.644694999944846],[-74.1126410003172,40.64454700002144],[-74.11092400000902,40.645549999751424],[-74.1047829999458,40.645981999872205],[-74.10465200042452,40.64529999997247],[-74.1050459997115,40.64452199991447],[-74.10654700010964,40.64424199984878],[-74.10542200035346,40.638899000215446],[-74.10480999970997,40.63897700002719],[-74.10446599975337,40.63718199967233],[-74.10313299958474,40.63735300026132],[-74.10252599986242,40.634663000157616],[-74.10552299973749,40.63470100009371],[-74.1054809999047,40.63450100015148],[-74.10591100007501,40.63444400006847],[-74.10547500005691,40.632083999985504],[-74.10598399986993,40.63202200001671],[-74.10576799995987,40.63056899970117],[-74.105213999941,40.630258000292415],[-74.10482899997655,40.62815800002019],[-74.10435799979834,40.62821500001514],[-74.10351699972429,40.623757000145915],[-74.10425599969109,40.62368200030361],[-74.10445300023291,40.622913000070795],[-74.1100150001629,40.62068799991666],[-74.11330900013888,40.62304199967802],[-74.11712699999651,40.62453299971649],[-74.11840599973847,40.62376099971695],[-74.11857200031814,40.62254400019908],[-74.12007799984084,40.621666999924116],[-74.12147100028393,40.62287299975084],[-74.12204399967104,40.624183999707306],[-74.12245600029802,40.62410500011242],[-74.12235199964263,40.62377599981079],[-74.12460299987819,40.623342000053036],[-74.12451599983956,40.623028999908605],[-74.12615600015488,40.62289599997181],[-74.12629000004918,40.62383699970308],[-74.12654699996712,40.623816000271816],[-74.12649799956333,40.623463999892834],[-74.12814100025169,40.62333799977506],[-74.1281089995663,40.62309700014311],[-74.12895700021136,40.622892999913766],[-74.12903400020424,40.62326199990295],[-74.13055300014572,40.623095999899526],[-74.13061000004714,40.623494999766315],[-74.13205799984351,40.62338699992485],[-74.13203899957692,40.623754000126596]]]}},{"type":"Feature","properties":{"market_area_id":"zcta:10311","zcta":"10311","zip":"10311","geography_type":"zcta","name":"10311","vintage":"2020","period_start":null,"period_end":null,"current_month":"2026-06-30","measure_basis":"index","gross_or_net":"unknown","statistic":"typical_observed_rent_35_65_percentile_smoothed","unit_scope":"all_units","bedroom_count":null,"source_id":"zori","source_artifact_id":"zori-zip-sfrcondomfr-sm-month","source_url":"https://www.zillow.com/research/data/","source_label":"Zillow ZORI — ZIP-level typical observed market rent (all units, smoothed)","not_a_label":"median asking rent","attribution":"Data Provided by Zillow Group","zori_missing":true,"zori_rent_usd":null,"zori_all_units":true},"geometry":{"type":"Polygon","coordinates":[[[-74.18246400026636,40.60420999975389],[-74.17917500031326,40.60786700021499],[-74.1769619997125,40.60598899993775],[-74.17737900036235,40.605043999773905],[-74.18041300004732,40.6029270002726],[-74.18246400026636,40.60420999975389]]]}},{"type":"Feature","properties":{"market_area_id":"zcta:10312","zcta":"10312","zip":"10312","geography_type":"zcta","name":"10312","vintage":"2020","period_start":"2026-06-01","period_end":"2026-06-30","current_month":"2026-06-30","measure_basis":"index","gross_or_net":"unknown","statistic":"typical_observed_rent_35_65_percentile_smoothed","unit_scope":"all_units","bedroom_count":null,"source_id":"zori","source_artifact_id":"zori-zip-sfrcondomfr-sm-month","source_url":"https://www.zillow.com/research/data/","source_label":"Zillow ZORI — ZIP-level typical observed market rent (all units, smoothed)","not_a_label":"median asking rent","attribution":"Data Provided by Zillow Group","zori_missing":false,"zori_rent_usd":2433.33,"zori_all_units":true},"geometry":{"type":"Polygon","coordinates":[[[-74.21305300023154,40.554890000268884],[-74.21140000039578,40.55564300001408],[-74.20514499963143,40.557346999726974],[-74.20703199981892,40.55761599974772],[-74.20524300043903,40.55874799996834],[-74.20128300029117,40.559759999927735],[-74.19836000003595,40.562236000243594],[-74.19389799974776,40.56670600001842],[-74.19067400009197,40.57075899968169],[-74.19004300008022,40.5729670000828],[-74.19053199980176,40.57621100008085],[-74.18955799965833,40.576269999882726],[-74.1893889996039,40.57255799968277],[-74.18429299982924,40.57285100000479],[-74.18369799980249,40.57235499970872],[-74.18000799999137,40.57143699991112],[-74.17957199997329,40.571047000038696],[-74.17761799983863,40.56380399989827],[-74.17659400036479,40.563241000235145],[-74.17488799992726,40.56282599971474],[-74.17128599997969,40.56134300002961],[-74.16982700031267,40.56107799988026],[-74.16961700025038,40.566237000111364],[-74.1659430003328,40.56699999975098],[-74.16544600021534,40.56672300007989],[-74.16443899956163,40.565253000160915],[-74.1649929995805,40.56144699992004],[-74.16589399992901,40.56028299996251],[-74.16494099970197,40.56011200003663],[-74.16426100018471,40.55722500000577],[-74.16287299976447,40.55696300022228],[-74.16281300038834,40.55673800013437],[-74.16314300010123,40.556691999880684],[-74.16305000021481,40.55594000021416],[-74.16398900019814,40.55591299994018],[-74.1633940001714,40.55331699969472],[-74.16255300009735,40.55122700026307],[-74.16206600002563,40.55129000006168],[-74.16170899965024,40.549511999966505],[-74.16217300015576,40.54944899986029],[-74.16209600016286,40.549084999830825],[-74.16162499998467,40.54913799974629],[-74.16125799956355,40.547449000149996],[-74.16174200016053,40.546986999918076],[-74.16159900004541,40.54671800019882],[-74.16113299989009,40.546414999896115],[-74.15936899972621,40.54732700014137],[-74.15886599976098,40.54625599970255],[-74.15929500010637,40.54602200021223],[-74.15800899979341,40.544564999675174],[-74.15832799963563,40.54433800013596],[-74.15780100027925,40.54379800005284],[-74.15744700027693,40.5440070003132],[-74.15633000001836,40.5428729998827],[-74.15668099964765,40.54266699974252],[-74.15632400017057,40.542302000311146],[-74.15595000007676,40.542517000282416],[-74.15402299970629,40.540558000291654],[-74.1543900001274,40.540340999943844],[-74.15412099961557,40.54006999991606],[-74.15375499991768,40.54027599985073],[-74.15240199965756,40.5389069998415],[-74.1527420003145,40.538679000101936],[-74.15221400023489,40.53814000028803],[-74.15186400043055,40.53836000001135],[-74.15080599972319,40.53765599999218],[-74.15110600019716,40.537327999722265],[-74.15070299979102,40.53710599969403],[-74.15051000034549,40.53726300011919],[-74.15006599993148,40.53700200022732],[-74.1498700001129,40.537209000201464],[-74.14729199963918,40.53575599986651],[-74.14695000023073,40.53593900000474],[-74.14609499991298,40.53551899999675],[-74.14970899955611,40.53395299993179],[-74.14973500039368,40.533485999737394],[-74.15070000031629,40.53259400002932],[-74.15125199978702,40.53268000013723],[-74.15263400035947,40.53192799983884],[-74.1564310003007,40.52893799998481],[-74.15697500027382,40.52898400018414],[-74.15795899956468,40.528524999793845],[-74.15956200007008,40.52735299999776],[-74.16030400040991,40.52755599987447],[-74.16158200032696,40.52701300013199],[-74.16227199988995,40.52719400030743],[-74.16371999968632,40.52635000007581],[-74.16461600001196,40.52619100005435],[-74.1700340000019,40.52308799978738],[-74.17047500004287,40.523058999860375],[-74.1710750000925,40.52349099975827],[-74.17200599967991,40.523263000140155],[-74.17600600001074,40.520688000163595],[-74.17752499995221,40.51929099966593],[-74.17988800034078,40.52051899965982],[-74.1810590001277,40.52065899988116],[-74.18316800007307,40.51990400000455],[-74.1838240001992,40.5208550001095],[-74.18767300001896,40.519456999932316],[-74.19000399972215,40.52257200010657],[-74.18846800006226,40.52312799971319],[-74.19114100007221,40.52686000017593],[-74.19322800027626,40.52600399996731],[-74.19564500019318,40.52923699969198],[-74.19453999963018,40.530620000220495],[-74.19608399968602,40.52991199971813],[-74.1974839998018,40.5324209999304],[-74.19962500043253,40.5319210001923],[-74.20289000009619,40.53171199977642],[-74.20309299958748,40.532483000115896],[-74.20070499998286,40.533207000237695],[-74.19858099996888,40.53448099978237],[-74.20153500018624,40.540965000086544],[-74.2010880002975,40.54108999971173],[-74.20171000008844,40.54248400023324],[-74.20218200009154,40.54238199973019],[-74.20309799961035,40.54429000012282],[-74.2061289998206,40.54354200002444],[-74.21094500011111,40.555054999819994],[-74.2129150001393,40.55426099995075],[-74.21305300023154,40.554890000268884]]]}},{"type":"Feature","properties":{"market_area_id":"zcta:10314","zcta":"10314","zip":"10314","geography_type":"zcta","name":"10314","vintage":"2020","period_start":"2026-06-01","period_end":"2026-06-30","current_month":"2026-06-30","measure_basis":"index","gross_or_net":"unknown","statistic":"typical_observed_rent_35_65_percentile_smoothed","unit_scope":"all_units","bedroom_count":null,"source_id":"zori","source_artifact_id":"zori-zip-sfrcondomfr-sm-month","source_url":"https://www.zillow.com/research/data/","source_label":"Zillow ZORI — ZIP-level typical observed market rent (all units, smoothed)","not_a_label":"median asking rent","attribution":"Data Provided by Zillow Group","zori_missing":false,"zori_rent_usd":2972.05,"zori_all_units":true},"geometry":{"type":"Polygon","coordinates":[[[-74.20502800035386,40.58172399983006],[-74.20364199958348,40.58531699973991],[-74.20438399992331,40.58841299968048],[-74.2040590002333,40.58963300026664],[-74.19905600034505,40.59489899993113],[-74.19800000018584,40.59661700018679],[-74.19739299956521,40.59687800029027],[-74.19743799977105,40.59846000022764],[-74.19702299966936,40.59875899987944],[-74.19704000028611,40.599983000265226],[-74.19879100003118,40.600891000208065],[-74.19945200018017,40.60180599993874],[-74.20014900031417,40.603682999910326],[-74.2026299998052,40.60586099995745],[-74.20231299961279,40.60888700018699],[-74.20235799981863,40.613155000269174],[-74.20077199993001,40.61423000025817],[-74.20038299976758,40.61643099997671],[-74.20129199961369,40.619045999878736],[-74.20109099977223,40.62019899978971],[-74.20167199955529,40.62360499990511],[-74.20115500024465,40.629351000005755],[-74.20051400018716,40.63147099989736],[-74.19933699965412,40.63288600008985],[-74.19876599991682,40.63313800019249],[-74.19747600030419,40.632785999861355],[-74.19651700022938,40.63335500029516],[-74.19684100009447,40.63385699993465],[-74.19657900015365,40.63436300018967],[-74.1967859998429,40.634532999746185],[-74.19598800032486,40.63517199994626],[-74.19231400040728,40.63324900022002],[-74.19483099988332,40.632101999899774],[-74.19543599995582,40.631503999698424],[-74.19474399984468,40.6310630002037],[-74.19240200027083,40.631058000263856],[-74.19210599999482,40.63057999978526],[-74.19204099969748,40.62892699985938],[-74.1917379997488,40.62864699983043],[-74.19087300028363,40.628960000235864],[-74.18945999974902,40.63082699977093],[-74.18893400021756,40.63063000020668],[-74.18871699958427,40.62971800016018],[-74.18824200010643,40.62921300030828],[-74.18642000021624,40.63029399973694],[-74.17884499970206,40.62610599984549],[-74.17766999971717,40.62506600005023],[-74.1785519997991,40.624661000065785],[-74.17748300011941,40.62275499982648],[-74.17739000023299,40.620949000121335],[-74.17923999971227,40.61554199972229],[-74.18101200027205,40.61246400032929],[-74.18356200025836,40.610224999980346],[-74.18178800004877,40.609682999983164],[-74.18015600012939,40.609287999893525],[-74.1790310003732,40.61334599994228],[-74.17583000028364,40.618236999772876],[-74.17368100015531,40.61983300012175],[-74.1715250003543,40.62049500021188],[-74.16918700008009,40.62054699988337],[-74.16848200044846,40.62156199997229],[-74.165344999933,40.620231999705965],[-74.1649850000829,40.621619000141976],[-74.16406799984087,40.62192099993035],[-74.16257200036392,40.62167300015019],[-74.16238499986788,40.62238800027218],[-74.16240499995934,40.62197100001643],[-74.15154100039035,40.62120199985843],[-74.14950299969178,40.6229229998061],[-74.14876799992294,40.62510399999345],[-74.14614500014167,40.62493000011213],[-74.1470539999878,40.62297100001488],[-74.14822700032286,40.621502000315346],[-74.14721800001934,40.62093200020433],[-74.14750199970146,40.620643000272054],[-74.14690400019998,40.62031700013829],[-74.14508800015757,40.62027999980296],[-74.14513699966307,40.619903999711056],[-74.14467999972858,40.61989699971649],[-74.14479299970648,40.619047000182945],[-74.14526499970958,40.61906399989778],[-74.14553699969615,40.618670999969765],[-74.14658600018265,40.61868500021512],[-74.14690099982691,40.6170509999851],[-74.14233700032979,40.61660799983567],[-74.14215099965865,40.6181879999364],[-74.1416469998685,40.618114000296245],[-74.14142699976047,40.61886600010334],[-74.14135300014063,40.61977399988695],[-74.14190799998441,40.61986699982885],[-74.14167899965555,40.621627000221714],[-74.13942199957219,40.62127800002884],[-74.13932600021104,40.62186700012258],[-74.13756100022226,40.621632999769496],[-74.1375079996205,40.62201400029235],[-74.13704099964028,40.62196700033821],[-74.13689300040058,40.623086999752005],[-74.13643999976573,40.62312500013935],[-74.13639399973498,40.62346699992518],[-74.13385799999237,40.622059999954324],[-74.1339869998638,40.62116300015009],[-74.13180400029859,40.62102100016293],[-74.13190700023075,40.62165399988708],[-74.13126000032547,40.62201999980538],[-74.13140000006756,40.62297700012377],[-74.13102900034679,40.623114000190924],[-74.12903400020424,40.62326199990295],[-74.12895700021136,40.622892999913766],[-74.12854299993457,40.62291999974927],[-74.1281089995663,40.62309700014311],[-74.12814100025169,40.62333799977506],[-74.12649799956333,40.623463999892834],[-74.12654699996712,40.623816000271816],[-74.12629000004918,40.62383699970308],[-74.12615600015488,40.62289599997181],[-74.12451599983956,40.623028999908605],[-74.12460299987819,40.623342000053036],[-74.12235199964263,40.62377599981079],[-74.12245600029802,40.62410500011242],[-74.12204399967104,40.624183999707306],[-74.12147100028393,40.62287299975084],[-74.12007799984084,40.621666999924116],[-74.1196689995869,40.62174500009323],[-74.11793499956029,40.61784500007507],[-74.11470400023181,40.61807500014877],[-74.11414600001498,40.61374200029565],[-74.11337500026112,40.61380499988755],[-74.1129090001058,40.61270099990101],[-74.11312300036606,40.612650999695894],[-74.11296099998435,40.61116999985397],[-74.10996199956114,40.61039199966733],[-74.10539999971384,40.61041299990872],[-74.10543400004903,40.60982699972173],[-74.10853399985626,40.609293000099164],[-74.10905500026315,40.608732999974826],[-74.11009600035375,40.60872600017374],[-74.11087999962808,40.6080920002433],[-74.11119299962253,40.60623699996923],[-74.11168700026528,40.60566399973253],[-74.11282899973986,40.605369000265966],[-74.11366399996614,40.60453799972759],[-74.11434000018373,40.60319000001316],[-74.1141960002437,40.60243500012656],[-74.11684400013931,40.60189500013939],[-74.1166409997497,40.59906199992565],[-74.1178159997346,40.59902600001912],[-74.11781699955951,40.598385999883824],[-74.11942799956248,40.5983600002966],[-74.1195759997005,40.60181699998529],[-74.1205959998747,40.60181000014192],[-74.12077199960179,40.600671999875175],[-74.12264299989577,40.5994190002236],[-74.1262850000263,40.59345499981156],[-74.1263849995854,40.59072500011157],[-74.12782099968621,40.589437000033605],[-74.12778200022647,40.587449000291464],[-74.1291019999763,40.586291000284994],[-74.12893700011989,40.58501400016725],[-74.12917800014428,40.58404000012769],[-74.13039999998485,40.582759000034336],[-74.13125399957937,40.58335500030269],[-74.13329399992774,40.584056999878776],[-74.13370200035676,40.58461200001371],[-74.13350900001291,40.58564799999633],[-74.13374599983936,40.58613799997573],[-74.13866699971187,40.589020000153475],[-74.14583399979708,40.588564000085924],[-74.14632199969371,40.58607000033234],[-74.15252800005425,40.58061700015385],[-74.16983499981028,40.57087899998108],[-74.1696049996565,40.56664900010185],[-74.16982700031267,40.56107799988026],[-74.17128599997969,40.56134300002961],[-74.17761799983863,40.56380399989827],[-74.17907700040396,40.56987499971543],[-74.18000799999137,40.57143699991112],[-74.18369799980249,40.57235499970872],[-74.18429299982924,40.57285100000479],[-74.1893889996039,40.57255799968277],[-74.18955799965833,40.576269999882726],[-74.19053199980176,40.57621100008085],[-74.1908099996361,40.57739299968661],[-74.19208099988046,40.577509000077754],[-74.19501699965616,40.57947700034057],[-74.19953800039389,40.57977200012053],[-74.20356299994076,40.58043399997747],[-74.20596200031433,40.58004699994657],[-74.20552700012114,40.58149999992691],[-74.20502800035386,40.58172399983006]],[[-74.18041300004732,40.6029270002726],[-74.17737900036235,40.605043999773905],[-74.17701699996408,40.60572799994197],[-74.1769619997125,40.60598899993775],[-74.17917500031326,40.60786700021499],[-74.18057700007886,40.60601599978509],[-74.18246400026636,40.60420999975389],[-74.18041300004732,40.6029270002726]]]}},{"type":"Feature","properties":{"market_area_id":"zcta:10451","zcta":"10451","zip":"10451","geography_type":"zcta","name":"10451","vintage":"2020","period_start":"2026-06-01","period_end":"2026-06-30","current_month":"2026-06-30","measure_basis":"index","gross_or_net":"unknown","statistic":"typical_observed_rent_35_65_percentile_smoothed","unit_scope":"all_units","bedroom_count":null,"source_id":"zori","source_artifact_id":"zori-zip-sfrcondomfr-sm-month","source_url":"https://www.zillow.com/research/data/","source_label":"Zillow ZORI — ZIP-level typical observed market rent (all units, smoothed)","not_a_label":"median asking rent","attribution":"Data Provided by Zillow Group","zori_missing":false,"zori_rent_usd":2968.99,"zori_all_units":true},"geometry":{"type":"Polygon","coordinates":[[[-73.93294799994992,40.82816500033812],[-73.92977199997472,40.82867999970742],[-73.92875599999849,40.82918600032771],[-73.92680299968873,40.831039000296606],[-73.9245039997726,40.830283999849506],[-73.92592700035294,40.82781199982222],[-73.92266900036195,40.82685399990906],[-73.92046099978408,40.83091500007945],[-73.91956700000657,40.83057599985353],[-73.92063999988422,40.82865199973495],[-73.92020100039139,40.82810000029184],[-73.91531599960558,40.826545999917435],[-73.9147599999369,40.82755600016735],[-73.91363099998276,40.82692400001661],[-73.91216899994268,40.82790200010333],[-73.91169399956652,40.82775900016598],[-73.91179400002397,40.826428000283215],[-73.9099179997071,40.825849000123924],[-73.91056999963526,40.82464800022602],[-73.90843200027591,40.8239949999667],[-73.90860100033032,40.823597999683166],[-73.90840299996358,40.82355099978682],[-73.90879399977585,40.822629999710195],[-73.90949699975764,40.822438000014095],[-73.91001399996658,40.82092599997968],[-73.91090899956899,40.82108600024004],[-73.91125400024879,40.82012000032787],[-73.911677999673,40.82020200012931],[-73.9117620002369,40.81964300027712],[-73.91215899989695,40.81978600003952],[-73.91168000022114,40.82062500032186],[-73.91210000034572,40.82073600010399],[-73.9126140001816,40.81996099978568],[-73.91419400022247,40.82045400029404],[-73.91434200036045,40.820994000239494],[-73.91468200011907,40.82108100028024],[-73.91490800007489,40.82064000030329],[-73.91741700005333,40.821276999782015],[-73.91749499987115,40.82110800005874],[-73.91703799993664,40.82098100032519],[-73.91763399978831,40.819896999865996],[-73.91801100025518,40.81999500007906],[-73.91889900018487,40.81796699968743],[-73.91845999979375,40.817854999989855],[-73.91870599984102,40.81730000027044],[-73.91915000025506,40.817412000225204],[-73.92034899963107,40.81462899985753],[-73.92644299983863,40.81150699989031],[-73.92669700028185,40.81171799976371],[-73.9301080004337,40.8088769998923],[-73.93180099955414,40.80787599977907],[-73.93247699977174,40.80886400032316],[-73.932614999864,40.810015000005635],[-73.93226300040982,40.81800199968157],[-73.93294799994992,40.82816500033812]]]}},{"type":"Feature","properties":{"market_area_id":"zcta:10452","zcta":"10452","zip":"10452","geography_type":"zcta","name":"10452","vintage":"2020","period_start":"2026-06-01","period_end":"2026-06-30","current_month":"2026-06-30","measure_basis":"index","gross_or_net":"unknown","statistic":"typical_observed_rent_35_65_percentile_smoothed","unit_scope":"all_units","bedroom_count":null,"source_id":"zori","source_artifact_id":"zori-zip-sfrcondomfr-sm-month","source_url":"https://www.zillow.com/research/data/","source_label":"Zillow ZORI — ZIP-level typical observed market rent (all units, smoothed)","not_a_label":"median asking rent","attribution":"Data Provided by Zillow Group","zori_missing":false,"zori_rent_usd":2635.33,"zori_all_units":true},"geometry":{"type":"Polygon","coordinates":[[[-73.9334590003111,40.83318400021114],[-73.93300599967625,40.83567899997849],[-73.93060600037607,40.83967899989793],[-73.92900600024375,40.844079000332194],[-73.92729599960825,40.846556999682896],[-73.92438800031994,40.845222000146556],[-73.92324099992416,40.84497600015332],[-73.9225470001632,40.845022000182766],[-73.92104400011524,40.846519999913056],[-73.91918399969192,40.84609800006614],[-73.91891099988045,40.84613500007166],[-73.91899299989622,40.84651800001671],[-73.91666399984284,40.84684299970486],[-73.9170279998909,40.84639800001122],[-73.9162110001063,40.84658900003657],[-73.91605399974746,40.8462300000462],[-73.91527899979566,40.84639999991119],[-73.9147750000055,40.84619699990598],[-73.91498300041796,40.84584800009384],[-73.91397499993934,40.84542999990353],[-73.91419900024533,40.84511499977551],[-73.91114299992071,40.845062999990105],[-73.91375499983131,40.83874300026267],[-73.91902899988122,40.83308999969944],[-73.92266900036195,40.82685399990906],[-73.92592700035294,40.82781199982222],[-73.9245039997726,40.830283999849506],[-73.92680299968873,40.831039000296606],[-73.92875599999849,40.82918600032771],[-73.92977199997472,40.82867999970742],[-73.933059000278,40.82815600001132],[-73.9334590003111,40.83318400021114]]]}},{"type":"Feature","properties":{"market_area_id":"zcta:10453","zcta":"10453","zip":"10453","geography_type":"zcta","name":"10453","vintage":"2020","period_start":"2026-06-01","period_end":"2026-06-30","current_month":"2026-06-30","measure_basis":"index","gross_or_net":"unknown","statistic":"typical_observed_rent_35_65_percentile_smoothed","unit_scope":"all_units","bedroom_count":null,"source_id":"zori","source_artifact_id":"zori-zip-sfrcondomfr-sm-month","source_url":"https://www.zillow.com/research/data/","source_label":"Zillow ZORI — ZIP-level typical observed market rent (all units, smoothed)","not_a_label":"median asking rent","attribution":"Data Provided by Zillow Group","zori_missing":false,"zori_rent_usd":2684.17,"zori_all_units":true},"geometry":{"type":"Polygon","coordinates":[[[-73.92729599960825,40.846556999682896],[-73.92390399972297,40.85048800016732],[-73.91928999999713,40.85747499976578],[-73.91742499955093,40.856773999841835],[-73.91687499973003,40.85800899986215],[-73.91563799982087,40.85915799981362],[-73.91451300006469,40.859452999953845],[-73.91515800032013,40.858910999821106],[-73.91418699965145,40.859190000196335],[-73.91092899966047,40.860646999972985],[-73.91050299968813,40.86030999977659],[-73.91002200036249,40.861017000062574],[-73.90944900007705,40.86032799985058],[-73.90725800011595,40.859354000216754],[-73.9062699997288,40.85918699990635],[-73.90613400018468,40.859406000337316],[-73.90574400019732,40.85927199991759],[-73.90587100041893,40.85904500029164],[-73.90390800006344,40.85836799990041],[-73.90369100032846,40.8587090002016],[-73.8999489997405,40.85741999979757],[-73.90186000021747,40.854585999926954],[-73.90605899984159,40.84932099967026],[-73.90811599990845,40.84727599988862],[-73.91114299992071,40.845062999990105],[-73.91419900024533,40.84511499977551],[-73.91397499993934,40.84542999990353],[-73.91498300041796,40.84584800009384],[-73.9147750000055,40.84619699990598],[-73.91527899979566,40.84639999991119],[-73.91605399974746,40.8462300000462],[-73.9162110001063,40.84658900003657],[-73.9170279998909,40.84639800001122],[-73.91666399984284,40.84684299970486],[-73.91899299989622,40.84651800001671],[-73.91891099988045,40.84613500007166],[-73.91918399969192,40.84609800006614],[-73.92104400011524,40.846519999913056],[-73.9225470001632,40.845022000182766],[-73.92380599981371,40.84501300010566],[-73.92729599960825,40.846556999682896]]]}},{"type":"Feature","properties":{"market_area_id":"zcta:10454","zcta":"10454","zip":"10454","geography_type":"zcta","name":"10454","vintage":"2020","period_start":"2026-06-01","period_end":"2026-06-30","current_month":"2026-06-30","measure_basis":"index","gross_or_net":"unknown","statistic":"typical_observed_rent_35_65_percentile_smoothed","unit_scope":"all_units","bedroom_count":null,"source_id":"zori","source_artifact_id":"zori-zip-sfrcondomfr-sm-month","source_url":"https://www.zillow.com/research/data/","source_label":"Zillow ZORI — ZIP-level typical observed market rent (all units, smoothed)","not_a_label":"median asking rent","attribution":"Data Provided by Zillow Group","zori_missing":false,"zori_rent_usd":2997.2,"zori_all_units":true},"geometry":{"type":"Polygon","coordinates":[[[-73.93093799973877,40.80825300002247],[-73.92669700028185,40.81171799976371],[-73.92644299983863,40.81150699989031],[-73.92091299969567,40.81433299996952],[-73.91992699985667,40.814040999833345],[-73.92015299981249,40.813728000334876],[-73.91959799996872,40.81349699997075],[-73.9192670004309,40.813727000232],[-73.91672199956915,40.81275300031575],[-73.91675599990435,40.81241900032876],[-73.91646999967408,40.812310999920236],[-73.9162810004265,40.81263399981902],[-73.91495199955752,40.81219900019232],[-73.9151130001143,40.81186100029213],[-73.91447399970662,40.81165100032774],[-73.91517800041164,40.81042700024619],[-73.91358599977691,40.810119000122874],[-73.91330200009477,40.809655999812726],[-73.91069299965893,40.808809000130374],[-73.91036600031907,40.80964500004512],[-73.9049600000247,40.80853099997883],[-73.9030739996621,40.809880000185565],[-73.90218400008256,40.80487700022182],[-73.90247000031283,40.80438400023114],[-73.90458400028105,40.80311100011794],[-73.90853000018521,40.79909199970002],[-73.9114099998844,40.796686000058195],[-73.91362400031007,40.79678599990965],[-73.91986099973444,40.79935299996093],[-73.92072799974777,40.80010100012793],[-73.92174200007416,40.801689000034365],[-73.92302199964104,40.802424999839445],[-73.9272499995775,40.80255800000344],[-73.93180099955414,40.80787599977907],[-73.93093799973877,40.80825300002247]]]}},{"type":"Feature","properties":{"market_area_id":"zcta:10455","zcta":"10455","zip":"10455","geography_type":"zcta","name":"10455","vintage":"2020","period_start":"2026-06-01","period_end":"2026-06-30","current_month":"2026-06-30","measure_basis":"index","gross_or_net":"unknown","statistic":"typical_observed_rent_35_65_percentile_smoothed","unit_scope":"all_units","bedroom_count":null,"source_id":"zori","source_artifact_id":"zori-zip-sfrcondomfr-sm-month","source_url":"https://www.zillow.com/research/data/","source_label":"Zillow ZORI — ZIP-level typical observed market rent (all units, smoothed)","not_a_label":"median asking rent","attribution":"Data Provided by Zillow Group","zori_missing":false,"zori_rent_usd":2816.83,"zori_all_units":true},"geometry":{"type":"Polygon","coordinates":[[[-73.92048199970046,40.81456400014229],[-73.91915000025506,40.817412000225204],[-73.91870599984102,40.81730000027044],[-73.91845999979375,40.817854999989855],[-73.91889900018487,40.81796699968743],[-73.91801100025518,40.81999500007906],[-73.91763399978831,40.819896999865996],[-73.91703799993664,40.82098100032519],[-73.91749499987115,40.82110800005874],[-73.91741700005333,40.821276999782015],[-73.91490800007489,40.82064000030329],[-73.91468200011907,40.82108100028024],[-73.91434200036045,40.820994000239494],[-73.91419400022247,40.82045400029404],[-73.9126140001816,40.81996099978568],[-73.91210000034572,40.82073600010399],[-73.91168000022114,40.82062500032186],[-73.91215899989695,40.81978600003952],[-73.9117620002369,40.81964300027712],[-73.911677999673,40.82020200012931],[-73.91125400024879,40.82012000032787],[-73.9113389997393,40.819808000289356],[-73.91051100008404,40.8195000002064],[-73.91061200036637,40.81922400002072],[-73.90699700000002,40.81834000024841],[-73.90685300005998,40.81868599999816],[-73.90609200035189,40.81850700016433],[-73.9062420001397,40.81815800005262],[-73.90531300020211,40.8179250000779],[-73.90347000039553,40.81873700005233],[-73.9029899999965,40.82002700033921],[-73.90160199957629,40.81969500028819],[-73.90183199973006,40.81914699979605],[-73.90123500005348,40.819007000085556],[-73.90137499979556,40.81869200016654],[-73.9003630000173,40.818279000227236],[-73.90002300025867,40.818595000097424],[-73.89928500011678,40.81814700033482],[-73.89962200040068,40.81782200000042],[-73.89884599972567,40.81737100031228],[-73.89852100003563,40.817685999705816],[-73.89542799990109,40.815845000038514],[-73.89844800024069,40.81317699984767],[-73.89795799979592,40.812968000083515],[-73.90298800034668,40.80936400017042],[-73.9030739996621,40.809880000185565],[-73.9049600000247,40.80853099997883],[-73.91036600031907,40.80964500004512],[-73.91069299965893,40.808809000130374],[-73.91330200009477,40.809655999812726],[-73.91358599977691,40.810119000122874],[-73.91517800041164,40.81042700024619],[-73.91447399970662,40.81165100032774],[-73.9151130001143,40.81186100029213],[-73.91495199955752,40.81219900019232],[-73.9162810004265,40.81263399981902],[-73.91646999967408,40.812310999920236],[-73.91675599990435,40.81241900032876],[-73.91672199956915,40.81275300031575],[-73.9192670004309,40.813727000232],[-73.91959799996872,40.81349699997075],[-73.92015299981249,40.813728000334876],[-73.91992699985667,40.814040999833345],[-73.92091299969567,40.81433299996952],[-73.92048199970046,40.81456400014229]]]}},{"type":"Feature","properties":{"market_area_id":"zcta:10456","zcta":"10456","zip":"10456","geography_type":"zcta","name":"10456","vintage":"2020","period_start":"2026-06-01","period_end":"2026-06-30","current_month":"2026-06-30","measure_basis":"index","gross_or_net":"unknown","statistic":"typical_observed_rent_35_65_percentile_smoothed","unit_scope":"all_units","bedroom_count":null,"source_id":"zori","source_artifact_id":"zori-zip-sfrcondomfr-sm-month","source_url":"https://www.zillow.com/research/data/","source_label":"Zillow ZORI — ZIP-level typical observed market rent (all units, smoothed)","not_a_label":"median asking rent","attribution":"Data Provided by Zillow Group","zori_missing":false,"zori_rent_usd":2841.02,"zori_all_units":true},"geometry":{"type":"Polygon","coordinates":[[[-73.92063999988422,40.82865199973495],[-73.91956700000657,40.83057599985353],[-73.92046099978408,40.83091500007945],[-73.91985599971156,40.831948999672896],[-73.91423799970507,40.838108999889286],[-73.91313700023835,40.839814000238086],[-73.91207900042932,40.839453000137716],[-73.9126700002581,40.838426000154286],[-73.91138999979292,40.83786599989672],[-73.91072399962108,40.83899799981988],[-73.90988199972209,40.83870900006633],[-73.91010900040114,40.83832299997292],[-73.90959999968979,40.83814900016064],[-73.9092830003957,40.83850299974327],[-73.90891000012678,40.83837600002027],[-73.90958999964404,40.84275300019316],[-73.90500000020766,40.84253500010747],[-73.9051640002392,40.84086699997921],[-73.90560699993,40.839843999672226],[-73.905382999624,40.83976899970217],[-73.90597900037396,40.838504999881486],[-73.90283900038376,40.8374709999099],[-73.90308100023312,40.83701199989365],[-73.90228299981676,40.83675200003506],[-73.9019670003476,40.83717200008391],[-73.90056700023182,40.836592000190336],[-73.90121199958894,40.83549800024156],[-73.89701499961463,40.83439099990622],[-73.89636900043257,40.8335099998396],[-73.8969629997361,40.83322899977981],[-73.89671800041202,40.8326340000691],[-73.89728499995138,40.832590999733476],[-73.898209999691,40.83187999994119],[-73.8988919997564,40.83182200030815],[-73.8987860003495,40.83142099995734],[-73.89937899982812,40.83118000027813],[-73.89862700034085,40.830506000202554],[-73.89850599996701,40.82994600033414],[-73.89948000011046,40.82994300007932],[-73.89994500044085,40.82901999998293],[-73.89932100010179,40.82885300002746],[-73.90117599960395,40.82438900008676],[-73.90187199991303,40.824195000154525],[-73.90243099995476,40.82284000027092],[-73.9018769999359,40.82270500003534],[-73.9022500002048,40.82250200020113],[-73.9029899999965,40.82002700033921],[-73.90352999977168,40.81997299989118],[-73.90417000000427,40.81914599977487],[-73.90343699988526,40.8189679998465],[-73.90347000039553,40.81873700005233],[-73.90531300020211,40.8179250000779],[-73.9062420001397,40.81815800005262],[-73.90609200035189,40.81850700016433],[-73.90685300005998,40.81868599999816],[-73.90699700000002,40.81834000024841],[-73.91061200036637,40.81922400002072],[-73.91051100008404,40.8195000002064],[-73.9113389997393,40.819808000289356],[-73.91090899956899,40.82108600024004],[-73.91001399996658,40.82092599997968],[-73.90949699975764,40.822438000014095],[-73.90879399977585,40.822629999710195],[-73.90840299996358,40.82355099978682],[-73.90860100033032,40.823597999683166],[-73.90843200027591,40.8239949999667],[-73.91056999963526,40.82464800022602],[-73.9099179997071,40.825849000123924],[-73.91179400002397,40.826428000283215],[-73.91169399956652,40.82775900016598],[-73.91216899994268,40.82790200010333],[-73.91363099998276,40.82692400001661],[-73.9147599999369,40.82755600016735],[-73.91531599960558,40.826545999917435],[-73.92020100039139,40.82810000029184],[-73.92063999988422,40.82865199973495]]]}},{"type":"Feature","properties":{"market_area_id":"zcta:10457","zcta":"10457","zip":"10457","geography_type":"zcta","name":"10457","vintage":"2020","period_start":null,"period_end":null,"current_month":"2026-06-30","measure_basis":"index","gross_or_net":"unknown","statistic":"typical_observed_rent_35_65_percentile_smoothed","unit_scope":"all_units","bedroom_count":null,"source_id":"zori","source_artifact_id":"zori-zip-sfrcondomfr-sm-month","source_url":"https://www.zillow.com/research/data/","source_label":"Zillow ZORI — ZIP-level typical observed market rent (all units, smoothed)","not_a_label":"median asking rent","attribution":"Data Provided by Zillow Group","zori_missing":true,"zori_rent_usd":null,"zori_all_units":true},"geometry":{"type":"Polygon","coordinates":[[[-73.91313700023835,40.839814000238086],[-73.91104400018651,40.84520999985315],[-73.90676699984625,40.848540999863516],[-73.90186000021747,40.854585999926954],[-73.8999489997405,40.85741999979757],[-73.89817200005616,40.856812000133516],[-73.89829900027779,40.8565069997703],[-73.89766599971789,40.85629500024997],[-73.897512999557,40.85658199982275],[-73.89726300021007,40.85632999971754],[-73.89687400004763,40.85706100005716],[-73.8961669998679,40.85684300015867],[-73.89590099972912,40.856682999895064],[-73.8962799998458,40.856093000127096],[-73.89580000034509,40.85590899998363],[-73.89558100006198,40.85624600014892],[-73.89443200001635,40.85578600023422],[-73.89461699996428,40.85548599998693],[-73.89374499992809,40.85513700017765],[-73.89313599965763,40.8552439999934],[-73.8909020000388,40.8541169998371],[-73.89038900002782,40.854688999974314],[-73.88960700040333,40.853238000047604],[-73.8873739997111,40.8522189998897],[-73.88803200038535,40.850997000117566],[-73.88595100002908,40.851184000286594],[-73.88554299960009,40.85199799974983],[-73.88382000034242,40.8514990001047],[-73.88480199998347,40.84930900011915],[-73.8844389997603,40.84908700021666],[-73.88469099965539,40.8488289999832],[-73.88450599970746,40.84871200017047],[-73.88533400026101,40.84774200002816],[-73.88601700015133,40.847877999841906],[-73.88804800027889,40.84549400032472],[-73.88748400021427,40.84522099983907],[-73.88775700002573,40.84489800029629],[-73.88831900044053,40.84517899982136],[-73.88955200015174,40.84377100016643],[-73.889169999662,40.84358299981185],[-73.88945000004448,40.84290599975971],[-73.8900359998504,40.84319500024242],[-73.89216900008522,40.841050000069295],[-73.88844900013687,40.839004000189384],[-73.8887410002149,40.83796799969164],[-73.89084299958927,40.8367779997949],[-73.89394599976957,40.83643100019891],[-73.89696600010915,40.83434299971119],[-73.90121199958894,40.83549800024156],[-73.90056700023182,40.836592000190336],[-73.9019670003476,40.83717200008391],[-73.90228299981676,40.83675200003506],[-73.90308100023312,40.83701199989365],[-73.90283900038376,40.8374709999099],[-73.90597900037396,40.838504999881486],[-73.905382999624,40.83976899970217],[-73.90560699993,40.839843999672226],[-73.9051640002392,40.84086699997921],[-73.90500000020766,40.84253500010747],[-73.90958999964404,40.84275300019316],[-73.90891000012678,40.83837600002027],[-73.9092830003957,40.83850299974327],[-73.90959999968979,40.83814900016064],[-73.91010900040114,40.83832299997292],[-73.90988199972209,40.83870900006633],[-73.91072399962108,40.83899799981988],[-73.91138999979292,40.83786599989672],[-73.9126700002581,40.838426000154286],[-73.91207900042932,40.839453000137716],[-73.91313700023835,40.839814000238086]]]}},{"type":"Feature","properties":{"market_area_id":"zcta:10458","zcta":"10458","zip":"10458","geography_type":"zcta","name":"10458","vintage":"2020","period_start":"2026-06-01","period_end":"2026-06-30","current_month":"2026-06-30","measure_basis":"index","gross_or_net":"unknown","statistic":"typical_observed_rent_35_65_percentile_smoothed","unit_scope":"all_units","bedroom_count":null,"source_id":"zori","source_artifact_id":"zori-zip-sfrcondomfr-sm-month","source_url":"https://www.zillow.com/research/data/","source_label":"Zillow ZORI — ZIP-level typical observed market rent (all units, smoothed)","not_a_label":"median asking rent","attribution":"Data Provided by Zillow Group","zori_missing":false,"zori_rent_usd":2738.81,"zori_all_units":true},"geometry":{"type":"Polygon","coordinates":[[[-73.8999489997405,40.85741999979757],[-73.8970680002164,40.862533999813586],[-73.89173700026507,40.869510999830275],[-73.88867300044286,40.87149699988652],[-73.88737700008414,40.872723000100514],[-73.88478199989197,40.878419000165415],[-73.883423999609,40.8757420000795],[-73.88340000021785,40.87394700028053],[-73.88246999955703,40.87212799969814],[-73.8814689996494,40.868572999805146],[-73.88037499985539,40.86919400017555],[-73.87973799999583,40.86805699997347],[-73.87911000035713,40.868030000294134],[-73.88070100026862,40.866989999865595],[-73.880790999782,40.86639500025393],[-73.87860999986661,40.867593000003694],[-73.87763200042352,40.86672000026479],[-73.87675899966412,40.86693800026455],[-73.87621200021626,40.86675800028522],[-73.8750890001099,40.86619399967258],[-73.87392699964549,40.86306699985044],[-73.87663999983843,40.85959800032419],[-73.87770699986828,40.85947199967369],[-73.87793199999919,40.85921399979385],[-73.87787900029575,40.85646899998311],[-73.87740300009466,40.855487000139526],[-73.87676899970987,40.85540700011712],[-73.87764499994401,40.85536800022407],[-73.88071399978908,40.85679800031465],[-73.88166799984107,40.85334800008764],[-73.88273300022108,40.85365000018507],[-73.88382000034242,40.8514990001047],[-73.88554299960009,40.85199799974983],[-73.88595100002908,40.851184000286594],[-73.88803200038535,40.850997000117566],[-73.8873739997111,40.8522189998897],[-73.88960700040333,40.853238000047604],[-73.89038900002782,40.854688999974314],[-73.8909020000388,40.8541169998371],[-73.89313599965763,40.8552439999934],[-73.89374499992809,40.85513700017765],[-73.89461699996428,40.85548599998693],[-73.89443200001635,40.85578600023422],[-73.89558100006198,40.85624600014892],[-73.89580000034509,40.85590899998363],[-73.8962799998458,40.856093000127096],[-73.89590099972912,40.856682999895064],[-73.89687400004763,40.85706100005716],[-73.89726300021007,40.85632999971754],[-73.897512999557,40.85658199982275],[-73.89766599971789,40.85629500024997],[-73.89829900027779,40.8565069997703],[-73.89817200005616,40.856812000133516],[-73.8999489997405,40.85741999979757]]]}},{"type":"Feature","properties":{"market_area_id":"zcta:10459","zcta":"10459","zip":"10459","geography_type":"zcta","name":"10459","vintage":"2020","period_start":"2026-06-01","period_end":"2026-06-30","current_month":"2026-06-30","measure_basis":"index","gross_or_net":"unknown","statistic":"typical_observed_rent_35_65_percentile_smoothed","unit_scope":"all_units","bedroom_count":null,"source_id":"zori","source_artifact_id":"zori-zip-sfrcondomfr-sm-month","source_url":"https://www.zillow.com/research/data/","source_label":"Zillow ZORI — ZIP-level typical observed market rent (all units, smoothed)","not_a_label":"median asking rent","attribution":"Data Provided by Zillow Group","zori_missing":false,"zori_rent_usd":3137.31,"zori_all_units":true},"geometry":{"type":"MultiPolygon","coordinates":[[[[-73.90266799978123,40.820802999882595],[-73.90288600023943,40.82085800033003],[-73.9022500002048,40.82250200020113],[-73.9018769999359,40.82270500003534],[-73.90243099995476,40.82284000027092],[-73.90187199991303,40.824195000154525],[-73.90117599960395,40.82438900008676],[-73.89932100010179,40.82885300002746],[-73.89994500044085,40.82901999998293],[-73.89948000011046,40.82994300007932],[-73.89850599996701,40.82994600033414],[-73.89862700034085,40.830506000202554],[-73.89937899982812,40.83118000027813],[-73.8987860003495,40.83142099995734],[-73.8988919997564,40.83182200030815],[-73.898209999691,40.83187999994119],[-73.89728499995138,40.832590999733476],[-73.89671800041202,40.8326340000691],[-73.8969629997361,40.83322899977981],[-73.89636900043257,40.8335099998396],[-73.89642200013601,40.83327000008529],[-73.89580799984269,40.833337000115456],[-73.89557400038929,40.83344999998244],[-73.89575199976619,40.8336710001281],[-73.89524799997604,40.83388999993935],[-73.89512300030258,40.83319699977246],[-73.89419099999192,40.83329100013246],[-73.89442600016858,40.83463800023303],[-73.89415599983182,40.834981999672074],[-73.89370800011817,40.83469000004143],[-73.89312800016002,40.833421999985205],[-73.89215800021455,40.833644999829325],[-73.89173700026507,40.83266400003384],[-73.88979099962802,40.83208999975838],[-73.88997300010121,40.83175900011021],[-73.88909299966912,40.83152700017063],[-73.88893600020859,40.831798000304566],[-73.88566099960086,40.83047699979139],[-73.88420199993384,40.83280400014294],[-73.88202299966828,40.83539699982056],[-73.87998300021823,40.834680000133744],[-73.88388700028958,40.82980899988903],[-73.88357799959476,40.82951100003705],[-73.88355699967838,40.82893800020791],[-73.8845309998218,40.82564700031942],[-73.88441100017121,40.82296999973452],[-73.88720100035704,40.82259999996429],[-73.89035999971551,40.82027299978436],[-73.89515799956436,40.81568299990687],[-73.89852100003563,40.817685999705816],[-73.89884599972567,40.81737100031228],[-73.89962200040068,40.81782200000042],[-73.89928500011678,40.81814700033482],[-73.90002300025867,40.818595000097424],[-73.9003630000173,40.818279000227236],[-73.90137499979556,40.81869200016654],[-73.90123500005348,40.819007000085556],[-73.90183199973006,40.81914699979605],[-73.90160199957629,40.81969500028819],[-73.9029899999965,40.82002700033921],[-73.90266799978123,40.820802999882595]]],[[[-73.90417000000427,40.81914599977487],[-73.90352999977168,40.81997299989118],[-73.9029899999965,40.82002700033921],[-73.90343699988526,40.8189679998465],[-73.90417000000427,40.81914599977487]]]]}},{"type":"Feature","properties":{"market_area_id":"zcta:10460","zcta":"10460","zip":"10460","geography_type":"zcta","name":"10460","vintage":"2020","period_start":"2026-06-01","period_end":"2026-06-30","current_month":"2026-06-30","measure_basis":"index","gross_or_net":"unknown","statistic":"typical_observed_rent_35_65_percentile_smoothed","unit_scope":"all_units","bedroom_count":null,"source_id":"zori","source_artifact_id":"zori-zip-sfrcondomfr-sm-month","source_url":"https://www.zillow.com/research/data/","source_label":"Zillow ZORI — ZIP-level typical observed market rent (all units, smoothed)","not_a_label":"median asking rent","attribution":"Data Provided by Zillow Group","zori_missing":false,"zori_rent_usd":2940.28,"zori_all_units":true},"geometry":{"type":"Polygon","coordinates":[[[-73.89696600010915,40.83434299971119],[-73.89394599976957,40.83643100019891],[-73.89084299958927,40.8367779997949],[-73.8887410002149,40.83796799969164],[-73.88844900013687,40.839004000189384],[-73.89216900008522,40.841050000069295],[-73.8900359998504,40.84319500024242],[-73.88945000004448,40.84290599975971],[-73.889169999662,40.84358299981185],[-73.88955200015174,40.84377100016643],[-73.88831900044053,40.84517899982136],[-73.88775700002573,40.84489800029629],[-73.88748400021427,40.84522099983907],[-73.88804800027889,40.84549400032472],[-73.88601700015133,40.847877999841906],[-73.88533400026101,40.84774200002816],[-73.88450599970746,40.84871200017047],[-73.88469099965539,40.8488289999832],[-73.8844389997603,40.84908700021666],[-73.88480199998347,40.84930900011915],[-73.88273300022108,40.85365000018507],[-73.88166799984107,40.85334800008764],[-73.88071399978908,40.85679800031465],[-73.87764499994401,40.85536800022407],[-73.87234300030502,40.856252999777354],[-73.87135900011585,40.85221100031258],[-73.87118699968838,40.84997800014826],[-73.87131399990999,40.84562600014873],[-73.87186200008105,40.84328100004166],[-73.87041000008674,40.84540499976473],[-73.86801900010909,40.84484100013359],[-73.86776800003892,40.84445400009333],[-73.8681250004143,40.84423400020075],[-73.86723499993644,40.84340300024499],[-73.86661700034347,40.84355700000277],[-73.86549500006203,40.842786000009646],[-73.86586300030807,40.84256100031744],[-73.86552400037435,40.8422449997923],[-73.86516699999896,40.84246599984051],[-73.86426200035082,40.840688000208175],[-73.86477199998876,40.840545999681424],[-73.86459999956132,40.84022099969531],[-73.8640990001442,40.840366000021895],[-73.8639379995874,40.84004500001627],[-73.8643679997577,40.83991999994502],[-73.86407599967967,40.8380479997008],[-73.86359500035405,40.83809599993183],[-73.86355500017109,40.837865000157855],[-73.86407599967967,40.837813000121244],[-73.86371500000463,40.83569499972497],[-73.86319100012301,40.83573700031533],[-73.86294300042589,40.83429900001161],[-73.86499499957152,40.8349110001316],[-73.86507400011257,40.83534199987654],[-73.86651900043418,40.83496899978107],[-73.87122699987134,40.836110000167686],[-73.87761499980677,40.836569000312565],[-73.87998300021823,40.834680000133744],[-73.88202299966828,40.83539699982056],[-73.88420199993384,40.83280400014294],[-73.88566099960086,40.83047699979139],[-73.88893600020859,40.831798000304566],[-73.88909299966912,40.83152700017063],[-73.88997300010121,40.83175900011021],[-73.88979099962802,40.83208999975838],[-73.89173700026507,40.83266400003384],[-73.89215800021455,40.833644999829325],[-73.89312800016002,40.833421999985205],[-73.89370800011817,40.83469000004143],[-73.89415599983182,40.834981999672074],[-73.89442600016858,40.83463800023303],[-73.89419099999192,40.83329100013246],[-73.89512300030258,40.83319699977246],[-73.89524799997604,40.83388999993935],[-73.89575199976619,40.8336710001281],[-73.89557400038929,40.83344999998244],[-73.89642200013601,40.83327000008529],[-73.89696600010915,40.83434299971119]]]}},{"type":"Feature","properties":{"market_area_id":"zcta:10461","zcta":"10461","zip":"10461","geography_type":"zcta","name":"10461","vintage":"2020","period_start":"2026-06-01","period_end":"2026-06-30","current_month":"2026-06-30","measure_basis":"index","gross_or_net":"unknown","statistic":"typical_observed_rent_35_65_percentile_smoothed","unit_scope":"all_units","bedroom_count":null,"source_id":"zori","source_artifact_id":"zori-zip-sfrcondomfr-sm-month","source_url":"https://www.zillow.com/research/data/","source_label":"Zillow ZORI — ZIP-level typical observed market rent (all units, smoothed)","not_a_label":"median asking rent","attribution":"Data Provided by Zillow Group","zori_missing":false,"zori_rent_usd":2555.76,"zori_all_units":true},"geometry":{"type":"Polygon","coordinates":[[[-73.86191999987865,40.85678299968042],[-73.8617910000072,40.857983000277784],[-73.84739699956235,40.858683000212594],[-73.83724099999802,40.85735800027287],[-73.83681900022363,40.85727699966663],[-73.83694200024726,40.856918999961636],[-73.83639499990109,40.85666000019487],[-73.83277500041018,40.85599099968973],[-73.82652399984379,40.85650600031258],[-73.82561300034786,40.85427200000811],[-73.82691100035639,40.85059000024365],[-73.82698099977827,40.849434999714546],[-73.82668899970022,40.84817100008117],[-73.82549299979894,40.845837000212036],[-73.82570600023426,40.84564200021252],[-73.82557999983759,40.84281499979362],[-73.82624099998657,40.842993999936674],[-73.82584000012858,40.83705899976447],[-73.82540800030844,40.83588800022781],[-73.8256090001499,40.83500999969012],[-73.82622000007017,40.83435499993312],[-73.82835599977969,40.83328400011747],[-73.82956699974959,40.83462399980708],[-73.83223999975957,40.835270000263904],[-73.83531100015279,40.83388600006413],[-73.83638999987821,40.835836999769235],[-73.83723400032531,40.835574999833305],[-73.83844100009726,40.83513399972498],[-73.83738800031111,40.83012300017255],[-73.84231099983342,40.82907899989921],[-73.84233099992491,40.82994099968284],[-73.8419149999983,40.830810000092505],[-73.84227900004636,40.83126699987133],[-73.84267099968352,40.83085700028203],[-73.8444149997559,40.830598999771276],[-73.8445770001376,40.83130200032394],[-73.84420600041685,40.831338999753065],[-73.83995500001586,40.83490100025723],[-73.84002799981079,40.83566300022821],[-73.8432320002734,40.8352310000729],[-73.84468699974248,40.83624699982696],[-73.84559200028892,40.835651000243026],[-73.84573799987879,40.83610700019184],[-73.84667799968705,40.836793999955816],[-73.84649899958691,40.83694000005581],[-73.84676300007585,40.83733199988804],[-73.8472660000411,40.83768500001424],[-73.84758900008129,40.83740999981395],[-73.85047899982624,40.839400999987596],[-73.85015099976317,40.83969799985168],[-73.85063399963693,40.83998799975749],[-73.85093800030886,40.839716999799954],[-73.85081100008726,40.840051000291055],[-73.85117000011246,40.84028199992292],[-73.85142000035772,40.840054999794326],[-73.85289999994114,40.841072000061],[-73.8522649997314,40.841695999749184],[-73.85263299997743,40.84165499989772],[-73.85269200042697,40.84214099975446],[-73.85326800018717,40.84207500014243],[-73.85333500013431,40.84246999987766],[-73.85520999972793,40.842975000248124],[-73.8502579998933,40.844363999854856],[-73.85027100031209,40.844597000039556],[-73.85178699988053,40.84416900027813],[-73.85235500014309,40.84516799982845],[-73.85276100002395,40.8449830002928],[-73.85306800017062,40.84567699987133],[-73.8528339998189,40.845782999715496],[-73.85380499958929,40.84701999996023],[-73.85420399979746,40.84683500015818],[-73.85452099998984,40.84753000032138],[-73.85428199961525,40.84763599991981],[-73.85479299997642,40.84828699990833],[-73.85561899998184,40.84865199980309],[-73.85522499979656,40.848846999779255],[-73.85635700012374,40.85029000025036],[-73.8565880001024,40.85018599992654],[-73.85683499997464,40.85048999994381],[-73.85660200034611,40.85059399979046],[-73.85703300034133,40.85130399977911],[-73.8578469997529,40.85220199985281],[-73.85824799961088,40.85201300010852],[-73.8587690000178,40.85268000030542],[-73.85836599961166,40.852862999712244],[-73.85892200017867,40.85357299984774],[-73.85932399986156,40.853387999995135],[-73.85948600024328,40.853594999759125],[-73.8590719999665,40.85376899978913],[-73.8595020001368,40.85448900004597],[-73.85993599960676,40.854372000035546],[-73.86097099984957,40.856807000150035],[-73.86191999987865,40.85678299968042]]]}},{"type":"Feature","properties":{"market_area_id":"zcta:10462","zcta":"10462","zip":"10462","geography_type":"zcta","name":"10462","vintage":"2020","period_start":"2026-06-01","period_end":"2026-06-30","current_month":"2026-06-30","measure_basis":"index","gross_or_net":"unknown","statistic":"typical_observed_rent_35_65_percentile_smoothed","unit_scope":"all_units","bedroom_count":null,"source_id":"zori","source_artifact_id":"zori-zip-sfrcondomfr-sm-month","source_url":"https://www.zillow.com/research/data/","source_label":"Zillow ZORI — ZIP-level typical observed market rent (all units, smoothed)","not_a_label":"median asking rent","attribution":"Data Provided by Zillow Group","zori_missing":false,"zori_rent_usd":2799.02,"zori_all_units":true},"geometry":{"type":"Polygon","coordinates":[[[-73.87234300030502,40.856252999777354],[-73.86885900035824,40.85722499991312],[-73.86838300015718,40.85781200011773],[-73.8617910000072,40.857983000277784],[-73.86191999987865,40.85678299968042],[-73.86097099984957,40.856807000150035],[-73.85993599960676,40.854372000035546],[-73.8595020001368,40.85448900004597],[-73.8590719999665,40.85376899978913],[-73.85948600024328,40.853594999759125],[-73.85932399986156,40.853387999995135],[-73.85892200017867,40.85357299984774],[-73.85836599961166,40.852862999712244],[-73.8587690000178,40.85268000030542],[-73.85824799961088,40.85201300010852],[-73.8578469997529,40.85220199985281],[-73.85703300034133,40.85130399977911],[-73.85660200034611,40.85059399979046],[-73.85683499997464,40.85048999994381],[-73.8565880001024,40.85018599992654],[-73.85635700012374,40.85029000025036],[-73.85522499979656,40.848846999779255],[-73.85561899998184,40.84865199980309],[-73.85479299997642,40.84828699990833],[-73.85428199961525,40.84763599991981],[-73.85452099998984,40.84753000032138],[-73.85420399979746,40.84683500015818],[-73.85380499958929,40.84701999996023],[-73.8528339998189,40.845782999715496],[-73.85306800017062,40.84567699987133],[-73.85276100002395,40.8449830002928],[-73.85235500014309,40.84516799982845],[-73.85178699988053,40.84416900027813],[-73.85027100031209,40.844597000039556],[-73.8502579998933,40.844363999854856],[-73.85520999972793,40.842975000248124],[-73.85333500013431,40.84246999987766],[-73.85326800018717,40.84207500014243],[-73.85269200042697,40.84214099975446],[-73.85263299997743,40.84165499989772],[-73.8522649997314,40.841695999749184],[-73.85289999994114,40.841072000061],[-73.85142000035772,40.840054999794326],[-73.85117000011246,40.84028199992292],[-73.85081100008726,40.840051000291055],[-73.85093800030886,40.839716999799954],[-73.85063399963693,40.83998799975749],[-73.85015099976317,40.83969799985168],[-73.85047899982624,40.839400999987596],[-73.84758900008129,40.83740999981395],[-73.8472660000411,40.83768500001424],[-73.84676300007585,40.83733199988804],[-73.84649899958691,40.83694000005581],[-73.84667799968705,40.836793999955816],[-73.84573799987879,40.83610700019184],[-73.84559200028892,40.835651000243026],[-73.84468699974248,40.83624699982696],[-73.8432320002734,40.8352310000729],[-73.84002799981079,40.83566300022821],[-73.83995500001586,40.83490100025723],[-73.84420600041685,40.831338999753065],[-73.8445770001376,40.83130200032394],[-73.8444149997559,40.830598999771276],[-73.84267099968352,40.83085700028203],[-73.84227900004636,40.83126699987133],[-73.8419149999983,40.830810000092505],[-73.84233099992491,40.82994099968284],[-73.84238500035158,40.82868800008579],[-73.84525500000504,40.82846300012154],[-73.84504499994276,40.828799999843724],[-73.84874899999757,40.829651000006535],[-73.86033499981492,40.833128999790524],[-73.86058300041036,40.83356199985307],[-73.86144200002776,40.83345099978796],[-73.866372999946,40.83503300010878],[-73.86507400011257,40.83534199987654],[-73.86499499957152,40.8349110001316],[-73.86294300042589,40.83429900001161],[-73.86319100012301,40.83573700031533],[-73.86371500000463,40.83569499972497],[-73.86407599967967,40.837813000121244],[-73.86355500017109,40.837865000157855],[-73.86359500035405,40.83809599993183],[-73.86407599967967,40.8380479997008],[-73.8643679997577,40.83991999994502],[-73.8639379995874,40.84004500001627],[-73.8640990001442,40.840366000021895],[-73.86459999956132,40.84022099969531],[-73.86477199998876,40.840545999681424],[-73.86426200035082,40.840688000208175],[-73.86516699999896,40.84246599984051],[-73.86552400037435,40.8422449997923],[-73.86586300030807,40.84256100031744],[-73.86549500006203,40.842786000009646],[-73.86661700034347,40.84355700000277],[-73.86723499993644,40.84340300024499],[-73.8681250004143,40.84423400020075],[-73.86776800003892,40.84445400009333],[-73.86828299969972,40.844967000069964],[-73.87041000008674,40.84540499976473],[-73.87186200008105,40.84328100004166],[-73.87131399990999,40.84562600014873],[-73.87118699968838,40.84997800014826],[-73.87135900011585,40.85221100031258],[-73.87234300030502,40.856252999777354]]]}},{"type":"Feature","properties":{"market_area_id":"zcta:10463","zcta":"10463","zip":"10463","geography_type":"zcta","name":"10463","vintage":"2020","period_start":"2026-06-01","period_end":"2026-06-30","current_month":"2026-06-30","measure_basis":"index","gross_or_net":"unknown","statistic":"typical_observed_rent_35_65_percentile_smoothed","unit_scope":"all_units","bedroom_count":null,"source_id":"zori","source_artifact_id":"zori-zip-sfrcondomfr-sm-month","source_url":"https://www.zillow.com/research/data/","source_label":"Zillow ZORI — ZIP-level typical observed market rent (all units, smoothed)","not_a_label":"median asking rent","attribution":"Data Provided by Zillow Group","zori_missing":false,"zori_rent_usd":2894.8,"zori_all_units":true},"geometry":{"type":"Polygon","coordinates":[[[-73.9209560002517,40.88728799974785],[-73.91869599979529,40.88688500019349],[-73.91876100009264,40.885569999859506],[-73.91603700002902,40.884866999759936],[-73.9139780003124,40.88637400025457],[-73.9167960000873,40.88707200022955],[-73.9168809995778,40.88874699994595],[-73.91634400017568,40.891287000012596],[-73.91418199962858,40.89059100028163],[-73.91269700002229,40.89056899975703],[-73.91282300041898,40.890066999813676],[-73.91194800000974,40.890132999828886],[-73.91195999970532,40.889670000061855],[-73.90906400011261,40.889507999699475],[-73.90799899973257,40.8889070001594],[-73.90738799981229,40.88781999984317],[-73.90626300005611,40.88757100012161],[-73.90551300021865,40.890194999906655],[-73.90443299977,40.890156999756385],[-73.90435900015017,40.88976899997482],[-73.9029670004303,40.889322000077016],[-73.90301099991291,40.888822999806976],[-73.90278099975914,40.88878700020533],[-73.90236700038066,40.887254000015034],[-73.89983999996056,40.88653699982373],[-73.89645800012103,40.89370600024538],[-73.89718299984413,40.89934700030137],[-73.89640899971724,40.90296100005552],[-73.89663399984812,40.911323999984965],[-73.88600999958031,40.90797899971106],[-73.87801692661849,40.90592958044586],[-73.87903400018914,40.89968500023721],[-73.87991399972293,40.897350999998636],[-73.88719200013622,40.890027999958946],[-73.88733100005338,40.888307999907234],[-73.88696700000531,40.882813999878536],[-73.88809699978437,40.88285500006764],[-73.88997499975103,40.880233000161056],[-73.89140699965388,40.87896900000128],[-73.89732699978417,40.87144599966056],[-73.89779999961219,40.8716820001099],[-73.89843300017209,40.873742000020506],[-73.89900100043465,40.8741030001094],[-73.90000599964192,40.8742089999837],[-73.90045199970577,40.87470199987295],[-73.90005400022082,40.87618400012747],[-73.89957999966957,40.87660800022163],[-73.90021400005438,40.87704699976126],[-73.90131600024434,40.87604499980353],[-73.90169799983576,40.8762659998641],[-73.90271299998707,40.87398500022918],[-73.90285799975203,40.87337699979208],[-73.90246600011487,40.873304000184234],[-73.90310499962423,40.871183999891976],[-73.90390399986549,40.87003999968686],[-73.9035790001755,40.86975000019515],[-73.90448299999873,40.86938800020445],[-73.90414900008787,40.86978799983538],[-73.90430899992144,40.87000300012457],[-73.90570400001435,40.86940200007944],[-73.90792000008983,40.86787499970816],[-73.90814400039584,40.86719000009296],[-73.9083679998035,40.86724700005059],[-73.90768499991319,40.86896699991039],[-73.90793299961031,40.86903199996109],[-73.910142999838,40.86424700033697],[-73.91251999957197,40.861878000255714],[-73.9132340003227,40.86204800005643],[-73.91083099975117,40.864131999941854],[-73.90889000003531,40.867943000044995],[-73.90833900038949,40.86971099991594],[-73.90852599998723,40.87179200008944],[-73.91053200000043,40.87406600010052],[-73.91520000015294,40.875581000112525],[-73.919808000031,40.87657699993835],[-73.92162999992118,40.878321000060794],[-73.92260200041477,40.87877900008067],[-73.92497400012587,40.87914399973161],[-73.9209560002517,40.88728799974785]]]}},{"type":"Feature","properties":{"market_area_id":"zcta:10464","zcta":"10464","zip":"10464","geography_type":"zcta","name":"10464","vintage":"2020","period_start":null,"period_end":null,"current_month":"2026-06-30","measure_basis":"index","gross_or_net":"unknown","statistic":"typical_observed_rent_35_65_percentile_smoothed","unit_scope":"all_units","bedroom_count":null,"source_id":"zori","source_artifact_id":"zori-zip-sfrcondomfr-sm-month","source_url":"https://www.zillow.com/research/data/","source_label":"Zillow ZORI — ZIP-level typical observed market rent (all units, smoothed)","not_a_label":"median asking rent","attribution":"Data Provided by Zillow Group","zori_missing":true,"zori_rent_usd":null,"zori_all_units":true},"geometry":{"type":"MultiPolygon","coordinates":[[[[-73.81956900036903,40.870282999896915],[-73.81869300013486,40.87193799984184],[-73.81840199988173,40.876655999689554],[-73.8154579997101,40.88557400001067],[-73.81516499980715,40.888999000293644],[-73.80440199962216,40.88628100017886],[-73.80529799994778,40.88599799972134],[-73.79925099959588,40.88462999973961],[-73.79449299993001,40.88306799987952],[-73.79410700014063,40.88363100033202],[-73.79301599982132,40.88336099999611],[-73.79370200008468,40.88289699997002],[-73.79366399955153,40.881904000092426],[-73.79436300023367,40.881351000228385],[-73.79468799992368,40.880619999709154],[-73.79524000029272,40.88042500021443],[-73.79499699972017,40.8796779996662],[-73.79610200028317,40.877013000201096],[-73.7969140000449,40.87646000022814],[-73.79684899974757,40.8761349997974],[-73.79800299981606,40.874298999756554],[-73.79863700020088,40.87420099966586],[-73.79899399967795,40.87447799974868],[-73.7997090002536,40.873925000336065],[-73.80096000040648,40.87137399987414],[-73.8025529999678,40.87046399973106],[-73.80297499974219,40.86890399969587],[-73.80455200030829,40.868805999771304],[-73.80489299989183,40.869163999763195],[-73.80581900035469,40.86890399969586],[-73.80576999995088,40.86952099991683],[-73.80787600042153,40.871030999731666],[-73.80881600022977,40.87124899980424],[-73.8083459998765,40.870877999897104],[-73.80848399996874,40.87044800022724],[-73.80787700024642,40.87051999966207],[-73.80747700021335,40.870220000255145],[-73.80783399969042,40.869862999794414],[-73.80665500040588,40.86953000006138],[-73.80671300013219,40.868741000178126],[-73.80490899978537,40.86825399981626],[-73.80479499998253,40.86659600022515],[-73.80390200002996,40.86711599980069],[-73.80307299965148,40.86698599994995],[-73.80308900044332,40.865703000287155],[-73.80232500036216,40.86558899970292],[-73.80180499978016,40.865897999669464],[-73.8014480003031,40.86685599984399],[-73.79799699996828,40.872133999784836],[-73.79717400033591,40.87244600014686],[-73.79590700028949,40.872089000140335],[-73.7952240003992,40.872315999891654],[-73.79519199971384,40.87288500011505],[-73.79467200003015,40.873128999959036],[-73.79402199975183,40.87433100029536],[-73.79369700006183,40.87671999983156],[-73.79343699977082,40.877013000201096],[-73.79452499971707,40.87749999998619],[-73.79402199975183,40.87837799994524],[-73.79329000035604,40.87881600017231],[-73.79309500036237,40.879385000225305],[-73.79072299975296,40.880230000145225],[-73.7909019998531,40.880896000331646],[-73.78960200019473,40.88104300014926],[-73.78925999988797,40.880782999866526],[-73.78908199961275,40.879985999984385],[-73.7899589996718,40.879694000335505],[-73.78979700018841,40.87922299981538],[-73.7881069996444,40.87894599988976],[-73.78642500039463,40.87914999986167],[-73.78577599994121,40.87888400013995],[-73.78518299956427,40.87775000005879],[-73.78529999974013,40.87663399996605],[-73.78770300031168,40.87299699991011],[-73.78756199984637,40.872555000320844],[-73.7872329999584,40.872374000089316],[-73.7863530004246,40.87281100007368],[-73.78572300023774,40.87370100029985],[-73.78578000013916,40.87281999977107],[-73.78538900032692,40.87204800007537],[-73.78467799994918,40.87310499996969],[-73.7835869996299,40.87378099996314],[-73.7833399997577,40.873512999963516],[-73.78382400035467,40.872805000048395],[-73.78272700018759,40.87242399970357],[-73.78251399975227,40.87165800027532],[-73.78408100027264,40.870153000149855],[-73.78582799981973,40.869045999911414],[-73.79017999960475,40.868147999918506],[-73.79190399958563,40.86082899972081],[-73.79368700001606,40.85917600020065],[-73.79403199979757,40.856550999675484],[-73.79647200017902,40.856207000070306],[-73.79798500027273,40.85484900029767],[-73.79841700009287,40.854962999663776],[-73.79876299969925,40.85382100021703],[-73.79837500026005,40.854245000144665],[-73.79816600002272,40.853750999971226],[-73.79849300026085,40.85065900020629],[-73.79932099991609,40.849912999743914],[-73.80020600037106,40.84792700001619],[-73.80183099971944,40.85013100002252],[-73.80499300034926,40.853236999861124],[-73.80438499990373,40.85329800033914],[-73.80480099983033,40.85472099979812],[-73.80563000020881,40.854710000030295],[-73.80457499987452,40.86119100030094],[-73.80664799983485,40.86097700000564],[-73.8075790003206,40.86038500027914],[-73.80759000019125,40.85866300016179],[-73.81096799983283,40.8627139997245],[-73.8138450000573,40.86403000033403],[-73.81510399970777,40.86305700014796],[-73.81508899963916,40.86524400015397],[-73.81675200041899,40.86454400026238],[-73.81634099961693,40.86609999978282],[-73.81469199997913,40.86824200029783],[-73.81553499970299,40.86822199973685],[-73.81561699971876,40.86993299999652],[-73.81592499969032,40.870620000294444],[-73.81765299986918,40.86926499967081],[-73.81857900033202,40.870074000111],[-73.81892599976335,40.86953900020471],[-73.81856699973815,40.868923000101134],[-73.81726799990471,40.86849699978758],[-73.81710499969809,40.867763000080146],[-73.81747399976904,40.86730999980364],[-73.8192720002681,40.869184999985386],[-73.82046099959835,40.869308999932144],[-73.81956900036903,40.870282999896915]]],[[[-73.79171799981279,40.85731300009932],[-73.79131199993192,40.858140999894225],[-73.79051500023881,40.85813899966923],[-73.79012899955111,40.858956999688694],[-73.78933799970578,40.858816999785546],[-73.78889400019008,40.857977000267695],[-73.78843899990542,40.8540429998862],[-73.78704399981251,40.854050999921604],[-73.78814400035263,40.853663999989664],[-73.78552499987104,40.851512999684374],[-73.78441500018347,40.85177100033906],[-73.78436599977967,40.85149399972024],[-73.78355999986572,40.85156099967684],[-73.78345500028374,40.8513959998544],[-73.7845309996361,40.85105900015941],[-73.78366000032315,40.84936099997039],[-73.78303000013629,40.849078000012085],[-73.78245000017816,40.849329999841835],[-73.78147199983675,40.84872000017006],[-73.78270899974592,40.848094000171606],[-73.78173899980045,40.8480250002561],[-73.78150799982177,40.84748399999417],[-73.7820519997949,40.847182000332445],[-73.7821370001837,40.84658000017224],[-73.78248600016316,40.846415999788036],[-73.78234999972072,40.8459889998381],[-73.78307899964177,40.845411000233824],[-73.78307799981688,40.8451639999542],[-73.78242699971362,40.845218999903516],[-73.78239599975149,40.84472799997611],[-73.7833049995976,40.84452399996771],[-73.78295200031849,40.84270600028211],[-73.78222599987217,40.84273500010104],[-73.78131399965302,40.84112499994914],[-73.78153200011123,40.84076200012277],[-73.78132799989672,40.839309000249436],[-73.78156499972319,40.83856299978468],[-73.78197700035015,40.838003000004846],[-73.78192000044874,40.837627000022486],[-73.78237599966,40.837342000075374],[-73.78285699988392,40.83748000033153],[-73.78283299959449,40.83635500000377],[-73.78336999989492,40.8368870002196],[-73.78429299998474,40.83681099986762],[-73.78508800002803,40.83754799992857],[-73.78548700023619,40.837972000000235],[-73.78560100003901,40.83911400007207],[-73.78607600041516,40.83957200009248],[-73.78740100018788,40.83982999966617],[-73.78762899979353,40.84050100032209],[-73.78736299965473,40.840643000265594],[-73.78783800003087,40.84104300019403],[-73.78767999984714,40.84138199990853],[-73.78822499964518,40.84152100027256],[-73.78796899955213,40.84174499973735],[-73.7890210004117,40.84322199985161],[-73.7895989998217,40.843103999993566],[-73.78979800001332,40.84357200023366],[-73.78931199976653,40.84367800004681],[-73.78932900038328,40.84396899985484],[-73.78976500040136,40.844961999872076],[-73.79145500004707,40.84696500014649],[-73.79136499963538,40.84839899985342],[-73.79079899992095,40.848965000284146],[-73.78978700014267,40.84933499971011],[-73.79012000022861,40.85117799966073],[-73.78952000017898,40.851290000155274],[-73.78969699973099,40.851680000315056],[-73.79015799986342,40.85160500014894],[-73.79017999960475,40.852278999745124],[-73.79113299983179,40.85203899999746],[-73.7914220004351,40.85277000012144],[-73.79039399986499,40.853033999737036],[-73.79110299969454,40.85327399995729],[-73.79132899965036,40.85392800011982],[-73.79186400030098,40.85419099970536],[-73.79110299969454,40.854475999904025],[-73.79205900029464,40.85567799978532],[-73.79245400030486,40.857001999906096],[-73.79171799981279,40.85731300009932]]]]}},{"type":"Feature","properties":{"market_area_id":"zcta:10465","zcta":"10465","zip":"10465","geography_type":"zcta","name":"10465","vintage":"2020","period_start":"2026-06-01","period_end":"2026-06-30","current_month":"2026-06-30","measure_basis":"index","gross_or_net":"unknown","statistic":"typical_observed_rent_35_65_percentile_smoothed","unit_scope":"all_units","bedroom_count":null,"source_id":"zori","source_artifact_id":"zori-zip-sfrcondomfr-sm-month","source_url":"https://www.zillow.com/research/data/","source_label":"Zillow ZORI — ZIP-level typical observed market rent (all units, smoothed)","not_a_label":"median asking rent","attribution":"Data Provided by Zillow Group","zori_missing":false,"zori_rent_usd":2767.94,"zori_all_units":true},"geometry":{"type":"Polygon","coordinates":[[[-73.84238500035158,40.82868800008579],[-73.84231099983342,40.82907899989921],[-73.83738800031111,40.83012300017255],[-73.83844100009726,40.83513399972498],[-73.83723400032531,40.835574999833305],[-73.83638999987821,40.835836999769235],[-73.83531100015279,40.83388600006413],[-73.83223999975957,40.835270000263904],[-73.82956699974959,40.83462399980708],[-73.82835599977969,40.83328400011747],[-73.82591499957333,40.83462800031741],[-73.82538999986677,40.835519000262664],[-73.82584000012858,40.83705899976447],[-73.82624099998657,40.842993999936674],[-73.82557999983759,40.84281499979362],[-73.82570600023426,40.84564200021252],[-73.82549299979894,40.845837000212036],[-73.82677499991394,40.848406999890784],[-73.82698099977827,40.849996999867614],[-73.82561300034786,40.85427200000811],[-73.82645900044477,40.85607699986901],[-73.82723900041945,40.85919399990341],[-73.82046800016938,40.861359999762975],[-73.81880699993768,40.86248200011059],[-73.81833900013253,40.86183399981254],[-73.8207660000952,40.86008100014452],[-73.8200270001284,40.8597340002613],[-73.81800500022169,40.861081999763876],[-73.81429000029623,40.86115099966968],[-73.81323099976396,40.86036899969891],[-73.81246599985789,40.8587730000266],[-73.81202599964186,40.85392000006957],[-73.8160490004372,40.85383900001591],[-73.81653700033384,40.8534150002078],[-73.81676499993947,40.85221000011055],[-73.8166190003496,40.851656000026516],[-73.81578800032132,40.850955999904606],[-73.81565799972664,40.850109000319954],[-73.81487600010213,40.8492790002125],[-73.81567399962016,40.848854999762516],[-73.81590299994903,40.84801299979071],[-73.81548000034971,40.8465129999359],[-73.81566600012256,40.846245999964154],[-73.81506100005006,40.846495000185385],[-73.81476599959898,40.846258000069966],[-73.81474399985765,40.845961999997066],[-73.81517200037814,40.84570899997036],[-73.8150140001944,40.84549199971792],[-73.81417999979305,40.84598300010087],[-73.81399499984512,40.84580900001038],[-73.81497599966126,40.84524499974018],[-73.81472600031431,40.84437899990307],[-73.81385699975286,40.84448400014563],[-73.81344000000134,40.843876999661305],[-73.81479699956111,40.843506999661756],[-73.81579199962094,40.8442700002455],[-73.81661099995368,40.84372000033625],[-73.81627899969266,40.84280200007949],[-73.81567500034338,40.842420999745954],[-73.81473700018498,40.83908999998966],[-73.81550100026611,40.83896399975434],[-73.81634200034017,40.83803100010621],[-73.81640799956408,40.83593200023206],[-73.81565000022903,40.833768999698584],[-73.81518599972354,40.83118100011787],[-73.81327699979471,40.828799999843746],[-73.81286900026403,40.8277090001436],[-73.81385500010303,40.82685700030359],[-73.81378899998079,40.82633099997154],[-73.81416700027256,40.825896999670704],[-73.8138040000494,40.82546800023757],[-73.81373799992717,40.82407699973596],[-73.81307000010548,40.82391300009597],[-73.81252199993439,40.82448699978076],[-73.81176399970101,40.82444099977594],[-73.80846899990013,40.82586099984392],[-73.80722899961792,40.825454999840694],[-73.80653200038222,40.824178999672284],[-73.8062639996953,40.82225300026269],[-73.80581900035469,40.82161499997628],[-73.80602299967089,40.82097799966475],[-73.8057280001181,40.820176999993386],[-73.80349100012623,40.818228999855954],[-73.80068699969668,40.818098999937995],[-73.80054799977951,40.817653000312184],[-73.79806399991543,40.816810999661115],[-73.79757600001881,40.815820999691496],[-73.7990749998688,40.81561699979023],[-73.80028599983869,40.814300000267686],[-73.80153500034174,40.81346000010557],[-73.8016309997029,40.81295999984846],[-73.802102999706,40.81299200010288],[-73.80280300021306,40.81248199986257],[-73.80346099998899,40.81271700015372],[-73.80311299983445,40.81344399975323],[-73.80458900011823,40.81518899989169],[-73.80642600007701,40.81660299984689],[-73.80706899978433,40.81653100028218],[-73.8064529998412,40.81535099986991],[-73.80548600026877,40.81484000000049],[-73.80542000014651,40.81329399983158],[-73.80498599977825,40.81221799986203],[-73.80393100034227,40.81209999989296],[-73.80244500001275,40.810110000066885],[-73.80141899999079,40.810649999906744],[-73.80120399990564,40.81052199971758],[-73.8013570000665,40.81031200027466],[-73.80006900010372,40.809693999923184],[-73.79816400037286,40.80954200003081],[-73.7923739999389,40.806851000012735],[-73.79138100042722,40.80681200010697],[-73.79128099996979,40.80740000028109],[-73.7910700000826,40.807383999827216],[-73.79085900019538,40.80656800012412],[-73.79021599958976,40.80587999977764],[-73.79020999974198,40.80503699975161],[-73.79086099984522,40.80433400026757],[-73.79162999994925,40.80414800009944],[-73.79343699977082,40.80430300016241],[-73.79434300014219,40.8049370000907],[-73.79464299971785,40.804482000240924],[-73.79696400027362,40.80549799987792],[-73.79493099959794,40.80477600008202],[-73.79448999955697,40.80499800013981],[-73.79435200036302,40.80521200032562],[-73.79530600041498,40.80592999993649],[-73.79579900033447,40.80618799985789],[-73.79602399956705,40.80582799981737],[-73.79642600014827,40.80590799984403],[-73.79784399980741,40.80655900026642],[-73.80123200039304,40.808548000337034],[-73.80145900017375,40.80893099985361],[-73.8030049998794,40.80924300005386],[-73.80392700014431,40.808528000115125],[-73.8042640004282,40.809019999744336],[-73.80669499969054,40.81044999967262],[-73.80857299965719,40.812258000115044],[-73.81001200013107,40.81310499996421],[-73.81686100019893,40.81368800028818],[-73.82291699987336,40.8125970001524],[-73.82634499974364,40.81119600027776],[-73.82956799957452,40.81106899992501],[-73.83104999970605,40.81000899973238],[-73.83189699962792,40.80886300014698],[-73.83197100014604,40.8074809999696],[-73.83142999964767,40.80682999975252],[-73.8316849999158,40.80609800003083],[-73.83160299990003,40.805074000233944],[-73.83195899955217,40.804865000105515],[-73.83449900039108,40.80501500004313],[-73.8364800002899,40.80592200021278],[-73.83798400016276,40.80622599991446],[-73.84042600019406,40.81187299982322],[-73.8399070003353,40.8144699997511],[-73.83985799993148,40.81597599968362],[-73.84022500035259,40.81722099975158],[-73.83872999980225,40.81955799973979],[-73.83864799978649,40.821971000104426],[-73.84194199976248,40.82788499994628],[-73.84264999976715,40.82790900000681],[-73.84281200014884,40.82863700020609],[-73.84238500035158,40.82868800008579]]]}},{"type":"Feature","properties":{"market_area_id":"zcta:10466","zcta":"10466","zip":"10466","geography_type":"zcta","name":"10466","vintage":"2020","period_start":"2026-06-01","period_end":"2026-06-30","current_month":"2026-06-30","measure_basis":"index","gross_or_net":"unknown","statistic":"typical_observed_rent_35_65_percentile_smoothed","unit_scope":"all_units","bedroom_count":null,"source_id":"zori","source_artifact_id":"zori-zip-sfrcondomfr-sm-month","source_url":"https://www.zillow.com/research/data/","source_label":"Zillow ZORI — ZIP-level typical observed market rent (all units, smoothed)","not_a_label":"median asking rent","attribution":"Data Provided by Zillow Group","zori_missing":false,"zori_rent_usd":3195.27,"zori_all_units":true},"geometry":{"type":"Polygon","coordinates":[[[-73.86538000043431,40.88688399983601],[-73.861360000012,40.89466299978642],[-73.86355900036904,40.89537700019324],[-73.86296099996925,40.89632800007729],[-73.86222000035262,40.89881600004194],[-73.86191599968069,40.8988299998043],[-73.86133499989765,40.90019000032432],[-73.86142299976119,40.89853899996411],[-73.8611130001398,40.89758900014721],[-73.85925799973934,40.90033800021356],[-73.85619399991711,40.89918799970409],[-73.857044000212,40.89793700010693],[-73.85623999994786,40.89762599990797],[-73.8555600004306,40.8986199996632],[-73.85486499994646,40.898319999954126],[-73.85468900021934,40.898602999994424],[-73.85367499989295,40.898447000193954],[-73.85254799958862,40.89978299993981],[-73.85223299994435,40.89964000031131],[-73.84954999988864,40.90304500011085],[-73.84680200043393,40.901552000312236],[-73.84621300025493,40.902077000246884],[-73.84604900022342,40.9041079998533],[-73.84543300028028,40.90427899994301],[-73.84562300025108,40.90477999991172],[-73.8449489996833,40.9047060002257],[-73.84491100004847,40.904190000296914],[-73.84138600009379,40.90417400011905],[-73.84077984766719,40.90163613864993],[-73.83920474770065,40.89937089758258],[-73.8397180001894,40.8975109997763],[-73.83840699976207,40.894060999966754],[-73.82252502887407,40.88943710486315],[-73.82250799961943,40.889882000037545],[-73.82330400038596,40.89005700011433],[-73.82311299969193,40.89077699973232],[-73.82329753297999,40.891009770956664],[-73.82307374304925,40.891113518382255],[-73.81955799960004,40.89016300024619],[-73.82518999985022,40.88698200016559],[-73.83065399987095,40.884852999759374],[-73.83404699958113,40.8839900000235],[-73.8366409999484,40.882120000178475],[-73.84127700031384,40.88031699987089],[-73.84305700037123,40.87922400028873],[-73.8434080000005,40.87965000018368],[-73.84905899961896,40.88216699997492],[-73.84944500030666,40.88207499985082],[-73.85039500016065,40.8825760002337],[-73.85065100025369,40.88219199982414],[-73.85112900010458,40.882344999999624],[-73.8509340001109,40.882716999909725],[-73.85299700002551,40.88340699985953],[-73.85784799957781,40.88493399991554],[-73.85866699991053,40.88494500009679],[-73.86098900029124,40.88593999991488],[-73.8614589997462,40.886016000283234],[-73.86164000039447,40.8856929999826],[-73.8627269996175,40.886038999975355],[-73.86252900014911,40.886422000111025],[-73.86386099959451,40.8868539999694],[-73.86431400022936,40.88695099998692],[-73.86450500002508,40.88660799973551],[-73.86538000043431,40.88688399983601]]]}},{"type":"Feature","properties":{"market_area_id":"zcta:10467","zcta":"10467","zip":"10467","geography_type":"zcta","name":"10467","vintage":"2020","period_start":"2026-06-01","period_end":"2026-06-30","current_month":"2026-06-30","measure_basis":"index","gross_or_net":"unknown","statistic":"typical_observed_rent_35_65_percentile_smoothed","unit_scope":"all_units","bedroom_count":null,"source_id":"zori","source_artifact_id":"zori-zip-sfrcondomfr-sm-month","source_url":"https://www.zillow.com/research/data/","source_label":"Zillow ZORI — ZIP-level typical observed market rent (all units, smoothed)","not_a_label":"median asking rent","attribution":"Data Provided by Zillow Group","zori_missing":false,"zori_rent_usd":2503.88,"zori_all_units":true},"geometry":{"type":"Polygon","coordinates":[[[-73.88701100038624,40.88247199966355],[-73.88719200013622,40.890027999958946],[-73.8805869995675,40.8966930000445],[-73.8800080003326,40.89524400014225],[-73.88033100037276,40.89249099983794],[-73.87805500002284,40.88782700020908],[-73.87783400008989,40.88679800027266],[-73.87760700030917,40.88452299985927],[-73.87812600016795,40.88215399983227],[-73.87467499983312,40.88156299968825],[-73.87494599999475,40.87994800008438],[-73.87091999972468,40.880258000061566],[-73.87001699972636,40.88234400025263],[-73.86921099981241,40.88332500013978],[-73.86748699983153,40.88817899990069],[-73.86368499986743,40.89432499999356],[-73.86355900036904,40.89537700019324],[-73.861360000012,40.89466299978642],[-73.86538000043431,40.88688399983601],[-73.86450500002508,40.88660799973551],[-73.86431400022936,40.88695099998692],[-73.86386099959451,40.8868539999694],[-73.86252900014911,40.886422000111025],[-73.8627269996175,40.886038999975355],[-73.86164000039447,40.8856929999826],[-73.8614589997462,40.886016000283234],[-73.86098900029124,40.88593999991488],[-73.85866699991053,40.88494500009679],[-73.85784799957781,40.88493399991554],[-73.85569099995188,40.88421199976444],[-73.86113499988109,40.8744769998829],[-73.86130599958533,40.873673000326974],[-73.86184600025881,40.87373100001509],[-73.86185700012946,40.87333599984548],[-73.86246899987464,40.87320799974921],[-73.86133099969969,40.8728720001872],[-73.86139099997413,40.87092299968542],[-73.86177900031166,40.87093500007661],[-73.86194099979504,40.87060099969681],[-73.86199299967357,40.86853800001346],[-73.86169399992285,40.86779399973535],[-73.86203200003165,40.86779800028146],[-73.8620789998873,40.86631499981847],[-73.861536999564,40.86630199995939],[-73.86156199967836,40.86554999969042],[-73.8620999998037,40.86553699968118],[-73.86215500005528,40.86438899966916],[-73.86217500014676,40.86357500027663],[-73.86177900031166,40.863562999910336],[-73.86164500041735,40.86310599996643],[-73.86170700034164,40.861242000272476],[-73.86223799989597,40.86125000011788],[-73.86229599962229,40.85964100012469],[-73.86175599984712,40.85964499980448],[-73.86176900026591,40.85898900016855],[-73.86285499966402,40.85909699997536],[-73.86287999977837,40.857953000222025],[-73.86838300015718,40.85781200011773],[-73.86885900035824,40.85722499991312],[-73.8719209996323,40.85636099996824],[-73.87740300009466,40.855487000139526],[-73.87787900029575,40.85646899998311],[-73.87771299971608,40.85717499969347],[-73.87808199978701,40.85809600025255],[-73.87788699979335,40.859320999818536],[-73.87663999983843,40.85959800032419],[-73.87392699964549,40.86306699985044],[-73.8750890001099,40.86619399967258],[-73.87621200021626,40.86675800028522],[-73.87675899966412,40.86693800026455],[-73.87763200042352,40.86672000026479],[-73.87860999986661,40.867593000003694],[-73.880790999782,40.86639500025393],[-73.88070100026862,40.866989999865595],[-73.87911000035713,40.868030000294134],[-73.87973799999583,40.86805699997347],[-73.88037499985539,40.86919400017555],[-73.8814689996494,40.868572999805146],[-73.88246999955703,40.87212799969814],[-73.88340000021785,40.87394700028053],[-73.883423999609,40.8757420000795],[-73.88383000038817,40.876783000080735],[-73.88526499976574,40.87922800014426],[-73.88577399957877,40.879599999913914],[-73.88593599996047,40.88048099987037],[-73.88701100038624,40.88247199966355]]]}},{"type":"Feature","properties":{"market_area_id":"zcta:10468","zcta":"10468","zip":"10468","geography_type":"zcta","name":"10468","vintage":"2020","period_start":"2026-06-01","period_end":"2026-06-30","current_month":"2026-06-30","measure_basis":"index","gross_or_net":"unknown","statistic":"typical_observed_rent_35_65_percentile_smoothed","unit_scope":"all_units","bedroom_count":null,"source_id":"zori","source_artifact_id":"zori-zip-sfrcondomfr-sm-month","source_url":"https://www.zillow.com/research/data/","source_label":"Zillow ZORI — ZIP-level typical observed market rent (all units, smoothed)","not_a_label":"median asking rent","attribution":"Data Provided by Zillow Group","zori_missing":false,"zori_rent_usd":2194.15,"zori_all_units":true},"geometry":{"type":"Polygon","coordinates":[[[-73.91928999999713,40.85747499976578],[-73.91433999981231,40.8625209998917],[-73.91085099984267,40.86652799986379],[-73.90920300002976,40.869775999915625],[-73.90910500012046,40.87167599998225],[-73.90852599998723,40.87179200008944],[-73.90831000007717,40.87065199989429],[-73.90889000003531,40.867943000044995],[-73.91083099975117,40.864131999941854],[-73.9132340003227,40.86204800005643],[-73.91251999957197,40.861878000255714],[-73.91059899994758,40.86362399971181],[-73.90933799974897,40.865703000287155],[-73.90793299961031,40.86903199996109],[-73.90768499991319,40.86896699991039],[-73.9083679998035,40.86724700005059],[-73.90814400039584,40.86719000009296],[-73.90792000008983,40.86787499970816],[-73.90570400001435,40.86940200007944],[-73.90430899992144,40.87000300012457],[-73.90414900008787,40.86978799983538],[-73.90448299999873,40.86938800020445],[-73.9035790001755,40.86975000019515],[-73.90390399986549,40.87003999968686],[-73.90310499962423,40.871183999891976],[-73.90246600011487,40.873304000184234],[-73.90285799975203,40.87337699979208],[-73.90271299998707,40.87398500022918],[-73.90169799983576,40.8762659998641],[-73.90131600024434,40.87604499980353],[-73.90021400005438,40.87704699976126],[-73.89957999966957,40.87660800022163],[-73.90005400022082,40.87618400012747],[-73.90045199970577,40.87470199987295],[-73.90000599964192,40.8742089999837],[-73.89900100043465,40.8741030001094],[-73.89843300017209,40.873742000020506],[-73.89779999961219,40.8716820001099],[-73.89732699978417,40.87144599966056],[-73.89140699965388,40.87896900000128],[-73.88997499975103,40.880233000161056],[-73.88809699978437,40.88285500006764],[-73.88696700000531,40.882813999878536],[-73.88577399957877,40.879599999913914],[-73.88478199989197,40.878419000165415],[-73.88737700008414,40.872723000100514],[-73.88867300044286,40.87149699988652],[-73.89173700026507,40.869510999830275],[-73.8970680002164,40.862533999813586],[-73.8999489997405,40.85741999979757],[-73.90369100032846,40.8587090002016],[-73.90390800006344,40.85836799990041],[-73.90587100041893,40.85904500029164],[-73.90574400019732,40.85927199991759],[-73.90613400018468,40.859406000337316],[-73.9062699997288,40.85918699990635],[-73.90725800011595,40.859354000216754],[-73.90944900007705,40.86032799985058],[-73.91002200036249,40.861017000062574],[-73.91050299968813,40.86030999977659],[-73.91092899966047,40.860646999972985],[-73.91418699965145,40.859190000196335],[-73.91515800032013,40.858910999821106],[-73.91451300006469,40.859452999953845],[-73.91563799982087,40.85915799981362],[-73.91687499973003,40.85800899986215],[-73.91742499955093,40.856773999841835],[-73.91928999999713,40.85747499976578]]]}},{"type":"Feature","properties":{"market_area_id":"zcta:10469","zcta":"10469","zip":"10469","geography_type":"zcta","name":"10469","vintage":"2020","period_start":"2026-06-01","period_end":"2026-06-30","current_month":"2026-06-30","measure_basis":"index","gross_or_net":"unknown","statistic":"typical_observed_rent_35_65_percentile_smoothed","unit_scope":"all_units","bedroom_count":null,"source_id":"zori","source_artifact_id":"zori-zip-sfrcondomfr-sm-month","source_url":"https://www.zillow.com/research/data/","source_label":"Zillow ZORI — ZIP-level typical observed market rent (all units, smoothed)","not_a_label":"median asking rent","attribution":"Data Provided by Zillow Group","zori_missing":false,"zori_rent_usd":3198.69,"zori_all_units":true},"geometry":{"type":"Polygon","coordinates":[[[-73.86176900026591,40.85898900016855],[-73.86175599984712,40.85964499980448],[-73.86229599962229,40.85964100012469],[-73.86223799989597,40.86125000011788],[-73.86170700034164,40.861242000272476],[-73.86164500041735,40.86310599996643],[-73.86177900031166,40.863562999910336],[-73.86217500014676,40.86357500027663],[-73.86215500005528,40.86438899966916],[-73.8620999998037,40.86553699968118],[-73.86156199967836,40.86554999969042],[-73.861536999564,40.86630199995939],[-73.8620789998873,40.86631499981847],[-73.86203200003165,40.86779800028146],[-73.86169399992285,40.86779399973535],[-73.86199299967357,40.86853800001346],[-73.86194099979504,40.87060099969681],[-73.86177900031166,40.87093500007661],[-73.86139099997413,40.87092299968542],[-73.86133099969969,40.8728720001872],[-73.86246899987464,40.87320799974921],[-73.86185700012946,40.87333599984548],[-73.86184600025881,40.87373100001509],[-73.86130599958533,40.873673000326974],[-73.86113499988109,40.8744769998829],[-73.85569099995188,40.88421199976444],[-73.8509340001109,40.882716999909725],[-73.85112900010458,40.882344999999624],[-73.85065100025369,40.88219199982414],[-73.85039500016065,40.8825760002337],[-73.84944500030666,40.88207499985082],[-73.84905899961896,40.88216699997492],[-73.8434080000005,40.87965000018368],[-73.84305700037123,40.87922400028873],[-73.84127700031384,40.88031699987089],[-73.83874300022107,40.881266000029974],[-73.83549000025293,40.87533400023742],[-73.83526699977186,40.8742800002147],[-73.83581800031601,40.873797999896105],[-73.83316000037466,40.86831999984638],[-73.83273000020434,40.868457000172285],[-73.8295940004121,40.86217299983142],[-73.82758300037604,40.8600730001579],[-73.82652399984379,40.85650600031258],[-73.83277500041018,40.85599099968973],[-73.83639499990109,40.85666000019487],[-73.83694200024726,40.856918999961636],[-73.83681900022363,40.85727699966663],[-73.83724099999802,40.85735800027287],[-73.84739699956235,40.858683000212594],[-73.86287999977837,40.857953000222025],[-73.86285499966402,40.85909699997536],[-73.86176900026591,40.85898900016855]]]}},{"type":"Feature","properties":{"market_area_id":"zcta:10470","zcta":"10470","zip":"10470","geography_type":"zcta","name":"10470","vintage":"2020","period_start":null,"period_end":null,"current_month":"2026-06-30","measure_basis":"index","gross_or_net":"unknown","statistic":"typical_observed_rent_35_65_percentile_smoothed","unit_scope":"all_units","bedroom_count":null,"source_id":"zori","source_artifact_id":"zori-zip-sfrcondomfr-sm-month","source_url":"https://www.zillow.com/research/data/","source_label":"Zillow ZORI — ZIP-level typical observed market rent (all units, smoothed)","not_a_label":"median asking rent","attribution":"Data Provided by Zillow Group","zori_missing":true,"zori_rent_usd":null,"zori_all_units":true},"geometry":{"type":"Polygon","coordinates":[[[-73.88049200003124,40.896551000058444],[-73.87944400026797,40.89821699986927],[-73.87903400018914,40.89968500023721],[-73.87801692661849,40.90592958044586],[-73.8652680002813,40.90196199970588],[-73.86279977165925,40.90154380366202],[-73.85946905187396,40.90052549064706],[-73.8590781881552,40.901016274547814],[-73.85937823018969,40.90157349918568],[-73.85902830608947,40.901453191831116],[-73.8588652778742,40.90171997642482],[-73.85946516403254,40.901942159855466],[-73.85956271711368,40.902375730453294],[-73.85926559016617,40.90267776112901],[-73.85840201820426,40.902221537364035],[-73.85797058695412,40.90285918975095],[-73.85756094097768,40.90292607733757],[-73.85711216866795,40.90365781466232],[-73.85699283680202,40.90459249105902],[-73.8574184030987,40.904880027358914],[-73.85695458637616,40.9052419152817],[-73.85665563235949,40.90506328270387],[-73.8560114968202,40.905314266431205],[-73.85663274926844,40.90569769032626],[-73.85634500042816,40.906175999960546],[-73.85568699975391,40.90605999969013],[-73.85500599056441,40.90689973184484],[-73.85423903001171,40.90704115151537],[-73.8538348728699,40.90798263293723],[-73.85485058767183,40.90825971328446],[-73.85399700010821,40.909275999674435],[-73.85293500010123,40.90991899990945],[-73.85218400043885,40.909514999699],[-73.85136054448233,40.91004147700483],[-73.85352799957984,40.90746500029313],[-73.85098699981435,40.90653999983931],[-73.85013800024271,40.90749599968579],[-73.84743099989755,40.906244000328826],[-73.8453920002724,40.905646999679924],[-73.84490100000271,40.90508000019433],[-73.8449489996833,40.9047060002257],[-73.84562300025108,40.90477999991172],[-73.84543300028028,40.90427899994301],[-73.84604900022342,40.9041079998533],[-73.84621300025493,40.902077000246884],[-73.84680200043393,40.901552000312236],[-73.84954999988864,40.90304500011085],[-73.85223299994435,40.89964000031131],[-73.85254799958862,40.89978299993981],[-73.85367499989295,40.898447000193954],[-73.85468900021934,40.898602999994424],[-73.85486499994646,40.898319999954126],[-73.8555600004306,40.8986199996632],[-73.85623999994786,40.89762599990797],[-73.857044000212,40.89793700010693],[-73.85619399991711,40.89918799970409],[-73.85925799973934,40.90033800021356],[-73.8611130001398,40.89758900014721],[-73.86142299976119,40.89853899996411],[-73.86133499989765,40.90019000032432],[-73.86191599968069,40.8988299998043],[-73.86222000035262,40.89881600004194],[-73.86296099996925,40.89632800007729],[-73.86355900036904,40.89537700019324],[-73.86368499986743,40.89432499999356],[-73.86748699983153,40.88817899990069],[-73.86921099981241,40.88332500013978],[-73.87001699972636,40.88234400025263],[-73.87091999972468,40.880258000061566],[-73.87494599999475,40.87994800008438],[-73.87467499983312,40.88156299968825],[-73.87812600016795,40.88215399983227],[-73.87760700030917,40.88452299985927],[-73.87783400008989,40.88679800027266],[-73.87805500002284,40.88782700020908],[-73.88033100037276,40.89249099983794],[-73.8800080003326,40.89524400014225],[-73.88049200003124,40.896551000058444]]]}},{"type":"Feature","properties":{"market_area_id":"zcta:10471","zcta":"10471","zip":"10471","geography_type":"zcta","name":"10471","vintage":"2020","period_start":null,"period_end":null,"current_month":"2026-06-30","measure_basis":"index","gross_or_net":"unknown","statistic":"typical_observed_rent_35_65_percentile_smoothed","unit_scope":"all_units","bedroom_count":null,"source_id":"zori","source_artifact_id":"zori-zip-sfrcondomfr-sm-month","source_url":"https://www.zillow.com/research/data/","source_label":"Zillow ZORI — ZIP-level typical observed market rent (all units, smoothed)","not_a_label":"median asking rent","attribution":"Data Provided by Zillow Group","zori_missing":true,"zori_rent_usd":null,"zori_all_units":true},"geometry":{"type":"Polygon","coordinates":[[[-73.9209560002517,40.88728799974785],[-73.91976100017534,40.8911300003225],[-73.91815000017235,40.89411199974535],[-73.91835799968649,40.894586000280796],[-73.9179850003159,40.89489200000879],[-73.91512399998496,40.9031250002906],[-73.91429399978156,40.9042390002237],[-73.91158800015964,40.91402899970882],[-73.91051600010691,40.915282000256084],[-73.89663399984812,40.911323999984965],[-73.89640899971724,40.90296100005552],[-73.89718299984413,40.89934700030137],[-73.89645800012103,40.89370600024538],[-73.89983999996056,40.88653699982373],[-73.90236700038066,40.887254000015034],[-73.90278099975914,40.88878700020533],[-73.90301099991291,40.888822999806976],[-73.9029670004303,40.889322000077016],[-73.90435900015017,40.88976899997482],[-73.90443299977,40.890156999756385],[-73.90551300021865,40.890194999906655],[-73.90626300005611,40.88757100012161],[-73.90738799981229,40.88781999984317],[-73.90799899973257,40.8889070001594],[-73.90906400011261,40.889507999699475],[-73.91195999970532,40.889670000061855],[-73.91194800000974,40.890132999828886],[-73.91282300041898,40.890066999813676],[-73.91269700002229,40.89056899975703],[-73.91418199962858,40.89059100028163],[-73.91634400017568,40.891287000012596],[-73.9168809995778,40.88874699994595],[-73.9167960000873,40.88707200022955],[-73.9139780003124,40.88637400025457],[-73.91603700002902,40.884866999759936],[-73.91876100009264,40.885569999859506],[-73.91869599979529,40.88688500019349],[-73.9209560002517,40.88728799974785]]]}},{"type":"Feature","properties":{"market_area_id":"zcta:10472","zcta":"10472","zip":"10472","geography_type":"zcta","name":"10472","vintage":"2020","period_start":null,"period_end":null,"current_month":"2026-06-30","measure_basis":"index","gross_or_net":"unknown","statistic":"typical_observed_rent_35_65_percentile_smoothed","unit_scope":"all_units","bedroom_count":null,"source_id":"zori","source_artifact_id":"zori-zip-sfrcondomfr-sm-month","source_url":"https://www.zillow.com/research/data/","source_label":"Zillow ZORI — ZIP-level typical observed market rent (all units, smoothed)","not_a_label":"median asking rent","attribution":"Data Provided by Zillow Group","zori_missing":true,"zori_rent_usd":null,"zori_all_units":true},"geometry":{"type":"Polygon","coordinates":[[[-73.8845309998218,40.82564700031942],[-73.88355699967838,40.82893800020791],[-73.88357799959476,40.82951100003705],[-73.88388700028958,40.82980899988903],[-73.87998300021823,40.834680000133744],[-73.87761499980677,40.836569000312565],[-73.87368899999413,40.83638999980935],[-73.86904900032901,40.83569999994227],[-73.86144200002776,40.83345099978796],[-73.86058300041036,40.83356199985307],[-73.86033499981492,40.833128999790524],[-73.8588529996834,40.83267299974877],[-73.84874899999757,40.829651000006535],[-73.84504499994276,40.828799999843724],[-73.84525500000504,40.82846300012154],[-73.84699900007742,40.82800000004397],[-73.88441100017121,40.82296999973452],[-73.8845309998218,40.82564700031942]]]}},{"type":"Feature","properties":{"market_area_id":"zcta:10473","zcta":"10473","zip":"10473","geography_type":"zcta","name":"10473","vintage":"2020","period_start":"2026-06-01","period_end":"2026-06-30","current_month":"2026-06-30","measure_basis":"index","gross_or_net":"unknown","statistic":"typical_observed_rent_35_65_percentile_smoothed","unit_scope":"all_units","bedroom_count":null,"source_id":"zori","source_artifact_id":"zori-zip-sfrcondomfr-sm-month","source_url":"https://www.zillow.com/research/data/","source_label":"Zillow ZORI — ZIP-level typical observed market rent (all units, smoothed)","not_a_label":"median asking rent","attribution":"Data Provided by Zillow Group","zori_missing":false,"zori_rent_usd":3092.81,"zori_all_units":true},"geometry":{"type":"Polygon","coordinates":[[[-73.88441100017121,40.82296999973452],[-73.84281200014884,40.82863700020609],[-73.84007300001663,40.82123000028031],[-73.84021000028397,40.81994200029398],[-73.84204700024277,40.81862600032415],[-73.84226399997775,40.81761099982405],[-73.84433299974013,40.814850000180705],[-73.84459499968095,40.813466000066754],[-73.84547599993799,40.81197799987717],[-73.84638700033221,40.81162500023409],[-73.84625599991269,40.811309999937734],[-73.84684900028958,40.81071399990874],[-73.84768699999059,40.81149199988345],[-73.84816700038961,40.81251999971435],[-73.8488929999376,40.81305499977256],[-73.85045600026002,40.81356200005154],[-73.85060299967479,40.81392999972622],[-73.851510999696,40.814253999996616],[-73.85285399991037,40.81445300023027],[-73.85264899987096,40.81400699988764],[-73.85300200004836,40.81369400022874],[-73.85093499993582,40.81352099979881],[-73.84935900009293,40.81231400029283],[-73.84923600006928,40.81179400032063],[-73.8495239999494,40.81132799972297],[-73.84920799958188,40.81095700014028],[-73.8502579998933,40.80960900023649],[-73.85028700020563,40.80847500000792],[-73.84871200018765,40.80750200002385],[-73.84848500040692,40.80712800020059],[-73.84857599974521,40.80636700029194],[-73.84844000020108,40.8061289999775],[-73.84768899964041,40.806065000313005],[-73.84764199978474,40.80512999967503],[-73.84843199980517,40.80499000030377],[-73.84995400011968,40.805286999944634],[-73.85017500005263,40.80448899989612],[-73.85058299958331,40.80442099971755],[-73.85170400003986,40.80472599973378],[-73.85431099992758,40.80443400015711],[-73.8565300003761,40.80479400027974],[-73.85802500002812,40.805406000018486],[-73.85866500026071,40.80683299969293],[-73.85911100032456,40.80636600007812],[-73.85933100043258,40.80757200015656],[-73.85911100032456,40.8069140000736],[-73.8584810001377,40.808065000262594],[-73.85903299960844,40.80994700004998],[-73.85990600036784,40.80957299972844],[-73.8594949995658,40.80896999987388],[-73.85944000021252,40.80803799993509],[-73.85990600036784,40.80910699985057],[-73.86111200031488,40.80976499994597],[-73.86758700028895,40.810608999894285],[-73.87074300017268,40.81450400013943],[-73.87751299969952,40.816586000192764],[-73.8805459995596,40.81846800031117],[-73.8809809997528,40.81823800017031],[-73.88244799981572,40.8192690002254],[-73.88432800033054,40.82261400020994],[-73.88441100017121,40.82296999973452]]]}},{"type":"Feature","properties":{"market_area_id":"zcta:10474","zcta":"10474","zip":"10474","geography_type":"zcta","name":"10474","vintage":"2020","period_start":null,"period_end":null,"current_month":"2026-06-30","measure_basis":"index","gross_or_net":"unknown","statistic":"typical_observed_rent_35_65_percentile_smoothed","unit_scope":"all_units","bedroom_count":null,"source_id":"zori","source_artifact_id":"zori-zip-sfrcondomfr-sm-month","source_url":"https://www.zillow.com/research/data/","source_label":"Zillow ZORI — ZIP-level typical observed market rent (all units, smoothed)","not_a_label":"median asking rent","attribution":"Data Provided by Zillow Group","zori_missing":true,"zori_rent_usd":null,"zori_all_units":true},"geometry":{"type":"Polygon","coordinates":[[[-73.89795799979592,40.812968000083515],[-73.89844800024069,40.81317699984767],[-73.89542799990109,40.815845000038514],[-73.89515799956436,40.81568299990687],[-73.88993499956806,40.82061400033336],[-73.88720100035704,40.82259999996429],[-73.88441100017121,40.82296999973452],[-73.88244799981572,40.8192690002254],[-73.8809809997528,40.81823800017031],[-73.88140800044837,40.81799300001507],[-73.87935399985628,40.81637099991222],[-73.87683300018227,40.815268000110926],[-73.87199799962521,40.81374299983622],[-73.86813200008699,40.80687200026631],[-73.87168999965361,40.801533999986674],[-73.87342399968026,40.80081100029075],[-73.87470599979527,40.80093099984573],[-73.8747359999325,40.80117199995706],[-73.87563999975573,40.80141799995544],[-73.87566800024312,40.800969999807414],[-73.87835899979646,40.80130199972147],[-73.87790600005992,40.80227200002158],[-73.87835499959849,40.802952000290155],[-73.88354099978486,40.80212899990849],[-73.88389200031246,40.801745999895026],[-73.88481799987699,40.801901999728756],[-73.88627700044232,40.80337799972892],[-73.887570000428,40.804184999717435],[-73.88770299959906,40.80483100021763],[-73.88874399968967,40.80474800021804],[-73.88910100006503,40.80496799989971],[-73.8894020003639,40.80529700020478],[-73.88924199963203,40.8059370001189],[-73.89000400006334,40.80573999994865],[-73.89153200022567,40.80598199981683],[-73.89175999983128,40.80645000030657],[-73.89483500042249,40.806221999730575],[-73.89511099970869,40.80685900030437],[-73.89633599992229,40.806714000138044],[-73.89625200025672,40.80624600015017],[-73.89727300025581,40.80613799989351],[-73.89734500022584,40.80654600024321],[-73.89822099956167,40.80641400012453],[-73.89813699989608,40.80564599997536],[-73.89848599987553,40.80547699986946],[-73.90218400008256,40.80487700022182],[-73.90298800034668,40.80936400017042],[-73.89795799979592,40.812968000083515]]]}},{"type":"Feature","properties":{"market_area_id":"zcta:10475","zcta":"10475","zip":"10475","geography_type":"zcta","name":"10475","vintage":"2020","period_start":null,"period_end":null,"current_month":"2026-06-30","measure_basis":"index","gross_or_net":"unknown","statistic":"typical_observed_rent_35_65_percentile_smoothed","unit_scope":"all_units","bedroom_count":null,"source_id":"zori","source_artifact_id":"zori-zip-sfrcondomfr-sm-month","source_url":"https://www.zillow.com/research/data/","source_label":"Zillow ZORI — ZIP-level typical observed market rent (all units, smoothed)","not_a_label":"median asking rent","attribution":"Data Provided by Zillow Group","zori_missing":true,"zori_rent_usd":null,"zori_all_units":true},"geometry":{"type":"Polygon","coordinates":[[[-73.83698699955481,40.88193900028945],[-73.83434600023018,40.88385000006707],[-73.83301399988646,40.8844190003112],[-73.83065399987095,40.884852999759374],[-73.82518999985022,40.88698200016559],[-73.81955799960004,40.89016300024619],[-73.81516499980715,40.888999000293644],[-73.81541300040256,40.886654999740465],[-73.81981399969308,40.88557400001068],[-73.81992599984606,40.882120000178475],[-73.82329599999004,40.87309800008437],[-73.82126700041061,40.869070999960904],[-73.82087300022532,40.868907000225],[-73.82116399958014,40.86858300003333],[-73.8204000003973,40.86824200029781],[-73.81993800043995,40.863737000253764],[-73.81945899986583,40.86280999974874],[-73.81880699993768,40.86248200011059],[-73.82046800016938,40.861359999762975],[-73.82723900041945,40.85919399990341],[-73.82758300037604,40.8600730001579],[-73.8295940004121,40.86217299983142],[-73.83273000020434,40.868457000172285],[-73.83316000037466,40.86831999984638],[-73.83581800031601,40.873797999896105],[-73.83526699977186,40.8742800002147],[-73.83540499986414,40.87512299970219],[-73.83874300022107,40.881266000029974],[-73.83698699955481,40.88193900028945]]]}},{"type":"Feature","properties":{"market_area_id":"zcta:10550","zcta":"10550","zip":"10550","geography_type":"zcta","name":"10550","vintage":"2020","period_start":"2026-06-01","period_end":"2026-06-30","current_month":"2026-06-30","measure_basis":"index","gross_or_net":"unknown","statistic":"typical_observed_rent_35_65_percentile_smoothed","unit_scope":"all_units","bedroom_count":null,"source_id":"zori","source_artifact_id":"zori-zip-sfrcondomfr-sm-month","source_url":"https://www.zillow.com/research/data/","source_label":"Zillow ZORI — ZIP-level typical observed market rent (all units, smoothed)","not_a_label":"median asking rent","attribution":"Data Provided by Zillow Group","zori_missing":false,"zori_rent_usd":2564.93,"zori_all_units":true},"geometry":{"type":"MultiPolygon","coordinates":[[[[-73.82330199983774,40.89098900023569],[-73.82311299969187,40.89077699973232],[-73.82330400038592,40.89005700011433],[-73.82250799961938,40.889882000037545],[-73.82236299985445,40.88964000010016],[-73.82237500044833,40.88947700002509],[-73.82260676703335,40.88983781767702],[-73.8233566782153,40.88988157875334],[-73.82330199983774,40.89098900023569]]],[[[-73.8232058368587,40.88971956129002],[-73.8240170004135,40.88975000011971],[-73.82400900001753,40.88997800005938],[-73.83840699976206,40.89406099996674],[-73.83965500044022,40.89724899996382],[-73.83966427077611,40.89784862849018],[-73.8383932482538,40.89407528936586],[-73.83525916185465,40.893399924936425],[-73.83356975289828,40.89281470676806],[-73.83184626521107,40.892362560086255],[-73.83095899498075,40.89203843972356],[-73.82366973385672,40.88991202110776],[-73.8232058368587,40.88971956129002]]],[[[-73.83927094801824,40.89867608591956],[-73.83927366313796,40.898668827802275],[-73.83927885378053,40.898658563486116],[-73.83927094801824,40.89867608591956]]],[[[-73.83999904588231,40.90052010747523],[-73.84044499956234,40.90112399989318],[-73.84057760359514,40.90130705123021],[-73.83999904588231,40.90052010747523]]],[[[-73.84106380233999,40.90322064839714],[-73.84138600009376,40.90417400011908],[-73.84441999977874,40.9041719999268],[-73.84491100004854,40.90419000029692],[-73.84494899968327,40.90470600022568],[-73.8449010000026,40.90508000019434],[-73.84539200027247,40.905646999679924],[-73.84743099989751,40.906244000328854],[-73.85013800024268,40.90749599968583],[-73.85041916345926,40.90720743070738],[-73.85017443634919,40.90751614882089],[-73.84708158975563,40.906165016109405],[-73.84482013013464,40.90553823258766],[-73.84489390894042,40.90419914953821],[-73.84138815091262,40.904181024331685],[-73.8411327866977,40.9035120112595],[-73.84106380233999,40.90322064839714]]],[[[-73.85066100029943,40.90692500022029],[-73.85098699981425,40.90653999983933],[-73.85352799957987,40.90746500029318],[-73.85092185537377,40.9066247773615],[-73.85066100029943,40.90692500022029]]],[[[-73.8529683118393,40.90814154279275],[-73.8523690003867,40.9088799998088],[-73.85234086586951,40.90888067663242],[-73.8529683118393,40.90814154279275]]],[[[-73.85107242459652,40.9103798033822],[-73.85218400043865,40.909514999699],[-73.8526780001832,40.90989899972186],[-73.85268400003095,40.91011900009504],[-73.85227577862543,40.90986238268016],[-73.85144880250046,40.910457954888585],[-73.85107242459652,40.9103798033822]]]]}},{"type":"Feature","properties":{"market_area_id":"zcta:10704","zcta":"10704","zip":"10704","geography_type":"zcta","name":"10704","vintage":"2020","period_start":"2026-06-01","period_end":"2026-06-30","current_month":"2026-06-30","measure_basis":"index","gross_or_net":"unknown","statistic":"typical_observed_rent_35_65_percentile_smoothed","unit_scope":"all_units","bedroom_count":null,"source_id":"zori","source_artifact_id":"zori-zip-sfrcondomfr-sm-month","source_url":"https://www.zillow.com/research/data/","source_label":"Zillow ZORI — ZIP-level typical observed market rent (all units, smoothed)","not_a_label":"median asking rent","attribution":"Data Provided by Zillow Group","zori_missing":false,"zori_rent_usd":2708.63,"zori_all_units":true},"geometry":{"type":"MultiPolygon","coordinates":[[[[-73.85277117915076,40.9104142912414],[-73.85267800018327,40.909898999721825],[-73.85399700010821,40.909275999674435],[-73.85485058767183,40.90825971328446],[-73.85459066872595,40.90894778260704],[-73.85335478206477,40.910051424190485],[-73.85277117915076,40.9104142912414]]],[[[-73.85471204722727,40.90801459238905],[-73.85476799986206,40.90815900029824],[-73.85450210232868,40.90801994427553],[-73.85471204722727,40.90801459238905]]],[[[-73.85430199970673,40.90809099986245],[-73.85420399979746,40.90806700033089],[-73.85446221461795,40.9080209610443],[-73.85430199970673,40.90809099986245]]],[[[-73.85552000024764,40.90616499991436],[-73.85634500042816,40.906175999960546],[-73.85663274926844,40.90569769032626],[-73.85692524612507,40.90598245292479],[-73.85655858926178,40.90627031490786],[-73.85552824031687,40.906388534371494],[-73.85500599056441,40.90689973184484],[-73.85552000024764,40.90616499991436]]],[[[-73.85695458637616,40.9052419152817],[-73.8574184030987,40.904880027358914],[-73.85705149168676,40.905299818265625],[-73.85695458637616,40.9052419152817]]],[[[-73.85951999968016,40.902425999802496],[-73.85956271711368,40.902375730453294],[-73.85936299012577,40.90260695418814],[-73.85951999968016,40.902425999802496]]],[[[-73.86134227278818,40.901119852200935],[-73.86077500003098,40.9007869999892],[-73.86198317440218,40.9011835113963],[-73.86134227278818,40.901119852200935]]],[[[-73.8624010001026,40.90134099984733],[-73.86240912529573,40.901345479159964],[-73.86237646435518,40.901331594552836],[-73.8624010001026,40.90134099984733]]],[[[-73.86475408798475,40.902014934641294],[-73.8656349998041,40.90208600003871],[-73.86566887760388,40.90225454358339],[-73.86475408798475,40.902014934641294]]],[[[-73.86695200007922,40.90247499967832],[-73.86770339436343,40.90288810523142],[-73.86651387349829,40.90252148294915],[-73.86695200007922,40.90247499967832]]]]}},{"type":"Feature","properties":{"market_area_id":"zcta:10705","zcta":"10705","zip":"10705","geography_type":"zcta","name":"10705","vintage":"2020","period_start":"2026-06-01","period_end":"2026-06-30","current_month":"2026-06-30","measure_basis":"index","gross_or_net":"unknown","statistic":"typical_observed_rent_35_65_percentile_smoothed","unit_scope":"all_units","bedroom_count":null,"source_id":"zori","source_artifact_id":"zori-zip-sfrcondomfr-sm-month","source_url":"https://www.zillow.com/research/data/","source_label":"Zillow ZORI — ZIP-level typical observed market rent (all units, smoothed)","not_a_label":"median asking rent","attribution":"Data Provided by Zillow Group","zori_missing":false,"zori_rent_usd":2539.84,"zori_all_units":true},"geometry":{"type":"MultiPolygon","coordinates":[[[[-73.87834999957562,40.90598299987232],[-73.87852414462718,40.90605784252948],[-73.87824640919219,40.905982999884166],[-73.87834999957562,40.90598299987232]]],[[[-73.88332173636573,40.90744592867676],[-73.89279900027206,40.9100579996884],[-73.89741032214035,40.9116885119987],[-73.88332173636573,40.90744592867676]]],[[[-73.8977231408042,40.91173812955132],[-73.8995050002248,40.911977999751045],[-73.90232559217105,40.912942101197984],[-73.8977231408042,40.91173812955132]]],[[[-73.90266931915248,40.91303856449915],[-73.91000599957066,40.91507599980907],[-73.91051600010691,40.915282000256084],[-73.91039897894659,40.91558077667102],[-73.90266931915248,40.91303856449915]]]]}},{"type":"Feature","properties":{"market_area_id":"zcta:10803","zcta":"10803","zip":"10803","geography_type":"zcta","name":"10803","vintage":"2020","period_start":"2026-06-01","period_end":"2026-06-30","current_month":"2026-06-30","measure_basis":"index","gross_or_net":"unknown","statistic":"typical_observed_rent_35_65_percentile_smoothed","unit_scope":"all_units","bedroom_count":null,"source_id":"zori","source_artifact_id":"zori-zip-sfrcondomfr-sm-month","source_url":"https://www.zillow.com/research/data/","source_label":"Zillow ZORI — ZIP-level typical observed market rent (all units, smoothed)","not_a_label":"median asking rent","attribution":"Data Provided by Zillow Group","zori_missing":false,"zori_rent_usd":5133.33,"zori_all_units":true},"geometry":{"type":"MultiPolygon","coordinates":[[[[-73.79301599982132,40.88336099999611],[-73.79410700014063,40.88363100033202],[-73.79449299993001,40.88306799987952],[-73.79925099959588,40.88462999973961],[-73.80529799994778,40.88599799972134],[-73.80440199962216,40.88628100017886],[-73.81504799963128,40.88895100026909],[-73.81551363452793,40.88914147091724],[-73.79301599982132,40.88336099999611]]],[[[-73.81574310114986,40.88920540523684],[-73.81850300016406,40.88987800014677],[-73.82307374304925,40.891113518382255],[-73.81574310114986,40.88920540523684]]]]}},{"type":"Feature","properties":{"market_area_id":"zcta:11001","zcta":"11001","zip":"11001","geography_type":"zcta","name":"11001","vintage":"2020","period_start":"2026-06-01","period_end":"2026-06-30","current_month":"2026-06-30","measure_basis":"index","gross_or_net":"unknown","statistic":"typical_observed_rent_35_65_percentile_smoothed","unit_scope":"all_units","bedroom_count":null,"source_id":"zori","source_artifact_id":"zori-zip-sfrcondomfr-sm-month","source_url":"https://www.zillow.com/research/data/","source_label":"Zillow ZORI — ZIP-level typical observed market rent (all units, smoothed)","not_a_label":"median asking rent","attribution":"Data Provided by Zillow Group","zori_missing":false,"zori_rent_usd":2681.25,"zori_all_units":true},"geometry":{"type":"MultiPolygon","coordinates":[[[[-73.72817499984403,40.72309200015828],[-73.72809831080215,40.72311803217038],[-73.72822100194412,40.72307648767717],[-73.72817499984403,40.72309200015828]]],[[[-73.72165373733841,40.72513734604252],[-73.72179779812389,40.72509428676556],[-73.72198447725285,40.72504464528348],[-73.72165373733841,40.72513734604252]]],[[[-73.72063386344158,40.725419252124325],[-73.71998799958463,40.725596999925244],[-73.71914225671631,40.72581888689511],[-73.72063386344158,40.725419252124325]]],[[[-73.71049700036724,40.72727299984299],[-73.71055500009356,40.728041000159934],[-73.71110699956428,40.72811799984646],[-73.71125300005248,40.72899799995291],[-73.71061399964479,40.72905200019467],[-73.71060699997209,40.72945300022846],[-73.71114000007456,40.72936699993751],[-73.71150499994754,40.73046599990461],[-73.71140299984029,40.73091299976347],[-73.71089300020236,40.730970999764146],[-73.71147800018336,40.732501000326714],[-73.71371000015239,40.73617499980715],[-73.7119309999199,40.73655700026369],[-73.71178500033004,40.73615700007005],[-73.70997799961015,40.73655599967914],[-73.71012400009835,40.736945999855415],[-73.70922000027511,40.737140000212065],[-73.70907299996202,40.73674299982382],[-73.70842199985876,40.73688599982002],[-73.70857099982167,40.737278999782866],[-73.7078190003344,40.73729600000429],[-73.70772100042511,40.73703199987983],[-73.70726799979026,40.73712900000348],[-73.70741799957808,40.73752799990882],[-73.70191199972459,40.73871099999873],[-73.70175899956372,40.73829899993151],[-73.70098299978699,40.73889599979349],[-73.70034215879247,40.738952093630246],[-73.70766337817601,40.72783918663069],[-73.71049700036724,40.72727299984299]]],[[[-73.72917599975165,40.71916699983929],[-73.72966100017355,40.72048299999773],[-73.73032443552081,40.72215783681364],[-73.72966224406694,40.7204896342589],[-73.72917599975165,40.71916699983929]]]]}},{"type":"Feature","properties":{"market_area_id":"zcta:11004","zcta":"11004","zip":"11004","geography_type":"zcta","name":"11004","vintage":"2020","period_start":null,"period_end":null,"current_month":"2026-06-30","measure_basis":"index","gross_or_net":"unknown","statistic":"typical_observed_rent_35_65_percentile_smoothed","unit_scope":"all_units","bedroom_count":null,"source_id":"zori","source_artifact_id":"zori-zip-sfrcondomfr-sm-month","source_url":"https://www.zillow.com/research/data/","source_label":"Zillow ZORI — ZIP-level typical observed market rent (all units, smoothed)","not_a_label":"median asking rent","attribution":"Data Provided by Zillow Group","zori_missing":true,"zori_rent_usd":null,"zori_all_units":true},"geometry":{"type":"Polygon","coordinates":[[[-73.72293400030439,40.75412800015367],[-73.72148899998277,40.756426999799714],[-73.71775300014089,40.755347999932034],[-73.71746799973553,40.75568399980332],[-73.71541099966873,40.755678000063526],[-73.71403400001749,40.75461600016565],[-73.71312199979832,40.75223600020676],[-73.7127689996209,40.751912000083614],[-73.7078250001822,40.75621599975574],[-73.70527099999791,40.75476999985818],[-73.71009800015906,40.75059100033138],[-73.70786100016718,40.749190999700254],[-73.70450000024405,40.75098099988059],[-73.70341300012271,40.748054000105164],[-73.70386500003436,40.747963999748606],[-73.70347099984905,40.746906000172366],[-73.7030249997852,40.7470090000313],[-73.70288400021819,40.74663000032574],[-73.70333100010694,40.74653400019935],[-73.70242100043595,40.744465999873206],[-73.70215100009919,40.74282500031213],[-73.70202300005268,40.7425169996883],[-73.7017229995787,40.74257700008963],[-73.70100000040375,40.740860000216465],[-73.70166499985237,40.740717999756015],[-73.70092500006068,40.7387300002773],[-73.70175899956372,40.73829899993151],[-73.70191199972459,40.73871099999873],[-73.70741799957808,40.73752799990882],[-73.70726799979026,40.73712900000348],[-73.70772100042511,40.73703199987983],[-73.7078190003344,40.73729600000429],[-73.70857099982167,40.737278999782866],[-73.70842199985876,40.73688599982002],[-73.70907299996202,40.73674299982382],[-73.70922000027511,40.737140000212065],[-73.71012400009835,40.736945999855415],[-73.70997799961015,40.73655599967914],[-73.71178500033004,40.73615700007005],[-73.7119309999199,40.73655700026369],[-73.71371000015239,40.73617499980715],[-73.71589199989266,40.740137000236466],[-73.71661699961575,40.740110000195095],[-73.71792499967003,40.74337699981482],[-73.71740599981126,40.74351100028785],[-73.71782799958565,40.74448700011904],[-73.71834300014477,40.74433899983304],[-73.71890399983634,40.745589999855426],[-73.71839099982536,40.745726999931996],[-73.72126300002695,40.75247300008465],[-73.72249499991325,40.75335200026577],[-73.72293400030439,40.75412800015367]]]}},{"type":"Feature","properties":{"market_area_id":"zcta:11005","zcta":"11005","zip":"11005","geography_type":"zcta","name":"11005","vintage":"2020","period_start":null,"period_end":null,"current_month":"2026-06-30","measure_basis":"index","gross_or_net":"unknown","statistic":"typical_observed_rent_35_65_percentile_smoothed","unit_scope":"all_units","bedroom_count":null,"source_id":"zori","source_artifact_id":"zori-zip-sfrcondomfr-sm-month","source_url":"https://www.zillow.com/research/data/","source_label":"Zillow ZORI — ZIP-level typical observed market rent (all units, smoothed)","not_a_label":"median asking rent","attribution":"Data Provided by Zillow Group","zori_missing":true,"zori_rent_usd":null,"zori_all_units":true},"geometry":{"type":"Polygon","coordinates":[[[-73.72148899998277,40.756426999799714],[-73.71950300006105,40.75839699984141],[-73.71777999990509,40.75920499968704],[-73.71332500018791,40.75972999975038],[-73.7078250001822,40.75621599975574],[-73.7127689996209,40.751912000083614],[-73.71312199979832,40.75223600020676],[-73.71403400001749,40.75461600016565],[-73.71541099966873,40.755678000063526],[-73.71746799973553,40.75568399980332],[-73.71775300014089,40.755347999932034],[-73.72148899998277,40.756426999799714]]]}},{"type":"Feature","properties":{"market_area_id":"zcta:11020","zcta":"11020","zip":"11020","geography_type":"zcta","name":"11020","vintage":"2020","period_start":null,"period_end":null,"current_month":"2026-06-30","measure_basis":"index","gross_or_net":"unknown","statistic":"typical_observed_rent_35_65_percentile_smoothed","unit_scope":"all_units","bedroom_count":null,"source_id":"zori","source_artifact_id":"zori-zip-sfrcondomfr-sm-month","source_url":"https://www.zillow.com/research/data/","source_label":"Zillow ZORI — ZIP-level typical observed market rent (all units, smoothed)","not_a_label":"median asking rent","attribution":"Data Provided by Zillow Group","zori_missing":true,"zori_rent_usd":null,"zori_all_units":true},"geometry":{"type":"MultiPolygon","coordinates":[[[[-73.73396199990493,40.77244900018946],[-73.73205987254289,40.771310402954384],[-73.73145840292545,40.7709305994352],[-73.73396199990493,40.77244900018946]]],[[[-73.71365599972569,40.75993599972468],[-73.7137558840665,40.760001668816884],[-73.71364588716172,40.75993606642875],[-73.71365599972569,40.75993599972468]]],[[[-73.71430417569478,40.76035666137088],[-73.72604699963212,40.7675270000968],[-73.73122281226885,40.770784725261535],[-73.72153445919753,40.76483144909017],[-73.7209770959217,40.76476841844349],[-73.71430417569478,40.76035666137088]]]]}},{"type":"Feature","properties":{"market_area_id":"zcta:11021","zcta":"11021","zip":"11021","geography_type":"zcta","name":"11021","vintage":"2020","period_start":"2026-06-01","period_end":"2026-06-30","current_month":"2026-06-30","measure_basis":"index","gross_or_net":"unknown","statistic":"typical_observed_rent_35_65_percentile_smoothed","unit_scope":"all_units","bedroom_count":null,"source_id":"zori","source_artifact_id":"zori-zip-sfrcondomfr-sm-month","source_url":"https://www.zillow.com/research/data/","source_label":"Zillow ZORI — ZIP-level typical observed market rent (all units, smoothed)","not_a_label":"median asking rent","attribution":"Data Provided by Zillow Group","zori_missing":false,"zori_rent_usd":4333.33,"zori_all_units":true},"geometry":{"type":"MultiPolygon","coordinates":[[[[-73.73389300030796,40.77252700021551],[-73.73953800007864,40.7758140001888],[-73.73937599969693,40.77601400002443],[-73.74008000040193,40.776208999998715],[-73.7438244198132,40.778469817025446],[-73.73937720790148,40.77602193104632],[-73.73389300030796,40.77252700021551]]],[[[-73.74933399979287,40.78190799969417],[-73.74966104018198,40.78219621880036],[-73.74736496830081,40.78072450098485],[-73.74933399979287,40.78190799969417]]]]}},{"type":"Feature","properties":{"market_area_id":"zcta:11040","zcta":"11040","zip":"11040","geography_type":"zcta","name":"11040","vintage":"2020","period_start":"2026-06-01","period_end":"2026-06-30","current_month":"2026-06-30","measure_basis":"index","gross_or_net":"unknown","statistic":"typical_observed_rent_35_65_percentile_smoothed","unit_scope":"all_units","bedroom_count":null,"source_id":"zori","source_artifact_id":"zori-zip-sfrcondomfr-sm-month","source_url":"https://www.zillow.com/research/data/","source_label":"Zillow ZORI — ZIP-level typical observed market rent (all units, smoothed)","not_a_label":"median asking rent","attribution":"Data Provided by Zillow Group","zori_missing":false,"zori_rent_usd":4177.78,"zori_all_units":true},"geometry":{"type":"Polygon","coordinates":[[[-73.71009800015906,40.75059100033138],[-73.70527099999791,40.75476999985818],[-73.70163326037401,40.75249318788967],[-73.7000102682405,40.739331668003835],[-73.70034215879247,40.738952093630246],[-73.70098299978699,40.73889599979349],[-73.70166499985237,40.740717999756015],[-73.70100000040375,40.740860000216465],[-73.7017229995787,40.74257700008963],[-73.70202300005268,40.7425169996883],[-73.70215100009919,40.74282500031213],[-73.70242100043595,40.744465999873206],[-73.70333100010694,40.74653400019935],[-73.70288400021819,40.74663000032574],[-73.7030249997852,40.7470090000313],[-73.70347099984905,40.746906000172366],[-73.70386500003436,40.747963999748606],[-73.70341300012271,40.748054000105164],[-73.70450000024405,40.75098099988059],[-73.70794800020583,40.74919799973929],[-73.71009800015906,40.75059100033138]]]}},{"type":"Feature","properties":{"market_area_id":"zcta:11101","zcta":"11101","zip":"11101","geography_type":"zcta","name":"11101","vintage":"2020","period_start":"2026-06-01","period_end":"2026-06-30","current_month":"2026-06-30","measure_basis":"index","gross_or_net":"unknown","statistic":"typical_observed_rent_35_65_percentile_smoothed","unit_scope":"all_units","bedroom_count":null,"source_id":"zori","source_artifact_id":"zori-zip-sfrcondomfr-sm-month","source_url":"https://www.zillow.com/research/data/","source_label":"Zillow ZORI — ZIP-level typical observed market rent (all units, smoothed)","not_a_label":"median asking rent","attribution":"Data Provided by Zillow Group","zori_missing":false,"zori_rent_usd":4357.63,"zori_all_units":true},"geometry":{"type":"Polygon","coordinates":[[[-73.96244099957295,40.73964000006435],[-73.96138100011409,40.74280199992148],[-73.95972499990528,40.74526099979076],[-73.95785699998434,40.744871999821626],[-73.95845700003396,40.74431599996596],[-73.95620800034652,40.743871999700644],[-73.95480400003278,40.74804600021449],[-73.95684199983302,40.74882799977653],[-73.95136699994164,40.75452399989632],[-73.94471500041558,40.762878999957124],[-73.94247199967761,40.7619940000138],[-73.94330400042912,40.76065799993262],[-73.93917799970163,40.7591749998498],[-73.93834199965043,40.76051699978354],[-73.93748899988083,40.76020199989003],[-73.93831900008422,40.75886500028528],[-73.92855000013415,40.75356600017821],[-73.92811499994099,40.75378700031878],[-73.92778100003014,40.75357099977998],[-73.92802500042761,40.75327200020431],[-73.92726600036934,40.75284700017765],[-73.926940999781,40.75324599970428],[-73.92654999996876,40.753046999728],[-73.92569300000119,40.754103000309016],[-73.92529100031828,40.75392399984],[-73.92246000012456,40.7574270002913],[-73.91926900008075,40.75592700003732],[-73.91899500044435,40.75626299970416],[-73.91820600024884,40.75587799994399],[-73.91846999983949,40.755557000092104],[-73.91667499971348,40.755047000249874],[-73.91687100043038,40.754806999770906],[-73.91446700003392,40.75366100003304],[-73.91256999980068,40.753303999968246],[-73.91149799974795,40.75455700005197],[-73.90984699956199,40.75163700027575],[-73.91314300008612,40.750967000177155],[-73.91525600022945,40.75084599979815],[-73.92524699993734,40.74853899992963],[-73.9266150002661,40.74169299990847],[-73.92707899987327,40.74174799988213],[-73.92731700042296,40.740553999709846],[-73.92685399974238,40.74049699974021],[-73.92699600003259,40.739796000119675],[-73.92745799998995,40.73984499981288],[-73.92766499967918,40.73882500022745],[-73.92724200007989,40.73859999987493],[-73.92816799964444,40.738225000091894],[-73.92777799965708,40.73809900026755],[-73.92798699989447,40.73703299977657],[-73.92755800044739,40.73698099968088],[-73.92763500044029,40.73659699981046],[-73.92576900016917,40.73627799994845],[-73.92583399956818,40.73570599969846],[-73.9316139999564,40.73682599973055],[-73.93477999988585,40.73555399993783],[-73.93441699966269,40.734883999809455],[-73.93742000028386,40.73376199986551],[-73.93539400017916,40.73176800027476],[-73.93163900007073,40.729223000103985],[-73.92855000013415,40.72935899984151],[-73.92751200041661,40.72912199996384],[-73.92905800012227,40.727688000226735],[-73.93182499984358,40.72848199981954],[-73.93442500005861,40.728817999965],[-73.93752499986584,40.729814999696124],[-73.93965999975046,40.73148700033789],[-73.94037000030326,40.73276699997387],[-73.94031800042474,40.73319500021921],[-73.94216299988112,40.73567799998362],[-73.94683199985853,40.73743699971115],[-73.95254000027671,40.73922800030578],[-73.95508699988999,40.73939999978836],[-73.95706000029124,40.73916699974137],[-73.9624780002812,40.73680200008799],[-73.96244099957295,40.73964000006435]]]}},{"type":"Feature","properties":{"market_area_id":"zcta:11102","zcta":"11102","zip":"11102","geography_type":"zcta","name":"11102","vintage":"2020","period_start":"2026-06-01","period_end":"2026-06-30","current_month":"2026-06-30","measure_basis":"index","gross_or_net":"unknown","statistic":"typical_observed_rent_35_65_percentile_smoothed","unit_scope":"all_units","bedroom_count":null,"source_id":"zori","source_artifact_id":"zori-zip-sfrcondomfr-sm-month","source_url":"https://www.zillow.com/research/data/","source_label":"Zillow ZORI — ZIP-level typical observed market rent (all units, smoothed)","not_a_label":"median asking rent","attribution":"Data Provided by Zillow Group","zori_missing":false,"zori_rent_usd":3156.3,"zori_all_units":true},"geometry":{"type":"Polygon","coordinates":[[[-73.93765499956218,40.77508599997467],[-73.93608899976505,40.77718400012797],[-73.93508200000964,40.77794399994634],[-73.93390799984968,40.7781169999181],[-73.93178800003365,40.77787099997243],[-73.93104999989177,40.77744200021046],[-73.9306289999423,40.77659099973375],[-73.92988099975466,40.77622199984063],[-73.9282770003227,40.7768990003353],[-73.92398099971587,40.77461500010768],[-73.92302599983898,40.77538400006798],[-73.92375800013309,40.77654699982276],[-73.92200200036515,40.77795500020563],[-73.92086099981717,40.77715500021684],[-73.92116799996381,40.77690300024537],[-73.92036899972256,40.776337999677644],[-73.92063499986133,40.77612300030037],[-73.92051799968547,40.77590400025734],[-73.91914100003422,40.77493299973841],[-73.91881499962098,40.775197999741906],[-73.91812699970781,40.774715999875106],[-73.91746999975676,40.77419799994746],[-73.91776199983482,40.77395999995041],[-73.9143099996751,40.77152300012309],[-73.91464500030916,40.771246999740306],[-73.91424699992591,40.77095499986201],[-73.91491399992269,40.77012500028314],[-73.91439800043696,40.77005400004271],[-73.91487399973971,40.769470000083246],[-73.91643799988702,40.76972999967856],[-73.91755400032066,40.76822500029911],[-73.91867599970382,40.76750799988157],[-73.9183510000138,40.7672130002115],[-73.91911199972189,40.76628599983794],[-73.91951699977787,40.76647300007375],[-73.92005599972812,40.76581000014155],[-73.91964399999945,40.76562699998985],[-73.92120499977372,40.763706999876035],[-73.92160999982968,40.76390400025556],[-73.92188000016642,40.76357400013578],[-73.92425299970242,40.7647249998876],[-73.92396800019537,40.76507399997161],[-73.92452300003916,40.765332000134464],[-73.92484100005647,40.764996000041705],[-73.92543400043341,40.76526900007638],[-73.92507500040821,40.76576400028468],[-73.9256870001534,40.76604999967704],[-73.92597400020857,40.765693000147266],[-73.92637199969353,40.76587100008016],[-73.92713400012484,40.76647300007375],[-73.92699100000972,40.76664800024342],[-73.92776599996154,40.767011000164096],[-73.92789400000804,40.76685399986818],[-73.92960499957015,40.76763899967956],[-73.92985599964031,40.7673269998864],[-73.93007200044869,40.76742000024621],[-73.92998799988479,40.76797600012853],[-73.93124499988544,40.768519000135505],[-73.93175799989642,40.768581999834005],[-73.93202400003521,40.76825699966868],[-73.93205699964717,40.768705000109954],[-73.93317599955557,40.769145000178966],[-73.9334450000674,40.768817999847556],[-73.9352269997746,40.76952600030185],[-73.93424599995848,40.77102900001781],[-73.9350229995601,40.77129700013131],[-73.93488700001598,40.77170899985273],[-73.93746600031461,40.77250399989461],[-73.93785799995177,40.774087999894746],[-73.93765499956218,40.77508599997467]]]}},{"type":"Feature","properties":{"market_area_id":"zcta:11103","zcta":"11103","zip":"11103","geography_type":"zcta","name":"11103","vintage":"2020","period_start":"2026-06-01","period_end":"2026-06-30","current_month":"2026-06-30","measure_basis":"index","gross_or_net":"unknown","statistic":"typical_observed_rent_35_65_percentile_smoothed","unit_scope":"all_units","bedroom_count":null,"source_id":"zori","source_artifact_id":"zori-zip-sfrcondomfr-sm-month","source_url":"https://www.zillow.com/research/data/","source_label":"Zillow ZORI — ZIP-level typical observed market rent (all units, smoothed)","not_a_label":"median asking rent","attribution":"Data Provided by Zillow Group","zori_missing":false,"zori_rent_usd":3025.83,"zori_all_units":true},"geometry":{"type":"Polygon","coordinates":[[[-73.92201400006073,40.75853599989704],[-73.9217949997776,40.75843099969094],[-73.92097499961997,40.759900999731144],[-73.9205970002265,40.75972499993129],[-73.92032600006485,40.76005699989094],[-73.92072799974777,40.760237999953404],[-73.91908999998059,40.762263000021484],[-73.91868599974956,40.762072000064876],[-73.91842200015891,40.762393999952224],[-73.92108099992517,40.76319900033026],[-73.92081399996148,40.76352500023598],[-73.92120499977372,40.763706999876035],[-73.91964399999945,40.76562699998985],[-73.92005599972812,40.76581000014155],[-73.91951699977787,40.76647300007375],[-73.91911199972189,40.76628599983794],[-73.9183510000138,40.7672130002115],[-73.91867599970382,40.76750799988157],[-73.91755400032066,40.76822500029911],[-73.91643799988702,40.76972999967856],[-73.91487399973971,40.769470000083246],[-73.91439800043696,40.77005400004271],[-73.91491399992269,40.77012500028314],[-73.91424699992591,40.77095499986201],[-73.91464500030916,40.771246999740306],[-73.9143099996751,40.77152300012309],[-73.91167299965014,40.769644999844274],[-73.91024099974729,40.76942700030856],[-73.91094200007926,40.76885000029219],[-73.90577400033456,40.76802899991238],[-73.90413700039231,40.76751999994654],[-73.9020250000739,40.767416999885484],[-73.90358800039631,40.76575099975729],[-73.9028639995998,40.7638859998583],[-73.90451200031104,40.764589000335356],[-73.90524500043004,40.763686999753006],[-73.90500199985749,40.76329500020983],[-73.90586700022098,40.76223099980695],[-73.90626200023117,40.762416999690075],[-73.90779399969314,40.760518000007615],[-73.90741700012458,40.760340000027114],[-73.90913400043279,40.75826499994052],[-73.90959999968979,40.75829399993091],[-73.90988500009514,40.75794599989187],[-73.9106840003364,40.75831900024099],[-73.91261099980855,40.75597099999309],[-73.91176399988673,40.75557300010658],[-73.91195800005549,40.75539600011484],[-73.91149799974795,40.75455700005197],[-73.91256999980068,40.753303999968246],[-73.91446700003392,40.75366100003304],[-73.91687100043038,40.754806999770906],[-73.91667499971348,40.755047000249874],[-73.91846999983949,40.755557000092104],[-73.91820600024884,40.75587799994399],[-73.91899500044435,40.75626299970416],[-73.91926900008075,40.75592700003732],[-73.92283199967025,40.75760199978343],[-73.92201400006073,40.75853599989704]]]}},{"type":"Feature","properties":{"market_area_id":"zcta:11104","zcta":"11104","zip":"11104","geography_type":"zcta","name":"11104","vintage":"2020","period_start":"2026-06-01","period_end":"2026-06-30","current_month":"2026-06-30","measure_basis":"index","gross_or_net":"unknown","statistic":"typical_observed_rent_35_65_percentile_smoothed","unit_scope":"all_units","bedroom_count":null,"source_id":"zori","source_artifact_id":"zori-zip-sfrcondomfr-sm-month","source_url":"https://www.zillow.com/research/data/","source_label":"Zillow ZORI — ZIP-level typical observed market rent (all units, smoothed)","not_a_label":"median asking rent","attribution":"Data Provided by Zillow Group","zori_missing":false,"zori_rent_usd":2781.82,"zori_all_units":true},"geometry":{"type":"Polygon","coordinates":[[[-73.92816799964444,40.738225000091894],[-73.92724200007989,40.73859999987493],[-73.92766499967918,40.73882500022745],[-73.92745799998995,40.73984499981288],[-73.92699600003259,40.739796000119675],[-73.92685399974238,40.74049699974021],[-73.92731700042296,40.740553999709846],[-73.92707899987327,40.74174799988213],[-73.9266150002661,40.74169299990847],[-73.92524699993734,40.74853899992963],[-73.91525600022945,40.75084599979815],[-73.91314300008612,40.750967000177155],[-73.90984699956199,40.75163700027575],[-73.90945199955179,40.750656000074834],[-73.91015899973154,40.74850199993157],[-73.91466799987538,40.74903400018637],[-73.91530700028305,40.745863999726346],[-73.91484000030282,40.745813000173655],[-73.91503399957327,40.744840000083315],[-73.9152889998414,40.744868000025306],[-73.9153599999865,40.74455499973535],[-73.91463699991324,40.74447199994412],[-73.91483699992978,40.743454999930016],[-73.91991799963586,40.74181200027688],[-73.92304000008271,40.74043600033952],[-73.92317599962682,40.73974000003723],[-73.92273499958586,40.7396880000156],[-73.92291500040923,40.73875899993973],[-73.92243500001021,40.73869800030652],[-73.92261900013322,40.73778699999942],[-73.923546000421,40.737894999786604],[-73.92397200039333,40.73578399996025],[-73.92763500044029,40.73659699981046],[-73.92755800044739,40.73698099968088],[-73.92798699989447,40.73703299977657],[-73.92777799965708,40.73809900026755],[-73.92816799964444,40.738225000091894]]]}},{"type":"Feature","properties":{"market_area_id":"zcta:11105","zcta":"11105","zip":"11105","geography_type":"zcta","name":"11105","vintage":"2020","period_start":"2026-06-01","period_end":"2026-06-30","current_month":"2026-06-30","measure_basis":"index","gross_or_net":"unknown","statistic":"typical_observed_rent_35_65_percentile_smoothed","unit_scope":"all_units","bedroom_count":null,"source_id":"zori","source_artifact_id":"zori-zip-sfrcondomfr-sm-month","source_url":"https://www.zillow.com/research/data/","source_label":"Zillow ZORI — ZIP-level typical observed market rent (all units, smoothed)","not_a_label":"median asking rent","attribution":"Data Provided by Zillow Group","zori_missing":false,"zori_rent_usd":3033.16,"zori_all_units":true},"geometry":{"type":"Polygon","coordinates":[[[-73.92200200036515,40.77795500020563],[-73.91796600004933,40.78125599975653],[-73.91996500038982,40.78263500007849],[-73.9181889996321,40.78393299989951],[-73.91717100000604,40.78419300003166],[-73.91683299989724,40.785190999981516],[-73.91575199962367,40.786108000072055],[-73.91526000042741,40.78619200009111],[-73.91558699976723,40.78642999979485],[-73.91259999993791,40.78937599994182],[-73.91223000004206,40.789179000268405],[-73.91208000025422,40.789521999685185],[-73.91125000005084,40.7897439997513],[-73.91113100022514,40.79011399979906],[-73.90985900015588,40.79094499969042],[-73.90017899989428,40.78896599987762],[-73.89593000004143,40.785649000326266],[-73.89612599986003,40.7855930000942],[-73.89582899975909,40.785222000169846],[-73.89874899964126,40.78278099967805],[-73.90118800019782,40.7827129997088],[-73.90218800028052,40.781757000014125],[-73.90267700000206,40.78035300033465],[-73.90225500022767,40.78027400004678],[-73.90203599994456,40.781203000320126],[-73.90129100013,40.78185799980661],[-73.9003499995985,40.782163999998026],[-73.89867199964837,40.78199900024999],[-73.89430300014492,40.784229000022044],[-73.89605800008795,40.78318800018906],[-73.89476500010228,40.78225999968757],[-73.89542200005332,40.781718000329306],[-73.89527599956513,40.78155300015352],[-73.89406499959523,40.78248300011716],[-73.89303699992342,40.7818589997095],[-73.89229200010885,40.78254100003605],[-73.89274900004334,40.782965999972134],[-73.89164600002847,40.78217500023874],[-73.89219099982651,40.782444000178415],[-73.89300099993844,40.78177999985242],[-73.8921110003589,40.781395000297756],[-73.8922460000781,40.78125499984456],[-73.89166199992201,40.7808389997886],[-73.89161500006634,40.780554999954504],[-73.89253999980598,40.77955200003757],[-73.8916689995947,40.77949300029104],[-73.89119599976668,40.77856299995762],[-73.89286200002125,40.7771590001115],[-73.8942319999998,40.77815399975922],[-73.89656500025114,40.77624700020966],[-73.8937030000953,40.774225999771026],[-73.89593300041449,40.772408999756834],[-73.89592199964551,40.77190999985296],[-73.89650599980159,40.77135899985637],[-73.89776100015243,40.77040099988385],[-73.8980959998882,40.770638999703614],[-73.9020250000739,40.767416999885484],[-73.90413700039231,40.76751999994654],[-73.90577400033456,40.76802899991238],[-73.91094200007926,40.76885000029219],[-73.91024099974729,40.76942700030856],[-73.91167299965014,40.769644999844274],[-73.91776199983482,40.77395999995041],[-73.91746999975676,40.77419799994746],[-73.91812699970781,40.774715999875106],[-73.91881499962098,40.775197999741906],[-73.91914100003422,40.77493299973841],[-73.92051799968547,40.77590400025734],[-73.92063499986133,40.77612300030037],[-73.92036899972256,40.776337999677644],[-73.92116799996381,40.77690300024537],[-73.92086099981717,40.77715500021684],[-73.92200200036515,40.77795500020563]]]}},{"type":"Feature","properties":{"market_area_id":"zcta:11106","zcta":"11106","zip":"11106","geography_type":"zcta","name":"11106","vintage":"2020","period_start":"2026-06-01","period_end":"2026-06-30","current_month":"2026-06-30","measure_basis":"index","gross_or_net":"unknown","statistic":"typical_observed_rent_35_65_percentile_smoothed","unit_scope":"all_units","bedroom_count":null,"source_id":"zori","source_artifact_id":"zori-zip-sfrcondomfr-sm-month","source_url":"https://www.zillow.com/research/data/","source_label":"Zillow ZORI — ZIP-level typical observed market rent (all units, smoothed)","not_a_label":"median asking rent","attribution":"Data Provided by Zillow Group","zori_missing":false,"zori_rent_usd":3094.75,"zori_all_units":true},"geometry":{"type":"Polygon","coordinates":[[[-73.94350299972244,40.7644989999083],[-73.94035100003669,40.76765299995431],[-73.93640400030762,40.769474999849564],[-73.93532300003409,40.770485000037596],[-73.93495599961295,40.77173000033811],[-73.9350229995601,40.77129700013131],[-73.93424599995848,40.77102900001781],[-73.9352269997746,40.76952600030185],[-73.9334450000674,40.768817999847556],[-73.93317599955557,40.769145000178966],[-73.93205699964717,40.768705000109954],[-73.93202400003521,40.76825699966868],[-73.93175799989642,40.768581999834005],[-73.93124499988544,40.768519000135505],[-73.92998799988479,40.76797600012853],[-73.93007200044869,40.76742000024621],[-73.92960499957015,40.76763899967956],[-73.92789400000804,40.76685399986818],[-73.92776599996154,40.767011000164096],[-73.92699100000972,40.76664800024342],[-73.92713400012484,40.76647300007375],[-73.92637199969353,40.76587100008016],[-73.92597400020857,40.765693000147266],[-73.9256870001534,40.76604999967704],[-73.92507500040821,40.76576400028468],[-73.92543400043341,40.76526900007638],[-73.92484100005647,40.764996000041705],[-73.92452300003916,40.765332000134464],[-73.92396800019537,40.76507399997161],[-73.92425299970242,40.7647249998876],[-73.92188000016642,40.76357400013578],[-73.92160999982968,40.76390400025556],[-73.92081399996148,40.76352500023598],[-73.92108099992517,40.76319900033026],[-73.91842200015891,40.762393999952224],[-73.91868599974956,40.762072000064876],[-73.91908999998059,40.762263000021484],[-73.92072799974777,40.760237999953404],[-73.92032600006485,40.76005699989094],[-73.9205970002265,40.75972499993129],[-73.92097499961997,40.759900999731144],[-73.92149000017908,40.75928000024157],[-73.9212449999567,40.759162000074916],[-73.9217949997776,40.75843099969094],[-73.92201400006073,40.75853599989704],[-73.92283199967025,40.75760199978343],[-73.92246000012456,40.7574270002913],[-73.92529100031828,40.75392399984],[-73.92569300000119,40.754103000309016],[-73.92654999996876,40.753046999728],[-73.926940999781,40.75324599970428],[-73.92726600036934,40.75284700017765],[-73.92802500042761,40.75327200020431],[-73.92778100003014,40.75357099977998],[-73.92811499994099,40.75378700031878],[-73.92855000013415,40.75356600017821],[-73.93831900008422,40.75886500028528],[-73.93748899988083,40.76020199989003],[-73.93834199965043,40.76051699978354],[-73.93917799970163,40.7591749998498],[-73.94330400042912,40.76065799993262],[-73.94247199967761,40.7619940000138],[-73.94471500041558,40.762878999957124],[-73.94350299972244,40.7644989999083]]]}},{"type":"Feature","properties":{"market_area_id":"zcta:11109","zcta":"11109","zip":"11109","geography_type":"zcta","name":"11109","vintage":"2020","period_start":"2026-06-01","period_end":"2026-06-30","current_month":"2026-06-30","measure_basis":"index","gross_or_net":"unknown","statistic":"typical_observed_rent_35_65_percentile_smoothed","unit_scope":"all_units","bedroom_count":null,"source_id":"zori","source_artifact_id":"zori-zip-sfrcondomfr-sm-month","source_url":"https://www.zillow.com/research/data/","source_label":"Zillow ZORI — ZIP-level typical observed market rent (all units, smoothed)","not_a_label":"median asking rent","attribution":"Data Provided by Zillow Group","zori_missing":false,"zori_rent_usd":4568.98,"zori_all_units":true},"geometry":{"type":"Polygon","coordinates":[[[-73.95972499990528,40.74526099979076],[-73.95684199983302,40.74882799977653],[-73.95480400003278,40.74804600021449],[-73.95620800034652,40.743871999700644],[-73.95845700003396,40.74431599996596],[-73.95785699998434,40.744871999821626],[-73.95972499990528,40.74526099979076]]]}},{"type":"Feature","properties":{"market_area_id":"zcta:11201","zcta":"11201","zip":"11201","geography_type":"zcta","name":"11201","vintage":"2020","period_start":"2026-06-01","period_end":"2026-06-30","current_month":"2026-06-30","measure_basis":"index","gross_or_net":"unknown","statistic":"typical_observed_rent_35_65_percentile_smoothed","unit_scope":"all_units","bedroom_count":null,"source_id":"zori","source_artifact_id":"zori-zip-sfrcondomfr-sm-month","source_url":"https://www.zillow.com/research/data/","source_label":"Zillow ZORI — ZIP-level typical observed market rent (all units, smoothed)","not_a_label":"median asking rent","attribution":"Data Provided by Zillow Group","zori_missing":false,"zori_rent_usd":4701.97,"zori_all_units":true},"geometry":{"type":"Polygon","coordinates":[[[-74.00842499989061,40.68601599997436],[-74.00701999975195,40.68652599971552],[-74.00587400007937,40.68620700033991],[-74.00299299965695,40.69042699983652],[-74.00095999987958,40.69013200019427],[-74.00069899976366,40.69061199966165],[-74.00196900018311,40.69184299969262],[-74.00095900005466,40.694069000142555],[-73.99946100002958,40.69628000032039],[-73.99947400044836,40.69670400024954],[-73.99885699978199,40.6969200001783],[-73.99669799960793,40.70087700010983],[-73.99466300018072,40.70343100014786],[-73.9949920000687,40.703654000120764],[-73.99479700007505,40.70409599966531],[-73.99369300023525,40.70447600029998],[-73.99385300006882,40.70482900007241],[-73.99272199956654,40.70554400005779],[-73.9914799996345,40.7056250000045],[-73.99088200013304,40.705124000015545],[-73.98653000034803,40.704978999791244],[-73.98643400008855,40.705348999832474],[-73.98585199958228,40.70541499988887],[-73.98344200023637,40.70564499988368],[-73.98335099999976,40.70545100032538],[-73.98098699978628,40.70537400029492],[-73.98090700031865,40.705906999857476],[-73.97923299966817,40.705768999817785],[-73.97932800010271,40.70474599975588],[-73.98022400042834,40.70306299979974],[-73.98014099968938,40.702385999944305],[-73.98072900004341,40.701268000049694],[-73.98045500040703,40.7008520000025],[-73.98044700001111,40.696670000178095],[-73.9798829999465,40.69430799989262],[-73.97916800026914,40.69348899984905],[-73.97782699970459,40.6934380003392],[-73.97709799978354,40.689772999953156],[-73.9795099996776,40.68986300000555],[-73.97928600026992,40.68825400033274],[-73.9820089996103,40.689321999979065],[-73.98265399986576,40.68843500027771],[-73.98140000023815,40.687944999904076],[-73.98181699998968,40.68733000008454],[-73.98635200007278,40.68872400029218],[-73.98742900014838,40.68713800024767],[-73.98794700018223,40.68733999970612],[-73.98839900009386,40.68671799995326],[-73.98785900031869,40.686504000277424],[-73.98999199965519,40.6833190002221],[-73.99457799979193,40.685099999997156],[-73.99440799991261,40.68545300026644],[-73.9947440003716,40.685562999800375],[-73.99462100034793,40.68590999975999],[-73.9958570004322,40.68632699976528],[-73.99602800013643,40.685986999810375],[-73.99647900022313,40.68643899985149],[-73.99698800003615,40.68660199976228],[-73.99712399958027,40.68634699998915],[-73.99818899996032,40.68669999978418],[-73.9983560003649,40.68713099981034],[-73.9992280004011,40.687419000069646],[-74.00005400040651,40.68731799985552],[-73.99989600022276,40.687641999831705],[-74.00085899959723,40.6879560000674],[-74.00129100031569,40.687951000302974],[-74.00236400019332,40.68573700033968],[-74.00450400010082,40.686300999669704],[-74.0048530000803,40.6856679998983],[-74.00549699961252,40.68584700008609],[-74.0081350003607,40.68561499987607],[-74.00842499989061,40.68601599997436]]]}},{"type":"Feature","properties":{"market_area_id":"zcta:11203","zcta":"11203","zip":"11203","geography_type":"zcta","name":"11203","vintage":"2020","period_start":"2026-06-01","period_end":"2026-06-30","current_month":"2026-06-30","measure_basis":"index","gross_or_net":"unknown","statistic":"typical_observed_rent_35_65_percentile_smoothed","unit_scope":"all_units","bedroom_count":null,"source_id":"zori","source_artifact_id":"zori-zip-sfrcondomfr-sm-month","source_url":"https://www.zillow.com/research/data/","source_label":"Zillow ZORI — ZIP-level typical observed market rent (all units, smoothed)","not_a_label":"median asking rent","attribution":"Data Provided by Zillow Group","zori_missing":false,"zori_rent_usd":2959.47,"zori_all_units":true},"geometry":{"type":"Polygon","coordinates":[[[-73.94565900042178,40.66008300032034],[-73.94541300037449,40.660436999861425],[-73.94516700032719,40.660451000208965],[-73.94513100034219,40.66009599968991],[-73.94295299990155,40.66023799971534],[-73.94298800006166,40.66058599966096],[-73.94261099959479,40.660610000201224],[-73.94282900005298,40.66284700003929],[-73.9400289998214,40.66302099990683],[-73.93992599988924,40.66390399992176],[-73.93944200019058,40.66387700030599],[-73.93948900004625,40.66346800007046],[-73.93721100004649,40.663468999709174],[-73.93726399974993,40.663191999710385],[-73.93160700028368,40.66355699988865],[-73.93155600023007,40.66275599997476],[-73.93107699965596,40.662788999982595],[-73.93046200043602,40.66221700003499],[-73.93032000014581,40.6606559998497],[-73.92882299994564,40.66074500001285],[-73.92794800043471,40.65995800017219],[-73.92786999971862,40.659207999816],[-73.92724700010277,40.65922199973995],[-73.92720100007199,40.658536999723104],[-73.92641199987648,40.658587000330385],[-73.92451499964325,40.65688099975952],[-73.92475499984276,40.65667199977767],[-73.92453200026,40.65625300014741],[-73.92407699997533,40.65648399989009],[-73.92401400022612,40.655753999864366],[-73.92330500039655,40.65580200032423],[-73.92087599988577,40.65360799973133],[-73.9207729999536,40.65255399967387],[-73.92135200008683,40.65251700016208],[-73.9209849996657,40.650681000131236],[-73.92058100033299,40.65070699980573],[-73.92055399967049,40.65045899992908],[-73.92109400034397,40.65043499982616],[-73.92092500028957,40.648743999980695],[-73.92037499957034,40.64877899982211],[-73.92018499959953,40.64703000014482],[-73.92066099980062,40.64644599994184],[-73.92053199992917,40.64499900017671],[-73.91997600026048,40.64503000027724],[-73.91972900038827,40.64272500016998],[-73.92160900000478,40.64168700011414],[-73.92332700013787,40.639900000308984],[-73.92608200016362,40.63816299993417],[-73.9322349999224,40.634963000141],[-73.935359999844,40.63476699989549],[-73.9356069997162,40.637038000271815],[-73.93751200034536,40.63692100018931],[-73.93776199969231,40.63925899968734],[-73.94250299963976,40.638964999957174],[-73.94265099977775,40.64034400001421],[-73.94361700042359,40.64028500017591],[-73.94356299999691,40.639567000125794],[-73.94444099988087,40.63950900028017],[-73.94454999966082,40.64022600028554],[-73.94552200015443,40.640164999685396],[-73.94554999974352,40.64042900007081],[-73.94607100015044,40.6404320000227],[-73.94629799993115,40.64290700029087],[-73.94586899958576,40.643424000129265],[-73.94642799962752,40.643786000285154],[-73.94646899963539,40.644175999871585],[-73.94598800030975,40.64453399966705],[-73.94607299980026,40.64531200026683],[-73.94705899963927,40.645250000313325],[-73.94724100011246,40.64696400019833],[-73.9468429997292,40.646979999736935],[-73.94697800034672,40.648793999748484],[-73.94645100009203,40.64883599993349],[-73.9465189998641,40.64948800029074],[-73.94703699989795,40.64945800006498],[-73.94715200042398,40.65056700028548],[-73.9466529997584,40.65075799997662],[-73.94670899983488,40.651264000255345],[-73.94721799964792,40.651238000116315],[-73.94727000042477,40.651825000079356],[-73.94677599978203,40.65185400010967],[-73.94764000032062,40.659958999863576],[-73.94565900042178,40.66008300032034]]]}},{"type":"Feature","properties":{"market_area_id":"zcta:11204","zcta":"11204","zip":"11204","geography_type":"zcta","name":"11204","vintage":"2020","period_start":"2026-06-01","period_end":"2026-06-30","current_month":"2026-06-30","measure_basis":"index","gross_or_net":"unknown","statistic":"typical_observed_rent_35_65_percentile_smoothed","unit_scope":"all_units","bedroom_count":null,"source_id":"zori","source_artifact_id":"zori-zip-sfrcondomfr-sm-month","source_url":"https://www.zillow.com/research/data/","source_label":"Zillow ZORI — ZIP-level typical observed market rent (all units, smoothed)","not_a_label":"median asking rent","attribution":"Data Provided by Zillow Group","zori_missing":false,"zori_rent_usd":2629.56,"zori_all_units":true},"geometry":{"type":"Polygon","coordinates":[[[-73.99962000003825,40.6174709998892],[-73.99927100005878,40.618178000174126],[-73.99902699966131,40.618028999788244],[-73.99787099994302,40.61915399992031],[-73.99826900032626,40.61939300022495],[-73.997694000391,40.61995900003259],[-73.99728500013708,40.619712000081016],[-73.99639300000942,40.620582000190225],[-73.99671100002672,40.620762999711516],[-73.99583700034071,40.62156599967479],[-73.99554600008759,40.621392999709656],[-73.98085000041725,40.63551600019081],[-73.98058099990541,40.635356000329246],[-73.98072400002053,40.63498799973791],[-73.97876999988588,40.63367100002222],[-73.97897300027549,40.63347600016237],[-73.97870399976365,40.633324000226324],[-73.97851600034099,40.632299999999255],[-73.97885000025182,40.6324970000905],[-73.9791439999797,40.6322099999648],[-73.97861400025027,40.63188399970338],[-73.97885399955146,40.63159500011899],[-73.97831100030157,40.63127500030889],[-73.97815499976764,40.63028200015149],[-73.97748600012105,40.63059499971108],[-73.97741699962576,40.63011199999802],[-73.97940500009561,40.62917499997591],[-73.97657800009985,40.627573999697425],[-73.97623499996818,40.62597599981927],[-73.97680400005567,40.62530500033824],[-73.97645300042639,40.62380199973816],[-73.97688100004856,40.62372899973278],[-73.97679400000992,40.623254000019024],[-73.97624300036411,40.62326399970331],[-73.97600999983729,40.62198700009065],[-73.9766159997347,40.62194199995739],[-73.97703300038452,40.62153000029834],[-73.97529599998484,40.62091299973053],[-73.97399299995342,40.614029999698445],[-73.97446099975858,40.61359100015539],[-73.97405999990058,40.61149499987927],[-73.97455100017027,40.61144299998148],[-73.97444499986506,40.61087399971449],[-73.97397799988482,40.61092800022476],[-73.97377799986828,40.60969100012835],[-73.97317600016883,40.60976699975471],[-73.97295900043385,40.60862999971017],[-73.98162399964583,40.60786599974332],[-73.98155099985088,40.60748200030378],[-73.9834029998783,40.60727400025439],[-73.98347700039646,40.607662999852764],[-73.984402999961,40.60755900019067],[-73.98433000016607,40.60716999998696],[-73.9861820001935,40.60696900031636],[-73.98625699963823,40.607356000049556],[-73.9872550000711,40.6072449999535],[-73.98712600019968,40.60656800033477],[-73.98804099989358,40.606598999864666],[-73.98813999962776,40.607149000090374],[-73.9884230003833,40.607118999934364],[-73.98753700010342,40.60819499997322],[-73.98797499977132,40.60807499978269],[-73.9916179997268,40.61020700030766],[-73.99154300028201,40.61070999979152],[-73.99198500014789,40.61097699993018],[-73.99242299981582,40.61071400014373],[-73.99630900034381,40.6130649996663],[-73.9959829999306,40.613387999925735],[-73.9963789997657,40.6136269997185],[-73.99665900014818,40.6132850000168],[-73.99834100029626,40.614275999824876],[-73.99798999976869,40.61460000005631],[-74.00082400033547,40.616313999928096],[-73.99962000003825,40.6174709998892]]]}},{"type":"Feature","properties":{"market_area_id":"zcta:11205","zcta":"11205","zip":"11205","geography_type":"zcta","name":"11205","vintage":"2020","period_start":"2026-06-01","period_end":"2026-06-30","current_month":"2026-06-30","measure_basis":"index","gross_or_net":"unknown","statistic":"typical_observed_rent_35_65_percentile_smoothed","unit_scope":"all_units","bedroom_count":null,"source_id":"zori","source_artifact_id":"zori-zip-sfrcondomfr-sm-month","source_url":"https://www.zillow.com/research/data/","source_label":"Zillow ZORI — ZIP-level typical observed market rent (all units, smoothed)","not_a_label":"median asking rent","attribution":"Data Provided by Zillow Group","zori_missing":false,"zori_rent_usd":4077.76,"zori_all_units":true},"geometry":{"type":"Polygon","coordinates":[[[-73.98072900004341,40.701268000049694],[-73.98014099968938,40.702385999944305],[-73.98022400042834,40.70306299979974],[-73.97932800010271,40.70474599975588],[-73.97916800026914,40.70527900025845],[-73.97937199958533,40.70544300007873],[-73.97906899963662,40.70596299981174],[-73.97501999980034,40.70773599977305],[-73.97278899965623,40.70937800027509],[-73.97031800021095,40.70733199997757],[-73.96961299968102,40.70763400005595],[-73.96917800038614,40.70693599984241],[-73.96925500037905,40.70561699977875],[-73.9679509996244,40.70573100018103],[-73.96721000000778,40.70425600016096],[-73.96741599987212,40.702990000003474],[-73.96796300021829,40.70258300013932],[-73.96744099998648,40.70225199973455],[-73.96772700021674,40.69771699976799],[-73.96487500010663,40.69771399966778],[-73.95885799989198,40.69867699969795],[-73.95847600030054,40.6991179997937],[-73.95754800018784,40.69927199992852],[-73.95743400038505,40.698905000227796],[-73.95664500018952,40.69901899985951],[-73.95657400004444,40.69941100027077],[-73.95358899986493,40.69974700005213],[-73.95144399993455,40.68976399994124],[-73.95157299980598,40.68949099991012],[-73.95472600021498,40.689105999938974],[-73.95481800027649,40.68872899999861],[-73.95545000011317,40.68865600016116],[-73.95552100025826,40.68901500028957],[-73.9569880003212,40.688850000271515],[-73.9571430001319,40.68996000007725],[-73.95844199996534,40.690142000076555],[-73.95941000026102,40.68999400016728],[-73.95937199972786,40.688953000082996],[-73.96000600011267,40.688880999748754],[-73.96019699990838,40.689855999854466],[-73.9610299995865,40.6898389997764],[-73.96436999959326,40.68943399979989],[-73.96419499969106,40.68839599966123],[-73.9677880003161,40.68798400010329],[-73.96825399957312,40.68827300003021],[-73.9688500003231,40.68819699984559],[-73.96878500002576,40.68786800007246],[-73.97076400027477,40.6876380000014],[-73.97114199966823,40.68954400025562],[-73.97213599990314,40.68958200027178],[-73.97172699964923,40.687527999805276],[-73.9726870004473,40.68741500022592],[-73.97274799964835,40.68772700025629],[-73.97322100037468,40.687654000002375],[-73.97356600015617,40.689292999891386],[-73.97306999986363,40.689343999849264],[-73.97312599994011,40.689622000121986],[-73.97709799978354,40.689772999953156],[-73.97782699970459,40.6934380003392],[-73.97916800026914,40.69348899984905],[-73.98013900003953,40.69468299989555],[-73.98051499978318,40.69743700027568],[-73.98045500040703,40.7008520000025],[-73.98072900004341,40.701268000049694]]]}},{"type":"Feature","properties":{"market_area_id":"zcta:11206","zcta":"11206","zip":"11206","geography_type":"zcta","name":"11206","vintage":"2020","period_start":"2026-06-01","period_end":"2026-06-30","current_month":"2026-06-30","measure_basis":"index","gross_or_net":"unknown","statistic":"typical_observed_rent_35_65_percentile_smoothed","unit_scope":"all_units","bedroom_count":null,"source_id":"zori","source_artifact_id":"zori-zip-sfrcondomfr-sm-month","source_url":"https://www.zillow.com/research/data/","source_label":"Zillow ZORI — ZIP-level typical observed market rent (all units, smoothed)","not_a_label":"median asking rent","attribution":"Data Provided by Zillow Group","zori_missing":false,"zori_rent_usd":3960.25,"zori_all_units":true},"geometry":{"type":"Polygon","coordinates":[[[-73.9573880003543,40.700577000245865],[-73.95745699995126,40.70082199972513],[-73.95706100011613,40.70107799970544],[-73.95735099964604,40.701333000311855],[-73.95716800024626,40.701492000203835],[-73.95605199981259,40.702240999888325],[-73.95572399974954,40.70194600011509],[-73.95544300044047,40.702125999901256],[-73.95573200014546,40.70240499969814],[-73.95441599969526,40.70326200016273],[-73.95410500024896,40.702990000003474],[-73.95381200034599,40.703181000066216],[-73.95444199963453,40.70374700031945],[-73.9525319998808,40.70498299994258],[-73.95190000004412,40.70441799968379],[-73.95023700016262,40.70547300031775],[-73.95105099957416,40.71056700005521],[-73.94917000013275,40.71074900027725],[-73.94877500012255,40.71117899970124],[-73.94865100027398,40.710802000053825],[-73.94333399966804,40.71118600033561],[-73.94216500042926,40.71142699983885],[-73.94222800017845,40.71180099988654],[-73.94068800032058,40.71196199984834],[-73.94019600022601,40.709821000269855],[-73.93721100004649,40.71009499969072],[-73.93831999990914,40.71252399999643],[-73.93803799987681,40.712591000015045],[-73.93786700017262,40.712229000149115],[-73.93545000025568,40.71283399972018],[-73.93531200016342,40.71254199999791],[-73.93453399983855,40.7127539999516],[-73.9325229998025,40.70823800018989],[-73.93207199971579,40.707786000258274],[-73.93229699984668,40.70774900006623],[-73.93219100043979,40.707398000111624],[-73.93264500000123,40.707329000310374],[-73.9320859999595,40.70705099969604],[-73.93179600042957,40.70600300004212],[-73.93233899967949,40.70555099992258],[-73.93223900012036,40.70519700019682],[-73.9316010004359,40.705297000175364],[-73.93115500037207,40.703772999736664],[-73.93059399978219,40.70347299997691],[-73.93088400021041,40.70317699980665],[-73.92930900019245,40.702396999766606],[-73.92963499970736,40.70206400031736],[-73.92887800019722,40.70164100019934],[-73.92833900024696,40.702191999746354],[-73.9275879996863,40.701762000178974],[-73.92933099993375,40.69998700031763],[-73.92839399960025,40.69948399990321],[-73.9300029999534,40.69878799966801],[-73.93030500007718,40.698992000161496],[-73.93052099998725,40.69877200029728],[-73.9302620004195,40.698528999677094],[-73.93279399996415,40.69779600008811],[-73.93297999973697,40.697967999728206],[-73.93400800030709,40.69711800000857],[-73.93779199982953,40.6966900000219],[-73.93771099963868,40.696318999727794],[-73.9351489999568,40.69660599995632],[-73.93508200000964,40.69624399969449],[-73.93470299989296,40.696288000305444],[-73.934558000128,40.695554000057975],[-73.934923000001,40.69551100016391],[-73.93479999997734,40.69477599967858],[-73.93465100001443,40.694045000066176],[-73.934269000423,40.694089999946925],[-73.93413399980548,40.69335500013187],[-73.93704899966478,40.69302099987729],[-73.93719500015295,40.693751999826915],[-73.93922000043273,40.69351800015392],[-73.93912699964801,40.69277999983652],[-73.94017199993654,40.69265899988863],[-73.94023700023386,40.69297000000919],[-73.94053799963443,40.69300700023793],[-73.94267099986924,40.69274499992484],[-73.9425910004016,40.69238199991242],[-73.9431549995679,40.692692000081976],[-73.94525299964259,40.692440999996535],[-73.94518499987055,40.69208500028895],[-73.94564199980503,40.69203299981279],[-73.94571499959997,40.692403000248504],[-73.95180999963245,40.69159899978333],[-73.95336999958181,40.69940500022281],[-73.95358899986493,40.69974700005213],[-73.95657400004444,40.69941100027077],[-73.95664500018952,40.69901899985951],[-73.95743400038505,40.698905000227796],[-73.95766000034085,40.69963100006783],[-73.95716700042135,40.699707999927256],[-73.95725399956167,40.700098999918644],[-73.95784299974065,40.70026499977134],[-73.9573880003543,40.700577000245865]]]}},{"type":"Feature","properties":{"market_area_id":"zcta:11207","zcta":"11207","zip":"11207","geography_type":"zcta","name":"11207","vintage":"2020","period_start":"2026-06-01","period_end":"2026-06-30","current_month":"2026-06-30","measure_basis":"index","gross_or_net":"unknown","statistic":"typical_observed_rent_35_65_percentile_smoothed","unit_scope":"all_units","bedroom_count":null,"source_id":"zori","source_artifact_id":"zori-zip-sfrcondomfr-sm-month","source_url":"https://www.zillow.com/research/data/","source_label":"Zillow ZORI — ZIP-level typical observed market rent (all units, smoothed)","not_a_label":"median asking rent","attribution":"Data Provided by Zillow Group","zori_missing":false,"zori_rent_usd":3379.38,"zori_all_units":true},"geometry":{"type":"Polygon","coordinates":[[[-73.91575300034691,40.68637000013691],[-73.9153869997507,40.68616799978192],[-73.91453999982886,40.68704400005489],[-73.9148870001585,40.68725400018686],[-73.91439599988882,40.68775499970727],[-73.91401299957417,40.687545999750704],[-73.91173799994745,40.69005199971986],[-73.91199599969032,40.69020100010063],[-73.91174799999321,40.69045600011186],[-73.91126400029452,40.69037699994291],[-73.9102059995872,40.69144199991916],[-73.9105710003585,40.6916509999171],[-73.9088530002254,40.69340499983424],[-73.90359699971883,40.69040899998813],[-73.9039399998505,40.690057999929024],[-73.9036090003127,40.689863000005545],[-73.90158999988071,40.69163199982049],[-73.90124099990126,40.691438000316914],[-73.90180499996588,40.69076599970608],[-73.90042499994158,40.68818399982327],[-73.90116200025854,40.68787800029445],[-73.89651800039549,40.68239699974652],[-73.89420000021276,40.68530900013152],[-73.89252300008754,40.68342399976808],[-73.89013999960748,40.68500500033866],[-73.88892399961472,40.683125999704],[-73.88819100039402,40.68255599987047],[-73.88650500004796,40.68334900020659],[-73.88622300001566,40.68227800009536],[-73.88668999999588,40.682205000003904],[-73.88636399958264,40.68095299988621],[-73.88590499999833,40.68102900015676],[-73.8857409999668,40.68038499999647],[-73.8861910002286,40.68031199987552],[-73.88602700019706,40.67964399978747],[-73.88555500019396,40.67965700011311],[-73.88546099958432,40.679293000255605],[-73.88592500008984,40.67922600012325],[-73.8856499997302,40.67813599999072],[-73.8851919999708,40.678249999731555],[-73.88508499984069,40.6778349998157],[-73.88527700035962,40.677781000271985],[-73.88453699966959,40.67488900032564],[-73.8849459999235,40.67482699992285],[-73.88457500020274,40.673566000065506],[-73.88421399962941,40.67362099978463],[-73.88412900013891,40.67329200028089],[-73.88453199964673,40.67322800008945],[-73.88437799966094,40.67261000018972],[-73.88396799958211,40.672665000016096],[-73.8838889999394,40.672355000030194],[-73.88428099957656,40.672295999878436],[-73.88407200023751,40.671374000239595],[-73.88348300005853,40.67077500010558],[-73.88386100035031,40.670710000011965],[-73.88368499972489,40.66986600006679],[-73.88326700014846,40.66992700008997],[-73.88310899996472,40.669306999791154],[-73.88351999986845,40.66924200031064],[-73.88328600041504,40.668293999701454],[-73.8828679999403,40.66836200016501],[-73.88269600041116,40.66769199974733],[-73.8830870002234,40.667633999815656],[-73.88284500037409,40.666628000070645],[-73.88244000031813,40.66669199978305],[-73.88228700015725,40.666175000329225],[-73.88266399972579,40.66601200020948],[-73.88161199976454,40.66455100006364],[-73.881227999625,40.664761999811155],[-73.88013300000604,40.663288000113326],[-73.88096099966131,40.66292800010459],[-73.88075200032225,40.662640999985264],[-73.88029600021267,40.662843000084],[-73.87950899966698,40.66174000019129],[-73.87911000035713,40.66190699986033],[-73.8785880001253,40.66120300024555],[-73.8790040000519,40.66102300030899],[-73.87815399975703,40.65987899997409],[-73.87773299980755,40.66005199971667],[-73.8767079996105,40.658713999741806],[-73.87751100004971,40.65836600025233],[-73.87610699973597,40.657125000002175],[-73.87973299997296,40.65556300016273],[-73.87338400039559,40.646820999976626],[-73.87489199956809,40.6450950001775],[-73.87610400026124,40.646215000207626],[-73.8822129996391,40.65449800009037],[-73.88959099961149,40.65133799996641],[-73.89125199984318,40.650026000323265],[-73.89189600027375,40.65059899967593],[-73.89302900042584,40.65037900023399],[-73.89369100039973,40.65073899981061],[-73.89550800026703,40.65325600033792],[-73.89643999967936,40.653168000199386],[-73.89699200004841,40.6537189997977],[-73.89760999964139,40.65345399971405],[-73.89800300000176,40.653800999826416],[-73.8990409997193,40.65737199990586],[-73.8988070002659,40.6574069999921],[-73.89965199963959,40.66073499980904],[-73.90066099994311,40.66058700002434],[-73.90145099996356,40.66365900030766],[-73.90041700044395,40.66380599977526],[-73.9034750004184,40.675507000221785],[-73.90253499971185,40.67588400001195],[-73.90435400012728,40.676092999748775],[-73.90426000041596,40.67715899987633],[-73.90468800003813,40.677943000134405],[-73.90331600040975,40.67786899996013],[-73.90346600019757,40.678896999665476],[-73.91227299969975,40.683935000283334],[-73.91274700025102,40.68382200006151],[-73.91350399976115,40.68421099994131],[-73.91330799994256,40.684520999976286],[-73.9139020001444,40.68444500028132],[-73.91488299996053,40.68492599983836],[-73.91470100038566,40.685317000071464],[-73.91604600024986,40.68607200030231],[-73.91575300034691,40.68637000013691]]]}},{"type":"Feature","properties":{"market_area_id":"zcta:11208","zcta":"11208","zip":"11208","geography_type":"zcta","name":"11208","vintage":"2020","period_start":"2026-06-01","period_end":"2026-06-30","current_month":"2026-06-30","measure_basis":"index","gross_or_net":"unknown","statistic":"typical_observed_rent_35_65_percentile_smoothed","unit_scope":"all_units","bedroom_count":null,"source_id":"zori","source_artifact_id":"zori-zip-sfrcondomfr-sm-month","source_url":"https://www.zillow.com/research/data/","source_label":"Zillow ZORI — ZIP-level typical observed market rent (all units, smoothed)","not_a_label":"median asking rent","attribution":"Data Provided by Zillow Group","zori_missing":false,"zori_rent_usd":3158.5,"zori_all_units":true},"geometry":{"type":"Polygon","coordinates":[[[-73.88829400032617,40.68517500031306],[-73.88451699957811,40.68669100003838],[-73.8837769997864,40.687863000301476],[-73.87945599996355,40.69123100013949],[-73.87402100025513,40.694191000113555],[-73.86891700008454,40.695149999926876],[-73.86602700033959,40.68191799973703],[-73.86410099979402,40.6823730002347],[-73.86378699997466,40.68111400015955],[-73.86387800021129,40.68075200020507],[-73.86416799974117,40.68071900023002],[-73.86386499979247,40.67947099977173],[-73.86356699986663,40.679512000320095],[-73.8632820003596,40.67907300006675],[-73.862345999851,40.67916499975098],[-73.86202799983367,40.67788599968524],[-73.86248399994325,40.67785700007144],[-73.8621840003676,40.67658099980715],[-73.8617120003645,40.67661100009906],[-73.86038900024161,40.67126900010916],[-73.85763300039098,40.67165599994692],[-73.85568500010409,40.663866999890324],[-73.85843000008407,40.66345300003577],[-73.85761499994929,40.6601190000361],[-73.86035999992929,40.659646000328664],[-73.86317100003153,40.65827700032245],[-73.86599100035461,40.65886200027476],[-73.86718100040808,40.66045199989292],[-73.86823500001915,40.66032699975476],[-73.87610699973597,40.657125000002175],[-73.87751100004971,40.65836600025233],[-73.8767079996105,40.658713999741806],[-73.87773299980755,40.66005199971667],[-73.87815399975703,40.65987899997409],[-73.8790040000519,40.66102300030899],[-73.8785880001253,40.66120300024555],[-73.87911000035713,40.66190699986033],[-73.87950899966698,40.66174000019129],[-73.88029600021267,40.662843000084],[-73.88075200032225,40.662640999985264],[-73.88096099966131,40.66292800010459],[-73.88013300000604,40.663288000113326],[-73.881227999625,40.664761999811155],[-73.88161199976454,40.66455100006364],[-73.88266399972579,40.66601200020948],[-73.88228700015725,40.666175000329225],[-73.88244000031813,40.66669199978305],[-73.88284500037409,40.666628000070645],[-73.8830870002234,40.667633999815656],[-73.88269600041116,40.66769199974733],[-73.8828679999403,40.66836200016501],[-73.88328600041504,40.668293999701454],[-73.88351999986845,40.66924200031064],[-73.88310899996472,40.669306999791154],[-73.88326700014846,40.66992700008997],[-73.88368499972489,40.66986600006679],[-73.88386100035031,40.670710000011965],[-73.88348300005853,40.67077500010558],[-73.88407200023751,40.671374000239595],[-73.88428099957656,40.672295999878436],[-73.8838889999394,40.672355000030194],[-73.88396799958211,40.672665000016096],[-73.88437799966094,40.67261000018972],[-73.88453199964673,40.67322800008945],[-73.88412900013891,40.67329200028089],[-73.88421399962941,40.67362099978463],[-73.88457500020274,40.673566000065506],[-73.8849459999235,40.67482699992285],[-73.88453699966959,40.67488900032564],[-73.88527700035962,40.677781000271985],[-73.88508499984069,40.6778349998157],[-73.8851919999708,40.678249999731555],[-73.8856499997302,40.67813599999072],[-73.88592500008984,40.67922600012325],[-73.88546099958432,40.679293000255605],[-73.88555500019396,40.67965700011311],[-73.88602700019706,40.67964399978747],[-73.8861910002286,40.68031199987552],[-73.8857409999668,40.68038499999647],[-73.88590499999833,40.68102900015676],[-73.88636399958264,40.68095299988621],[-73.88668999999588,40.682205000003904],[-73.88622300001566,40.68227800009536],[-73.88650500004796,40.68334900020659],[-73.88819100039402,40.68255599987047],[-73.88892399961472,40.683125999704],[-73.88960700040333,40.68421399996831],[-73.88829400032617,40.68517500031306]]]}},{"type":"Feature","properties":{"market_area_id":"zcta:11209","zcta":"11209","zip":"11209","geography_type":"zcta","name":"11209","vintage":"2020","period_start":"2026-06-01","period_end":"2026-06-30","current_month":"2026-06-30","measure_basis":"index","gross_or_net":"unknown","statistic":"typical_observed_rent_35_65_percentile_smoothed","unit_scope":"all_units","bedroom_count":null,"source_id":"zori","source_artifact_id":"zori-zip-sfrcondomfr-sm-month","source_url":"https://www.zillow.com/research/data/","source_label":"Zillow ZORI — ZIP-level typical observed market rent (all units, smoothed)","not_a_label":"median asking rent","attribution":"Data Provided by Zillow Group","zori_missing":false,"zori_rent_usd":2796.95,"zori_all_units":true},"geometry":{"type":"Polygon","coordinates":[[[-74.04190000030108,40.624495000130246],[-74.04103699958742,40.63033499983811],[-74.03847099970757,40.6356769997241],[-74.03724499966907,40.63598500032804],[-74.0361769998143,40.63709900032089],[-74.0359580004295,40.63882100031261],[-74.03351700022313,40.63805399993526],[-74.03365299976726,40.63770000024973],[-74.03162599983766,40.637079999674604],[-74.03149000029353,40.63742599968968],[-74.0260389997933,40.63574099981603],[-74.02303500024554,40.63439499985052],[-74.0232729998969,40.634096000120714],[-74.02159900014476,40.63333900021745],[-74.0210119996156,40.63346900022675],[-74.01853000029965,40.63233400017762],[-74.01814100013722,40.63199699999098],[-74.01828500007727,40.6318109996693],[-74.01726099970512,40.631337000289605],[-74.01695600010659,40.63162199984535],[-74.01604800008539,40.63103299987719],[-74.0188790002791,40.624303000059925],[-74.0196049998271,40.62428900031018],[-74.02338500004991,40.61979400029597],[-74.02365399966342,40.619960000323154],[-74.02454300031636,40.6189899998642],[-74.02664600041393,40.61650799978037],[-74.02630199955904,40.616334999672155],[-74.02646700031379,40.61611499981771],[-74.02897200009427,40.61351599980979],[-74.02701299993674,40.612688999882465],[-74.02545800001025,40.61550500015178],[-74.02501299977132,40.61529499980528],[-74.02463600020278,40.61583800032215],[-74.0250749996956,40.616055000041655],[-74.02400199981797,40.617078999788085],[-74.02340900033934,40.61654399981751],[-74.02452599969962,40.615444999827886],[-74.02278900019823,40.61459599993675],[-74.02477500011994,40.60967600028161],[-74.02002499995166,40.60713100027122],[-74.01795500036438,40.6069399998831],[-74.01701899985578,40.60765500014679],[-74.01549900008939,40.60684199997194],[-74.0194500000164,40.60282800006848],[-74.02118400004304,40.60345300008294],[-74.0300519996446,40.6047460001079],[-74.03231700012388,40.60595899994301],[-74.03462799973559,40.60825800002111],[-74.03534400013618,40.6084989999917],[-74.0351919998002,40.608809999784306],[-74.03611099969204,40.60931400000402],[-74.03676099997038,40.610944000216016],[-74.03902599955137,40.61315899979312],[-74.04024099971922,40.61487000007182],[-74.04162300029166,40.62039999989454],[-74.04190000030108,40.624495000130246]]]}},{"type":"Feature","properties":{"market_area_id":"zcta:11210","zcta":"11210","zip":"11210","geography_type":"zcta","name":"11210","vintage":"2020","period_start":"2026-06-01","period_end":"2026-06-30","current_month":"2026-06-30","measure_basis":"index","gross_or_net":"unknown","statistic":"typical_observed_rent_35_65_percentile_smoothed","unit_scope":"all_units","bedroom_count":null,"source_id":"zori","source_artifact_id":"zori-zip-sfrcondomfr-sm-month","source_url":"https://www.zillow.com/research/data/","source_label":"Zillow ZORI — ZIP-level typical observed market rent (all units, smoothed)","not_a_label":"median asking rent","attribution":"Data Provided by Zillow Group","zori_missing":false,"zori_rent_usd":2822.48,"zori_all_units":true},"geometry":{"type":"Polygon","coordinates":[[[-73.9583110004441,40.636741000186376],[-73.95699300034408,40.6375160001917],[-73.95663199977074,40.63755699994853],[-73.95656599964849,40.63720599976948],[-73.95551000038762,40.63771399991476],[-73.9555029998166,40.63815999988028],[-73.95452600019843,40.63863699993592],[-73.9511579997043,40.638428000070945],[-73.94828800005082,40.63882200032062],[-73.94841400044753,40.639987000230555],[-73.94454999966082,40.64022600028554],[-73.94444099988087,40.63950900028017],[-73.94356299999691,40.639567000125794],[-73.94361700042359,40.64028500017591],[-73.94265099977775,40.64034400001421],[-73.94250299963976,40.638964999957174],[-73.93776199969231,40.63925899968734],[-73.93751200034536,40.63692100018931],[-73.9356069997162,40.637038000271815],[-73.935359999844,40.63476699989549],[-73.9343949999214,40.63482699990652],[-73.93414600039935,40.63249200025801],[-73.93461900022737,40.63246099978847],[-73.93445500019584,40.63050000012401],[-73.93393399978893,40.63052000004833],[-73.93386000016909,40.629831000022634],[-73.93436599960906,40.629808000144564],[-73.9341849998591,40.628086000172324],[-73.93367699987098,40.62811000013021],[-73.93361199957367,40.62749500002163],[-73.93412100028499,40.62746699981203],[-73.93389199995613,40.62591899995872],[-73.93459499993793,40.625880999797396],[-73.93476700036537,40.62497800024223],[-73.93690499972472,40.62523300014179],[-73.93546399960107,40.62387400011364],[-73.93561099991418,40.62357100005513],[-73.93765899976015,40.62291000001347],[-73.93759900038401,40.62252000028646],[-73.93880100013307,40.62239199992517],[-73.93867800010942,40.621709999713914],[-73.93955000014562,40.621365999938796],[-73.93962999961322,40.62183499991288],[-73.94010699963921,40.62178100003567],[-73.93999100018657,40.62116399974077],[-73.94085099962886,40.62045799997517],[-73.9409019996825,40.6207350000889],[-73.94184200038907,40.62061800007757],[-73.94172699986302,40.6200230001885],[-73.94266400019656,40.61991799969801],[-73.94241599960111,40.61859300030245],[-73.94467600005751,40.616165000158254],[-73.94573700023959,40.61536299972997],[-73.9458150000574,40.61577400024825],[-73.94627799983967,40.6157200002448],[-73.94623199980892,40.61548099975593],[-73.94669200011646,40.61541999973388],[-73.94661599994846,40.61501600027227],[-73.94758599989393,40.61495400014205],[-73.94745799984743,40.6141990001765],[-73.94911900007912,40.61305299971314],[-73.9492089995925,40.61352900006668],[-73.95014599992601,40.613294000121066],[-73.9500249995522,40.612654999931884],[-73.95092400025088,40.61240300028055],[-73.95070599979266,40.611250000164254],[-73.95257700008665,40.61103700017467],[-73.95265099970649,40.611450000179914],[-73.95309900031847,40.61141499986233],[-73.954024999883,40.61622899985753],[-73.95355299987992,40.61628100012212],[-73.95445699970314,40.62106199982047],[-73.95531700004376,40.62096799990308],[-73.95503599983637,40.62129699971701],[-73.95535999970146,40.623184999702126],[-73.95594100038282,40.623340000254956],[-73.95490799978985,40.62345400023851],[-73.95604400031499,40.629459999896234],[-73.95609899966827,40.629664999983866],[-73.95712399986532,40.62958600005453],[-73.95729899976752,40.63051199967024],[-73.95661599987723,40.630590999867536],[-73.95636499980704,40.631185999697145],[-73.95716800024626,40.635404999841846],[-73.95819799956787,40.63528899968535],[-73.9583110004441,40.636741000186376]]]}},{"type":"Feature","properties":{"market_area_id":"zcta:11211","zcta":"11211","zip":"11211","geography_type":"zcta","name":"11211","vintage":"2020","period_start":"2026-06-01","period_end":"2026-06-30","current_month":"2026-06-30","measure_basis":"index","gross_or_net":"unknown","statistic":"typical_observed_rent_35_65_percentile_smoothed","unit_scope":"all_units","bedroom_count":null,"source_id":"zori","source_artifact_id":"zori-zip-sfrcondomfr-sm-month","source_url":"https://www.zillow.com/research/data/","source_label":"Zillow ZORI — ZIP-level typical observed market rent (all units, smoothed)","not_a_label":"median asking rent","attribution":"Data Provided by Zillow Group","zori_missing":false,"zori_rent_usd":4959.57,"zori_all_units":true},"geometry":{"type":"Polygon","coordinates":[[[-73.96442099964686,40.707534000181695],[-73.96383900003893,40.71047700005342],[-73.96128700040276,40.714501999793015],[-73.9516459996009,40.723486000001735],[-73.95064600041653,40.721704999704855],[-73.9501800002612,40.71900900010106],[-73.94981100019025,40.71904299966271],[-73.94975799958848,40.718693999671935],[-73.94894300035203,40.71877300030214],[-73.94841600009734,40.71845500027112],[-73.94853200044831,40.71916800000454],[-73.9469890002174,40.71958400002339],[-73.946743999995,40.71854800022543],[-73.9450839995882,40.7187819997992],[-73.9450330004329,40.71847700005241],[-73.94367699979973,40.71861100029637],[-73.94368699984547,40.718909999776685],[-73.94293799983292,40.718978999832615],[-73.94287199971069,40.71861299996258],[-73.94055000022831,40.718999999953866],[-73.94037299977799,40.718047000100505],[-73.93560599989128,40.719222000052326],[-73.93650399986673,40.72124699983897],[-73.93504100000177,40.72166899988603],[-73.93558900017285,40.722991000244384],[-73.92717099993477,40.72523299983],[-73.92534400002174,40.72163800000748],[-73.92417999990748,40.72001999981266],[-73.92427799981681,40.718536000172755],[-73.92271100019471,40.716478000332145],[-73.93480199962715,40.71337300032815],[-73.93453399983855,40.7127539999516],[-73.93531200016342,40.71254199999791],[-73.93545000025568,40.71283399972018],[-73.93786700017262,40.712229000149115],[-73.93803799987681,40.712591000015045],[-73.93831999990914,40.71252399999643],[-73.93721100004649,40.71009499969072],[-73.94019600022601,40.709821000269855],[-73.94068800032058,40.71196199984834],[-73.94222800017845,40.71180099988654],[-73.94216500042926,40.71142699983885],[-73.94333399966804,40.71118600033561],[-73.94865100027398,40.710802000053825],[-73.94877500012255,40.71117899970124],[-73.94917000013275,40.71074900027725],[-73.95105099957416,40.71056700005521],[-73.95023700016262,40.70547300031775],[-73.95190000004412,40.70441799968379],[-73.9525319998808,40.70498299994258],[-73.95444199963453,40.70374700031945],[-73.95381200034599,40.703181000066216],[-73.95410500024896,40.702990000003474],[-73.95441599969526,40.70326200016273],[-73.95573200014546,40.70240499969814],[-73.95544300044047,40.702125999901256],[-73.95572399974954,40.70194600011509],[-73.95605199981259,40.702240999888325],[-73.95735099964604,40.701333000311855],[-73.95706100011613,40.70107799970544],[-73.95745699995126,40.70082199972513],[-73.96484900016735,40.707454000174096],[-73.96442099964686,40.707534000181695]]]}},{"type":"Feature","properties":{"market_area_id":"zcta:11212","zcta":"11212","zip":"11212","geography_type":"zcta","name":"11212","vintage":"2020","period_start":"2026-06-01","period_end":"2026-06-30","current_month":"2026-06-30","measure_basis":"index","gross_or_net":"unknown","statistic":"typical_observed_rent_35_65_percentile_smoothed","unit_scope":"all_units","bedroom_count":null,"source_id":"zori","source_artifact_id":"zori-zip-sfrcondomfr-sm-month","source_url":"https://www.zillow.com/research/data/","source_label":"Zillow ZORI — ZIP-level typical observed market rent (all units, smoothed)","not_a_label":"median asking rent","attribution":"Data Provided by Zillow Group","zori_missing":false,"zori_rent_usd":2896.3,"zori_all_units":true},"geometry":{"type":"Polygon","coordinates":[[[-73.9306850000188,40.66362000018589],[-73.92438900014487,40.66638500011362],[-73.92477199956119,40.66748699992724],[-73.92419900017406,40.6674519996789],[-73.92413300005182,40.66708299999263],[-73.92362800043675,40.667166999796],[-73.92336800014576,40.66682700023129],[-73.91960299999158,40.66847000015767],[-73.91979100031256,40.66877300016848],[-73.9193229996091,40.669268999798575],[-73.91748200035066,40.669392999981355],[-73.91403900041175,40.670896999795765],[-73.91417099975791,40.671455999687986],[-73.9130860001847,40.671310000251154],[-73.91096800001851,40.672236000167096],[-73.91040099958087,40.67302300025486],[-73.9092549999083,40.67294799989202],[-73.90597000015313,40.67440699972005],[-73.90590800022886,40.674861999706756],[-73.9034750004184,40.675507000221785],[-73.90041700044395,40.66380599977526],[-73.90145099996356,40.66365900030766],[-73.90066099994311,40.66058700002434],[-73.89965199963959,40.66073499980904],[-73.8988070002659,40.6574069999921],[-73.90030299974285,40.65726299992866],[-73.90317300029461,40.65530099987162],[-73.90968199970555,40.654142999923174],[-73.92169600004341,40.65437199992478],[-73.92330500039655,40.65580200032423],[-73.92401400022612,40.655753999864366],[-73.92407699997533,40.65648399989009],[-73.92453200026,40.65625300014741],[-73.92475499984276,40.65667199977767],[-73.92451499964325,40.65688099975952],[-73.92641199987648,40.658587000330385],[-73.92720100007199,40.658536999723104],[-73.92724700010277,40.65922199973995],[-73.92786999971862,40.659207999816],[-73.92794800043471,40.65995800017219],[-73.92882299994564,40.66074500001285],[-73.93032000014581,40.6606559998497],[-73.93046200043602,40.66221700003499],[-73.93107699965596,40.662788999982595],[-73.93155600023007,40.66275599997476],[-73.93160700028368,40.66355699988865],[-73.9306850000188,40.66362000018589]]]}},{"type":"Feature","properties":{"market_area_id":"zcta:11213","zcta":"11213","zip":"11213","geography_type":"zcta","name":"11213","vintage":"2020","period_start":"2026-06-01","period_end":"2026-06-30","current_month":"2026-06-30","measure_basis":"index","gross_or_net":"unknown","statistic":"typical_observed_rent_35_65_percentile_smoothed","unit_scope":"all_units","bedroom_count":null,"source_id":"zori","source_artifact_id":"zori-zip-sfrcondomfr-sm-month","source_url":"https://www.zillow.com/research/data/","source_label":"Zillow ZORI — ZIP-level typical observed market rent (all units, smoothed)","not_a_label":"median asking rent","attribution":"Data Provided by Zillow Group","zori_missing":false,"zori_rent_usd":3096.88,"zori_all_units":true},"geometry":{"type":"Polygon","coordinates":[[[-73.94802500028509,40.66657499990038],[-73.94710800004306,40.67634799991916],[-73.94705600016452,40.67600499976015],[-73.94661599994846,40.67598099999081],[-73.94657900013854,40.67632699997402],[-73.94464699974519,40.67620999996406],[-73.94467799970732,40.675810000277316],[-73.94392200002211,40.675861000333384],[-73.94390199993062,40.676096000141136],[-73.94191900038197,40.67597499987682],[-73.94188199967373,40.67634799991916],[-73.94153500024241,40.676421000293296],[-73.94124300016436,40.67954999992517],[-73.93867200026166,40.67940900022385],[-73.93862500040598,40.67979599982061],[-73.93739799964423,40.67973000027008],[-73.93756800042185,40.68058900029316],[-73.93562500015786,40.680813999866345],[-73.93550299995914,40.68004000002756],[-73.93451799994503,40.68015700012819],[-73.93487199994735,40.67959299990034],[-73.92905800012227,40.679277000291094],[-73.93025999987134,40.67786799985591],[-73.930382999895,40.676596999737434],[-73.92998700005988,40.67657400030485],[-73.93007300027361,40.675795999747464],[-73.93045700041316,40.67581799999478],[-73.9305300002081,40.67503900000668],[-73.92499599986718,40.67473599985366],[-73.9254129996187,40.67027900009435],[-73.92493700031595,40.670252000334],[-73.9250129995856,40.669409000273816],[-73.92549100033482,40.66943500014479],[-73.92559799956662,40.668495999713336],[-73.92477199956119,40.66748699992724],[-73.92438900014487,40.66638500011362],[-73.9306850000188,40.66362000018589],[-73.93726399974993,40.663191999710385],[-73.93721100004649,40.663468999709174],[-73.93948900004625,40.66346800007046],[-73.93944200019058,40.66387700030599],[-73.93992599988924,40.66390399992176],[-73.93997799976779,40.66345300003576],[-73.94216399970604,40.66350200004562],[-73.94269599998361,40.66405500009507],[-73.94252799975409,40.665837999968055],[-73.94280499976354,40.665853000147735],[-73.9427670001287,40.66628599992772],[-73.94525600001566,40.66644400004438],[-73.9453010002215,40.66598800025013],[-73.94568399963782,40.6660079997626],[-73.94565500022384,40.66647999973394],[-73.94802500028509,40.66657499990038]]]}},{"type":"Feature","properties":{"market_area_id":"zcta:11214","zcta":"11214","zip":"11214","geography_type":"zcta","name":"11214","vintage":"2020","period_start":"2026-06-01","period_end":"2026-06-30","current_month":"2026-06-30","measure_basis":"index","gross_or_net":"unknown","statistic":"typical_observed_rent_35_65_percentile_smoothed","unit_scope":"all_units","bedroom_count":null,"source_id":"zori","source_artifact_id":"zori-zip-sfrcondomfr-sm-month","source_url":"https://www.zillow.com/research/data/","source_label":"Zillow ZORI — ZIP-level typical observed market rent (all units, smoothed)","not_a_label":"median asking rent","attribution":"Data Provided by Zillow Group","zori_missing":false,"zori_rent_usd":2461.56,"zori_all_units":true},"geometry":{"type":"Polygon","coordinates":[[[-74.01477500019122,40.602013999954316],[-74.014520999748,40.60281300004544],[-74.01391099965262,40.603504000204865],[-74.01417500014159,40.603988999687374],[-74.01276800035309,40.60542100011624],[-74.01142699978854,40.60670899986274],[-74.01102400028071,40.6065059998677],[-74.01051899976736,40.606991999875014],[-74.01090399973182,40.607240000276576],[-74.00976800010498,40.60832199979246],[-74.00938099959238,40.60808499969309],[-74.00907799964368,40.60837799988307],[-74.00939700038424,40.608570000032394],[-74.00854600026442,40.60968999968403],[-74.00761899997666,40.60978000005903],[-74.00411999996126,40.61314499975356],[-74.00448800020729,40.61338500012263],[-74.0036029997523,40.614281000339204],[-74.00295099982417,40.61479800021982],[-74.00261400043858,40.61459399987688],[-74.00082400033547,40.616313999928096],[-73.99798999976869,40.61460000005631],[-73.99834100029626,40.614275999824876],[-73.99665900014818,40.6132850000168],[-73.9963789997657,40.6136269997185],[-73.9959829999306,40.613387999925735],[-73.99630900034381,40.6130649996663],[-73.99242299981582,40.61071400014373],[-73.99198500014789,40.61097699993018],[-73.99154300028201,40.61070999979152],[-73.9916179997268,40.61020700030766],[-73.98797499977132,40.60807499978269],[-73.98753700010342,40.60819499997322],[-73.9884230003833,40.607118999934364],[-73.98813999962776,40.607149000090374],[-73.98804099989358,40.606598999864666],[-73.98712600019968,40.60656800033477],[-73.98684699964211,40.60509699970813],[-73.987480000202,40.604539000249105],[-73.98664400015082,40.60404400015181],[-73.9850149997062,40.59541299976567],[-73.98601899998684,40.594445999679515],[-73.98463999978746,40.59355200024684],[-73.98323299999898,40.586009000071705],[-73.98376299972841,40.58594700032018],[-73.98354099997054,40.584749000284845],[-73.98300399967013,40.5848090001957],[-73.9828120000495,40.583792000298075],[-73.98027399975875,40.58313300004042],[-73.98109200026657,40.58149300000312],[-73.98276500019385,40.582998999673016],[-73.98384200026943,40.583333000272745],[-73.98693899970363,40.58117099998845],[-73.98799599968773,40.57964600017247],[-73.9893599998185,40.58023800007587],[-73.99000599989888,40.58067600016361],[-73.98954499976644,40.58193299973328],[-73.988358000086,40.5834749998427],[-73.98852299994242,40.58387999977067],[-73.98878099968529,40.58436300011711],[-73.99175699964395,40.58672800019933],[-73.99252300027324,40.58798399987583],[-73.99825199970951,40.585311999787365],[-73.99945299963366,40.585567000301396],[-73.99968199996252,40.586091000028915],[-73.99938999988446,40.58640600014428],[-73.99826099993032,40.58654400026026],[-73.99852799989404,40.586886999779686],[-73.99757700021513,40.58684799982752],[-73.9943650002549,40.588287999719356],[-73.99417299973597,40.58842399988414],[-73.9974419995976,40.58710999996164],[-73.99410199959087,40.58867200027522],[-73.99420799989606,40.588866999947825],[-73.99517700001662,40.588469000078426],[-73.99490800040313,40.58879099975124],[-73.995378999683,40.58938900029274],[-74.00019300032369,40.586957000161576],[-74.00029799990567,40.58643200028677],[-74.00041599990645,40.587135999830444],[-73.9976390001394,40.588463000281656],[-73.99802499992879,40.588412000282005],[-73.99866099996342,40.589198999758004],[-73.99927100005878,40.58896599967944],[-73.9994190001968,40.589258999769754],[-73.99846599996975,40.58965999989868],[-73.99878900000995,40.59029600013087],[-73.99834499959591,40.59034199979937],[-73.99798899994377,40.59086200013939],[-73.9971110000598,40.59127800009213],[-73.99723200043366,40.59161999985642],[-73.997574999667,40.59190799977317],[-73.99923300042396,40.5911319998755],[-74.00020800039232,40.59135800033734],[-73.9989759996077,40.59240199967405],[-73.99948100012108,40.592969000287],[-73.99859400001627,40.59355500025808],[-74.00110499964454,40.59251899997772],[-74.00265899974612,40.59499399967137],[-74.0041159997633,40.5964729999523],[-74.0102400001081,40.60038500009682],[-74.01228899977899,40.60132700031061],[-74.01477500019122,40.602013999954316]]]}},{"type":"Feature","properties":{"market_area_id":"zcta:11215","zcta":"11215","zip":"11215","geography_type":"zcta","name":"11215","vintage":"2020","period_start":"2026-06-01","period_end":"2026-06-30","current_month":"2026-06-30","measure_basis":"index","gross_or_net":"unknown","statistic":"typical_observed_rent_35_65_percentile_smoothed","unit_scope":"all_units","bedroom_count":null,"source_id":"zori","source_artifact_id":"zori-zip-sfrcondomfr-sm-month","source_url":"https://www.zillow.com/research/data/","source_label":"Zillow ZORI — ZIP-level typical observed market rent (all units, smoothed)","not_a_label":"median asking rent","attribution":"Data Provided by Zillow Group","zori_missing":false,"zori_rent_usd":4205.22,"zori_all_units":true},"geometry":{"type":"Polygon","coordinates":[[[-74.0021440000853,40.65295600010157],[-73.9934200004238,40.661349000003895],[-73.9936460003796,40.66148500003275],[-73.99307100044432,40.66204999977917],[-73.99283799991751,40.66190899986609],[-73.99167299997838,40.66302800015048],[-73.99200900043733,40.66323100008241],[-73.99227999970068,40.66294500023199],[-73.99422299996468,40.6641149996719],[-73.99393400025969,40.66439399985709],[-73.99418000030698,40.664542000053125],[-73.99451400021782,40.66427199985375],[-73.99607900019006,40.66524799976459],[-73.99484499975561,40.666804999742844],[-73.99652799972861,40.668893999875834],[-73.99667199966868,40.66873900015487],[-73.99861900013063,40.67182999999762],[-73.99601399989271,40.67499400020595],[-73.99557799987461,40.67513699999755],[-73.99527499992593,40.675778000035216],[-73.99397799974231,40.676170999688026],[-73.9908019997671,40.675783000031444],[-73.98943500016158,40.67745900026811],[-73.98938800030592,40.678284999762305],[-73.98855999975234,40.67955899995395],[-73.98820300027528,40.679418999671334],[-73.98785699977056,40.68003300020713],[-73.98696100034323,40.679743999973766],[-73.98739300016337,40.67910400000417],[-73.98704599983375,40.67896999997346],[-73.98683800031961,40.6792889999242],[-73.98592799975026,40.678934000214205],[-73.98613199996475,40.67861600002016],[-73.98542899998299,40.67834400006447],[-73.98499799998775,40.67897699990545],[-73.98261100020805,40.67805100027819],[-73.98281700007239,40.67774700008265],[-73.98055699961597,40.676853000143346],[-73.98077300042435,40.67653299999332],[-73.98013999986443,40.67628799976642],[-73.97991399990863,40.67661100009906],[-73.97811999960754,40.67591100021692],[-73.97795999977397,40.67543800009081],[-73.97705599995074,40.67508600006898],[-73.97684400023864,40.67541400011743],[-73.9755539997277,40.674907000277955],[-73.9757500004446,40.67457700015333],[-73.97546699968908,40.674467000202995],[-73.97492400043917,40.674663999830635],[-73.97312900031316,40.673984999953184],[-73.97333799965222,40.67363699974395],[-73.97251599984476,40.67331900017295],[-73.97233400026987,40.67360899981263],[-73.9715180003102,40.67329299977238],[-73.97136900034728,40.673452999979915],[-73.97085899981101,40.67273000024796],[-73.97040900044753,40.67261700010822],[-73.97934999984403,40.66159399992584],[-73.98020500016176,40.661109000278714],[-73.9799880004268,40.66075199981394],[-73.97957800034797,40.660853000074304],[-73.97515700006765,40.65872299985728],[-73.97565199963698,40.65811600010169],[-73.97530299965754,40.657948999800766],[-73.97615399977732,40.65751400027802],[-73.97665699974257,40.65691100005531],[-73.9762850001969,40.6567299997013],[-73.97705000010295,40.65585599994847],[-73.97730799984583,40.65615000024037],[-73.97759900009896,40.65586900014168],[-73.9797699999686,40.65722900018068],[-73.98179600007327,40.6552460000362],[-73.98029100037549,40.64729700028481],[-73.9818050002941,40.64712799971785],[-73.98905900041794,40.64411899986972],[-73.99827599999895,40.64973399999762],[-73.99781800023956,40.65028199981903],[-74.0021440000853,40.65295600010157]]]}},{"type":"Feature","properties":{"market_area_id":"zcta:11216","zcta":"11216","zip":"11216","geography_type":"zcta","name":"11216","vintage":"2020","period_start":"2026-06-01","period_end":"2026-06-30","current_month":"2026-06-30","measure_basis":"index","gross_or_net":"unknown","statistic":"typical_observed_rent_35_65_percentile_smoothed","unit_scope":"all_units","bedroom_count":null,"source_id":"zori","source_artifact_id":"zori-zip-sfrcondomfr-sm-month","source_url":"https://www.zillow.com/research/data/","source_label":"Zillow ZORI — ZIP-level typical observed market rent (all units, smoothed)","not_a_label":"median asking rent","attribution":"Data Provided by Zillow Group","zori_missing":false,"zori_rent_usd":3583.94,"zori_all_units":true},"geometry":{"type":"Polygon","coordinates":[[[-73.95765699996778,40.67153599999977],[-73.95722000012479,40.67144500020818],[-73.95690499958222,40.67232399967981],[-73.9573389999505,40.67241400012979],[-73.95724400041424,40.67267400029308],[-73.95684600003098,40.67258400019404],[-73.95664799966426,40.673218999887254],[-73.95702099993315,40.67329399994521],[-73.95518300014946,40.6784339998821],[-73.95482900014714,40.678473000196846],[-73.95493399972912,40.6790520002988],[-73.95528000023384,40.679131000267525],[-73.95480099965974,40.67917000017449],[-73.9549110001629,40.67974800027783],[-73.95538599964074,40.67969300016318],[-73.95611200008706,40.683332999853235],[-73.95567600006898,40.68338200024204],[-73.95581199961309,40.68411599969687],[-73.95625699985202,40.68406599983649],[-73.95698699959797,40.687729000168794],[-73.95656399999866,40.68809600012941],[-73.95678999995451,40.68887200029752],[-73.95552100025826,40.68901500028957],[-73.95545000011317,40.68865600016116],[-73.95481800027649,40.68872899999861],[-73.95472600021498,40.689105999938974],[-73.95157299980598,40.68949099991012],[-73.95180999963245,40.69159899978333],[-73.94571499959997,40.692403000248504],[-73.94396200020508,40.68360099981545],[-73.94107599975978,40.68366000018094],[-73.94112900036154,40.68392700017746],[-73.93853099979633,40.68423200012764],[-73.93822299982477,40.68389399973068],[-73.93778799963157,40.681693999849806],[-73.93752099966788,40.68172399988448],[-73.93739799964423,40.67973000027008],[-73.93862500040598,40.67979599982061],[-73.93867200026166,40.67940900022385],[-73.94124300016436,40.67954999992517],[-73.94153500024241,40.676421000293296],[-73.94188199967373,40.67634799991916],[-73.94191900038197,40.67597499987682],[-73.94390199993062,40.676096000141136],[-73.94392200002211,40.675861000333384],[-73.94467799970732,40.675810000277316],[-73.94464699974519,40.67620999996406],[-73.94657900013854,40.67632699997402],[-73.94661599994846,40.67598099999081],[-73.94705600016452,40.67600499976015],[-73.94710800004306,40.67634799991916],[-73.94773099965889,40.66970499988282],[-73.95526900036319,40.67012499972487],[-73.95797400016019,40.6706569996791],[-73.95765699996778,40.67153599999977]]]}},{"type":"Feature","properties":{"market_area_id":"zcta:11217","zcta":"11217","zip":"11217","geography_type":"zcta","name":"11217","vintage":"2020","period_start":"2026-06-01","period_end":"2026-06-30","current_month":"2026-06-30","measure_basis":"index","gross_or_net":"unknown","statistic":"typical_observed_rent_35_65_percentile_smoothed","unit_scope":"all_units","bedroom_count":null,"source_id":"zori","source_artifact_id":"zori-zip-sfrcondomfr-sm-month","source_url":"https://www.zillow.com/research/data/","source_label":"Zillow ZORI — ZIP-level typical observed market rent (all units, smoothed)","not_a_label":"median asking rent","attribution":"Data Provided by Zillow Group","zori_missing":false,"zori_rent_usd":4534.84,"zori_all_units":true},"geometry":{"type":"Polygon","coordinates":[[[-73.99086700006443,40.68205800022097],[-73.98785900031869,40.686504000277424],[-73.98839900009386,40.68671799995326],[-73.98794700018223,40.68733999970612],[-73.98742900014838,40.68713800024767],[-73.98635200007278,40.68872400029218],[-73.98181699998968,40.68733000008454],[-73.98140000023815,40.687944999904076],[-73.98265399986576,40.68843500027771],[-73.9820089996103,40.689321999979065],[-73.97928600026992,40.68825400033274],[-73.9795099996776,40.68986300000555],[-73.97312599994011,40.689622000121986],[-73.97306999986363,40.689343999849264],[-73.97356600015617,40.689292999891386],[-73.97322100037468,40.687654000002375],[-73.97274799964835,40.68772700025629],[-73.97262100032505,40.68708400006616],[-73.97309800035103,40.68702899987416],[-73.97293500014442,40.68615400006507],[-73.9734129999953,40.68608899997896],[-73.97284800010577,40.68567499980816],[-73.97261299992913,40.68451499994981],[-73.97211300033693,40.68456900016926],[-73.97205700026045,40.6842609996929],[-73.97254299960895,40.684201999859425],[-73.97232400022413,40.68276799989986],[-73.97064000042622,40.68241399967931],[-73.9720270001232,40.678327999872195],[-73.97233799956952,40.67839300003325],[-73.97247099963892,40.677715000089044],[-73.9727650002651,40.677591999821416],[-73.97104999960672,40.67523700013175],[-73.97146100040878,40.674332000232766],[-73.97136900034728,40.673452999979915],[-73.9715180003102,40.67329299977238],[-73.97233400026987,40.67360899981263],[-73.97251599984476,40.67331900017295],[-73.97333799965222,40.67363699974395],[-73.97312900031316,40.673984999953184],[-73.97492400043917,40.674663999830635],[-73.97546699968908,40.674467000202995],[-73.9757500004446,40.67457700015333],[-73.9755539997277,40.674907000277955],[-73.97684400023864,40.67541400011743],[-73.97705599995074,40.67508600006898],[-73.97795999977397,40.67543800009081],[-73.97811999960754,40.67591100021692],[-73.97991399990863,40.67661100009906],[-73.98013999986443,40.67628799976642],[-73.98077300042435,40.67653299999332],[-73.98055699961597,40.676853000143346],[-73.98281700007239,40.67774700008265],[-73.98261100020805,40.67805100027819],[-73.98499799998775,40.67897699990545],[-73.98542899998299,40.67834400006447],[-73.98613199996475,40.67861600002016],[-73.98592799975026,40.678934000214205],[-73.98683800031961,40.6792889999242],[-73.98704599983375,40.67896999997346],[-73.98739300016337,40.67910400000417],[-73.98696100034323,40.679743999973766],[-73.98785699977056,40.68003300020713],[-73.98820300027528,40.679418999671334],[-73.98855999975234,40.67955899995395],[-73.98808000025163,40.68017199981186],[-73.98912899983982,40.68058099978567],[-73.98891399975466,40.680898000084525],[-73.99057699963619,40.6815460002534],[-73.99040799958178,40.681879000075384],[-73.99086700006443,40.68205800022097]]]}},{"type":"Feature","properties":{"market_area_id":"zcta:11218","zcta":"11218","zip":"11218","geography_type":"zcta","name":"11218","vintage":"2020","period_start":"2026-06-01","period_end":"2026-06-30","current_month":"2026-06-30","measure_basis":"index","gross_or_net":"unknown","statistic":"typical_observed_rent_35_65_percentile_smoothed","unit_scope":"all_units","bedroom_count":null,"source_id":"zori","source_artifact_id":"zori-zip-sfrcondomfr-sm-month","source_url":"https://www.zillow.com/research/data/","source_label":"Zillow ZORI — ZIP-level typical observed market rent (all units, smoothed)","not_a_label":"median asking rent","attribution":"Data Provided by Zillow Group","zori_missing":false,"zori_rent_usd":3197.5,"zori_all_units":true},"geometry":{"type":"Polygon","coordinates":[[[-73.9919290000714,40.64220499981671],[-73.99049700016856,40.64316399977371],[-73.99078400022373,40.64333699991592],[-73.99019699969459,40.64389800026333],[-73.98977900011816,40.64364499994195],[-73.98834999969006,40.64456200021744],[-73.9818050002941,40.64712799971785],[-73.98029100037549,40.64729700028481],[-73.98179600007327,40.6552460000362],[-73.9797699999686,40.65722900018068],[-73.97759900009896,40.65586900014168],[-73.97730799984583,40.65615000024037],[-73.97705000010295,40.65585599994847],[-73.9762850001969,40.6567299997013],[-73.97665699974257,40.65691100005531],[-73.97615399977732,40.65751400027802],[-73.97530299965754,40.657948999800766],[-73.97565199963698,40.65811600010169],[-73.97515700006765,40.65872299985728],[-73.97448199967498,40.658338999757824],[-73.97404400000707,40.65734699983304],[-73.9723429995924,40.65137800027338],[-73.97261999960183,40.6508349997332],[-73.9720820003748,40.65063499973861],[-73.97139699993637,40.64825799974041],[-73.96702800043292,40.649947999791834],[-73.96666500020974,40.64802899988417],[-73.96754599956846,40.64768300030132],[-73.96731899978774,40.64648900013463],[-73.96684799960956,40.64654199990607],[-73.96640099972079,40.64414999969741],[-73.96686699987612,40.64409899992926],[-73.96679200043135,40.643707999958046],[-73.96633200012383,40.643767000178904],[-73.96589600010572,40.64174300018369],[-73.96640900011671,40.641681000323004],[-73.966134999582,40.640227000272525],[-73.9656769998226,40.64030499989588],[-73.9654299999504,40.638991000106124],[-73.96588600005998,40.63893099974724],[-73.96579200034866,40.63844100025125],[-73.96535100030769,40.63864900006483],[-73.9650270004426,40.63666499988792],[-73.96544599984394,40.636619000059916],[-73.96538200026983,40.63627900022979],[-73.96625400030602,40.63586699971124],[-73.9661759995899,40.63545900029261],[-73.96754300009371,40.634947999832995],[-73.9676269997593,40.635237999964104],[-73.96818699962596,40.63497999989518],[-73.96794099957867,40.63463200001432],[-73.9696190004271,40.633840999977195],[-73.96986899977406,40.63419400027772],[-73.97241899976036,40.63299200005957],[-73.97280799992281,40.632805999782654],[-73.97272799955687,40.63240899984816],[-73.97707100001935,40.63025300029228],[-73.97716499973069,40.6307469997238],[-73.97815499976764,40.63028200015149],[-73.97831100030157,40.63127500030889],[-73.97885399955146,40.63159500011899],[-73.97861400025027,40.63188399970338],[-73.9791439999797,40.6322099999648],[-73.97885000025182,40.6324970000905],[-73.97851600034099,40.632299999999255],[-73.97870399976365,40.633324000226324],[-73.97897300027549,40.63347600016237],[-73.97876999988588,40.63367100002222],[-73.97915300020054,40.63404700032911],[-73.98072400002053,40.63498799973791],[-73.98058099990541,40.635356000329246],[-73.98085000041725,40.63551600019081],[-73.98118099995503,40.635196000084264],[-73.98301500043908,40.63637199968572],[-73.98288900004239,40.63674699973987],[-73.98339299983255,40.63705200007569],[-73.98367400003995,40.63677099999335],[-73.98554000031106,40.63789800010877],[-73.98525200043098,40.6381750001483],[-73.98554799980866,40.63835399967815],[-73.98581999979523,40.638064000130186],[-73.98748600004981,40.63907299982768],[-73.98718599957583,40.63934299976198],[-73.98775499966331,40.639686000332844],[-73.98803099984782,40.63940699974781],[-73.98957099970569,40.640335000146244],[-73.98928799984847,40.640608999673006],[-73.9899799999596,40.64102900003823],[-73.9902109999383,40.6407480003364],[-73.99179199980405,40.64172000031907],[-73.9919290000714,40.64220499981671]]]}},{"type":"Feature","properties":{"market_area_id":"zcta:11219","zcta":"11219","zip":"11219","geography_type":"zcta","name":"11219","vintage":"2020","period_start":"2026-06-01","period_end":"2026-06-30","current_month":"2026-06-30","measure_basis":"index","gross_or_net":"unknown","statistic":"typical_observed_rent_35_65_percentile_smoothed","unit_scope":"all_units","bedroom_count":null,"source_id":"zori","source_artifact_id":"zori-zip-sfrcondomfr-sm-month","source_url":"https://www.zillow.com/research/data/","source_label":"Zillow ZORI — ZIP-level typical observed market rent (all units, smoothed)","not_a_label":"median asking rent","attribution":"Data Provided by Zillow Group","zori_missing":false,"zori_rent_usd":2710.94,"zori_all_units":true},"geometry":{"type":"Polygon","coordinates":[[[-74.01270200023087,40.62902399994865],[-74.0085370000436,40.63302800007529],[-74.00702300012499,40.632110000087344],[-74.00630699972443,40.63258400011537],[-74.0079599995602,40.633584000050234],[-74.00383799992895,40.63754600033213],[-74.00331900007018,40.63723299995364],[-74.00276400022639,40.63780900014493],[-74.00325299994795,40.63810400021324],[-73.99398500031332,40.64710100012804],[-73.98905900041794,40.64411899986972],[-73.98977900011816,40.64364499994195],[-73.99019699969459,40.64389800026333],[-73.99078400022373,40.64333699991592],[-73.99049700016856,40.64316399977371],[-73.9919290000714,40.64220499981671],[-73.99179199980405,40.64172000031907],[-73.9902109999383,40.6407480003364],[-73.9899799999596,40.64102900003823],[-73.98928799984847,40.640608999673006],[-73.98957099970569,40.640335000146244],[-73.98803099984782,40.63940699974781],[-73.98775499966331,40.639686000332844],[-73.98718599957583,40.63934299976198],[-73.98748600004981,40.63907299982768],[-73.98581999979523,40.638064000130186],[-73.98554799980866,40.63835399967815],[-73.98525200043098,40.6381750001483],[-73.98554000031106,40.63789800010877],[-73.98367400003995,40.63677099999335],[-73.98339299983255,40.63705200007569],[-73.98288900004239,40.63674699973987],[-73.98301500043908,40.63637199968572],[-73.98118099995503,40.635196000084264],[-73.99554600008759,40.621392999709656],[-73.99583700034071,40.62156599967479],[-73.99671100002672,40.620762999711516],[-73.99639300000942,40.620582000190225],[-73.99728500013708,40.619712000081016],[-73.997694000391,40.61995900003259],[-73.99797999972294,40.61967700000025],[-73.99891100020868,40.62069299995105],[-73.9991160002481,40.62046100014256],[-73.99949100016681,40.62104300006544],[-74.00022400028583,40.62103499991577],[-74.00164299976989,40.62189300011124],[-74.0016939998235,40.622372000294],[-74.0021020002525,40.62261899995552],[-74.00239699980527,40.62234099989932],[-74.00380000029413,40.62318599994434],[-74.00350400001811,40.62346699992518],[-74.00441000038948,40.623819999839306],[-74.00458100009371,40.62366199969503],[-74.00603999976073,40.62456499999729],[-74.0059319998057,40.62493499982901],[-74.00650599991606,40.62527900031413],[-74.0067710002299,40.62499499981127],[-74.00824400014064,40.625881999999294],[-74.00796200010834,40.62615799992152],[-74.0088040000073,40.626488999783994],[-74.00897200023678,40.626320999910476],[-74.01038999989592,40.62717800020144],[-74.01074200024843,40.627458999750004],[-74.01050000039909,40.62769300014597],[-74.0108119996703,40.627881000009964],[-74.01108100018213,40.62759799983933],[-74.01206299982317,40.62818800027476],[-74.01178199961579,40.628465999856594],[-74.01270200023087,40.62902399994865]]]}},{"type":"Feature","properties":{"market_area_id":"zcta:11220","zcta":"11220","zip":"11220","geography_type":"zcta","name":"11220","vintage":"2020","period_start":"2026-06-01","period_end":"2026-06-30","current_month":"2026-06-30","measure_basis":"index","gross_or_net":"unknown","statistic":"typical_observed_rent_35_65_percentile_smoothed","unit_scope":"all_units","bedroom_count":null,"source_id":"zori","source_artifact_id":"zori-zip-sfrcondomfr-sm-month","source_url":"https://www.zillow.com/research/data/","source_label":"Zillow ZORI — ZIP-level typical observed market rent (all units, smoothed)","not_a_label":"median asking rent","attribution":"Data Provided by Zillow Group","zori_missing":false,"zori_rent_usd":2606.39,"zori_all_units":true},"geometry":{"type":"Polygon","coordinates":[[[-74.03847099970757,40.6356769997241],[-74.03575800041295,40.64062999995849],[-74.0367969999554,40.641574999834106],[-74.03407299989182,40.644312000145746],[-74.03286600011988,40.643587000231555],[-74.03234600043619,40.64412799990914],[-74.03197599964203,40.64385399983176],[-74.03049799970844,40.64529999997248],[-74.02825499986878,40.64405299977088],[-74.0260599997097,40.646261000239114],[-74.02961999982446,40.64847100031504],[-74.02929400030953,40.648739999861306],[-74.02569300018689,40.646616000082425],[-74.02406499956716,40.64759799994025],[-74.02512900012229,40.64832299990464],[-74.02472099969327,40.648739999861306],[-74.02563700011038,40.64975299976822],[-74.024406000049,40.65092199971407],[-74.02087699989637,40.64874300012126],[-74.02146000022756,40.64818200028598],[-74.01925599984764,40.64685299980022],[-74.01343000032702,40.652452999797724],[-74.0112050000307,40.6511119999283],[-74.0129519995778,40.64943000020559],[-74.01262900043592,40.64923500003146],[-74.01055599957726,40.651223999879974],[-74.00923699965234,40.65038199973867],[-74.00952399970751,40.65009699984521],[-74.00875799997652,40.64963299994229],[-74.00853000037091,40.64993700017267],[-74.00688500003274,40.648981000320184],[-74.0071799995855,40.6486790002265],[-74.00462100027667,40.64713100005026],[-74.00241500024694,40.645808999769805],[-74.00211099957501,40.646098999750336],[-74.00012499965331,40.64486200002166],[-74.00034499976134,40.64455600000312],[-73.99993100038287,40.644305999908944],[-73.99963699975669,40.64465299988019],[-73.99773399967566,40.6434100002985],[-74.00325299994795,40.63810400021324],[-74.00276400022639,40.63780900014493],[-74.00331900007018,40.63723299995364],[-74.00383799992895,40.63754600033213],[-74.0079599995602,40.633584000050234],[-74.00630699972443,40.63258400011537],[-74.00702300012499,40.632110000087344],[-74.0085370000436,40.63302800007529],[-74.01270200023087,40.62902399994865],[-74.01214200036422,40.628684000303316],[-74.01284600017091,40.62865599991045],[-74.01695600010659,40.63162199984535],[-74.01726099970512,40.631337000289605],[-74.01828500007727,40.6318109996693],[-74.01814100013722,40.63199699999098],[-74.01853000029965,40.63233400017762],[-74.0210119996156,40.63346900022675],[-74.02159900014476,40.63333900021745],[-74.0232729998969,40.634096000120714],[-74.02303500024554,40.63439499985052],[-74.0260389997933,40.63574099981603],[-74.03149000029353,40.63742599968968],[-74.03162599983766,40.637079999674604],[-74.03365299976726,40.63770000024973],[-74.03351700022313,40.63805399993526],[-74.0359580004295,40.63882100031261],[-74.03607100040739,40.63730600019493],[-74.03638900042472,40.636812000207655],[-74.03724499966907,40.63598500032804],[-74.03847099970757,40.6356769997241]]]}},{"type":"Feature","properties":{"market_area_id":"zcta:11221","zcta":"11221","zip":"11221","geography_type":"zcta","name":"11221","vintage":"2020","period_start":"2026-06-01","period_end":"2026-06-30","current_month":"2026-06-30","measure_basis":"index","gross_or_net":"unknown","statistic":"typical_observed_rent_35_65_percentile_smoothed","unit_scope":"all_units","bedroom_count":null,"source_id":"zori","source_artifact_id":"zori-zip-sfrcondomfr-sm-month","source_url":"https://www.zillow.com/research/data/","source_label":"Zillow ZORI — ZIP-level typical observed market rent (all units, smoothed)","not_a_label":"median asking rent","attribution":"Data Provided by Zillow Group","zori_missing":false,"zori_rent_usd":3628.43,"zori_all_units":true},"geometry":{"type":"Polygon","coordinates":[[[-73.94533700020651,40.69206800009848],[-73.94525299964259,40.692440999996535],[-73.9431549995679,40.692692000081976],[-73.9425910004016,40.69238199991242],[-73.94267099986924,40.69274499992484],[-73.94053799963443,40.69300700023793],[-73.94023700023386,40.69297000000919],[-73.94017199993654,40.69265899988863],[-73.93912699964801,40.69277999983652],[-73.93922000043273,40.69351800015392],[-73.93719500015295,40.693751999826915],[-73.93704899966478,40.69302099987729],[-73.93413399980548,40.69335500013187],[-73.934269000423,40.694089999946925],[-73.93465100001443,40.694045000066176],[-73.93479999997734,40.69477599967858],[-73.934923000001,40.69551100016391],[-73.934558000128,40.695554000057975],[-73.93470299989296,40.696288000305444],[-73.93508200000964,40.69624399969449],[-73.9351489999568,40.69660599995632],[-73.93771099963868,40.696318999727794],[-73.93779199982953,40.6966900000219],[-73.93400800030709,40.69711800000857],[-73.93297999973697,40.697967999728206],[-73.93279399996415,40.69779600008811],[-73.9302620004195,40.698528999677094],[-73.93052099998725,40.69877200029728],[-73.93030500007718,40.698992000161496],[-73.9300029999534,40.69878799966801],[-73.92839399960025,40.69948399990321],[-73.92933099993375,40.69998700031763],[-73.9275879996863,40.701762000178974],[-73.92608299998851,40.70091000031882],[-73.92627799998219,40.70071099973913],[-73.9255390000154,40.70026699998861],[-73.92532899995312,40.70048099973165],[-73.9245819995904,40.700056000233985],[-73.92471200018505,40.69965099970377],[-73.92333600035872,40.698940000308724],[-73.92308199991552,40.69919999984792],[-73.92313499961892,40.69889999992283],[-73.92232799988008,40.69877200029728],[-73.91781799991134,40.69620799973024],[-73.91759399960533,40.69643400020511],[-73.91716000013537,40.69617700025627],[-73.91654300036731,40.6968059996789],[-73.91698199986016,40.69705500003352],[-73.91609999977821,40.697952999963384],[-73.91456199957015,40.6971329999614],[-73.91486500041718,40.69682600016298],[-73.91336099964602,40.69596999981778],[-73.91180599971952,40.69755399980292],[-73.91030299967157,40.696700000282114],[-73.91186000014622,40.695114999897974],[-73.9111069999357,40.69468699998409],[-73.91083499994915,40.69496300006518],[-73.91011299970079,40.69450599999367],[-73.91035700009826,40.694259000045065],[-73.9088530002254,40.69340499983424],[-73.9105710003585,40.6916509999171],[-73.9102059995872,40.69144199991916],[-73.91126400029452,40.69037699994291],[-73.91174799999321,40.69045600011186],[-73.91199599969032,40.69020100010063],[-73.91173799994745,40.69005199971986],[-73.91401299957417,40.687545999750704],[-73.91439599988882,40.68775499970727],[-73.9148870001585,40.68725400018686],[-73.91453999982886,40.68704400005489],[-73.9153869997507,40.68616799978192],[-73.91575300034691,40.68637000013691],[-73.91604600024986,40.68607200030231],[-73.91804600041527,40.68721300031363],[-73.91792699969128,40.686624999822016],[-73.92067000002143,40.68629799973661],[-73.92059499967836,40.68591700032559],[-73.9209219999165,40.68587900026307],[-73.92101099960497,40.68624100030118],[-73.9229489998461,40.68601499999245],[-73.92289100011979,40.68565200010169],[-73.92349199999431,40.685584000241924],[-73.92367000026955,40.685964000211584],[-73.9264050002038,40.68557800031106],[-73.92652900005235,40.68523699994738],[-73.92702899964456,40.68517900029123],[-73.92719600004914,40.685593000137175],[-73.92917199992509,40.68532100004111],[-73.9291019996049,40.684941999809304],[-73.92945200030759,40.68490299987341],[-73.92952199972946,40.68527299970859],[-73.9322349999224,40.68490699986789],[-73.9323129997402,40.68457200018017],[-73.93282300027646,40.684512999940814],[-73.93285000004063,40.68488699989313],[-73.93507699998679,40.684615000321735],[-73.93501400023759,40.6842609996929],[-73.93586700000719,40.68453000001516],[-73.93789200028696,40.6843310002358],[-73.93803700005192,40.683915000016874],[-73.9384150003437,40.68387100009082],[-73.93853099979633,40.68423200012764],[-73.94112900036154,40.68392700017746],[-73.94107599975978,40.68366000018094],[-73.94396200020508,40.68360099981545],[-73.94564199980503,40.69203299981279],[-73.94533700020651,40.69206800009848]]]}},{"type":"Feature","properties":{"market_area_id":"zcta:11222","zcta":"11222","zip":"11222","geography_type":"zcta","name":"11222","vintage":"2020","period_start":"2026-06-01","period_end":"2026-06-30","current_month":"2026-06-30","measure_basis":"index","gross_or_net":"unknown","statistic":"typical_observed_rent_35_65_percentile_smoothed","unit_scope":"all_units","bedroom_count":null,"source_id":"zori","source_artifact_id":"zori-zip-sfrcondomfr-sm-month","source_url":"https://www.zillow.com/research/data/","source_label":"Zillow ZORI — ZIP-level typical observed market rent (all units, smoothed)","not_a_label":"median asking rent","attribution":"Data Provided by Zillow Group","zori_missing":false,"zori_rent_usd":4672.19,"zori_all_units":true},"geometry":{"type":"Polygon","coordinates":[[[-73.96262899989392,40.73654500005461],[-73.95706000029124,40.73916699974137],[-73.95508699988999,40.73939999978836],[-73.95254000027671,40.73922800030578],[-73.94706399966212,40.73751599987489],[-73.94216299988112,40.73567799998362],[-73.94031800042474,40.73319500021921],[-73.94037000030326,40.73276699997387],[-73.93965999975046,40.73148700033789],[-73.93752499986584,40.729814999696124],[-73.93442500005861,40.728817999965],[-73.92921299993297,40.72778000017954],[-73.9278010001216,40.72649400026901],[-73.92717099993477,40.72523299983],[-73.93558900017285,40.722991000244384],[-73.93504100000177,40.72166899988603],[-73.93650399986673,40.72124699983897],[-73.93560599989128,40.719222000052326],[-73.9393440002813,40.71840100028202],[-73.93922700010543,40.7181670000498],[-73.94037299977799,40.718047000100505],[-73.94055000022831,40.718999999953866],[-73.94287199971069,40.71861299996258],[-73.94293799983292,40.718978999832615],[-73.94368699984547,40.718909999776685],[-73.94367699979973,40.71861100029637],[-73.9450330004329,40.71847700005241],[-73.9450839995882,40.7187819997992],[-73.946743999995,40.71854800022543],[-73.9469890002174,40.71958400002339],[-73.94853200044831,40.71916800000454],[-73.94841600009734,40.71845500027112],[-73.94894300035203,40.71877300030214],[-73.94975799958848,40.718693999671935],[-73.94981100019025,40.71904299966271],[-73.9501800002612,40.71900900010106],[-73.95064600041653,40.721704999704855],[-73.9516459996009,40.723486000001735],[-73.95475399980407,40.72060100003428],[-73.95603799956889,40.72139700002019],[-73.9547760004437,40.7224600001379],[-73.95418300006676,40.722635999850226],[-73.95513899976852,40.724329000258365],[-73.95567900044202,40.72394300002617],[-73.95757199957899,40.725096999829624],[-73.95771700024225,40.72429800025716],[-73.96161100026787,40.724951000130666],[-73.96150099976468,40.72698599969931],[-73.96098600010389,40.72876000012991],[-73.96144999971106,40.730994000161196],[-73.96214799966998,40.73245199998914],[-73.96193199975991,40.73267899995754],[-73.9622680002189,40.732768999895505],[-73.96262899989392,40.73654500005461]]]}},{"type":"Feature","properties":{"market_area_id":"zcta:11223","zcta":"11223","zip":"11223","geography_type":"zcta","name":"11223","vintage":"2020","period_start":"2026-06-01","period_end":"2026-06-30","current_month":"2026-06-30","measure_basis":"index","gross_or_net":"unknown","statistic":"typical_observed_rent_35_65_percentile_smoothed","unit_scope":"all_units","bedroom_count":null,"source_id":"zori","source_artifact_id":"zori-zip-sfrcondomfr-sm-month","source_url":"https://www.zillow.com/research/data/","source_label":"Zillow ZORI — ZIP-level typical observed market rent (all units, smoothed)","not_a_label":"median asking rent","attribution":"Data Provided by Zillow Group","zori_missing":false,"zori_rent_usd":2599.06,"zori_all_units":true},"geometry":{"type":"Polygon","coordinates":[[[-73.98684699964211,40.60509699970813],[-73.9872550000711,40.6072449999535],[-73.98625699963823,40.607356000049556],[-73.9861820001935,40.60696900031636],[-73.98433000016607,40.60716999998696],[-73.984402999961,40.60755900019067],[-73.98347700039646,40.607662999852764],[-73.9834029998783,40.60727400025439],[-73.98155099985088,40.60748200030378],[-73.98162399964583,40.60786599974332],[-73.97403099958828,40.608702000070785],[-73.97398700010565,40.608476000269754],[-73.97334600004815,40.60854200007336],[-73.97299399969563,40.60881400025022],[-73.96238000037188,40.60998600029443],[-73.96233099996809,40.60973299968127],[-73.96179200001784,40.60980800018131],[-73.96147099962747,40.60811599988339],[-73.96200299990502,40.60804100021237],[-73.96173199974338,40.605358000121974],[-73.96119699999107,40.60541700012915],[-73.96099299977656,40.60306799997953],[-73.96055000008579,40.603116999991826],[-73.96051999994856,40.60273899974603],[-73.96098100008102,40.60271500022118],[-73.96084700018672,40.60098399983341],[-73.96038699987918,40.601025000191854],[-73.96011999991548,40.59810999981457],[-73.96065499966777,40.598055999860534],[-73.96044799997854,40.59658500016148],[-73.96019400043365,40.59625200022542],[-73.96017599999199,40.59515699998105],[-73.95956900026967,40.59513799968086],[-73.95939799966715,40.5939049999608],[-73.95976699973808,40.59386300001134],[-73.95926299994791,40.59317899984969],[-73.95972900010322,40.59312800003603],[-73.95965899978303,40.59278599979896],[-73.95919799965058,40.59283699987352],[-73.95906100028155,40.592115999889046],[-73.96019000023568,40.59203599986859],[-73.96013599980901,40.59165699969011],[-73.96120799986173,40.591538999890794],[-73.96123899982388,40.59192400022484],[-73.9625150000911,40.591783000205595],[-73.96244099957295,40.591402999921605],[-73.96330299956338,40.59130799985426],[-73.96338600030238,40.59171700022505],[-73.96413600013983,40.591634000312126],[-73.96406099979676,40.591225000115756],[-73.96512899965153,40.59110800027658],[-73.9656409998376,40.588888000130545],[-73.96652999959223,40.58879199982619],[-73.96662300037696,40.58835499975482],[-73.96635700023819,40.58807199997264],[-73.96680800032489,40.58733500027574],[-73.96770200010239,40.587233999979745],[-73.96756900003298,40.58651900027025],[-73.96701599983903,40.58657600031568],[-73.96709700002988,40.58617399999972],[-73.96749700006296,40.58613199996985],[-73.96740400017656,40.585048999983115],[-73.96678900005831,40.585112000014874],[-73.96906299986011,40.58399999973317],[-73.9775039996644,40.58278400006536],[-73.98059199977607,40.58317300027117],[-73.9828120000495,40.583792000298075],[-73.98300399967013,40.5848090001957],[-73.98354099997054,40.584749000284845],[-73.98376299972841,40.58594700032018],[-73.98323299999898,40.586009000071705],[-73.98463999978746,40.59355200024684],[-73.98601899998684,40.594445999679515],[-73.9850149997062,40.59541299976567],[-73.98664400015082,40.60404400015181],[-73.987480000202,40.604539000249105],[-73.98684699964211,40.60509699970813]]]}},{"type":"Feature","properties":{"market_area_id":"zcta:11224","zcta":"11224","zip":"11224","geography_type":"zcta","name":"11224","vintage":"2020","period_start":"2026-06-01","period_end":"2026-06-30","current_month":"2026-06-30","measure_basis":"index","gross_or_net":"unknown","statistic":"typical_observed_rent_35_65_percentile_smoothed","unit_scope":"all_units","bedroom_count":null,"source_id":"zori","source_artifact_id":"zori-zip-sfrcondomfr-sm-month","source_url":"https://www.zillow.com/research/data/","source_label":"Zillow ZORI — ZIP-level typical observed market rent (all units, smoothed)","not_a_label":"median asking rent","attribution":"Data Provided by Zillow Group","zori_missing":false,"zori_rent_usd":3322.94,"zori_all_units":true},"geometry":{"type":"Polygon","coordinates":[[[-74.01302400044614,40.5780470000502],[-74.01237599981764,40.57919300029926],[-74.01127000032803,40.58025600031358],[-74.0073339995713,40.58197199982249],[-74.00526599963383,40.58205399995331],[-73.99962199968807,40.58142400022794],[-73.99793700006524,40.58164199997691],[-73.9976039999793,40.58140200024511],[-73.99785500004947,40.580824999910476],[-73.99762099969776,40.580553999981866],[-73.99175099979615,40.57927400020812],[-73.99069700018511,40.57931800020174],[-73.99067899974344,40.5800599998905],[-73.98799599968773,40.57964600017247],[-73.98693899970363,40.58117099998845],[-73.98384200026943,40.583333000272745],[-73.98276500019385,40.582998999673016],[-73.98109200026657,40.58149300000312],[-73.98027399975875,40.58313300004042],[-73.9775039996644,40.58278400006536],[-73.97463800020891,40.583113999734856],[-73.97456600023888,40.5824900000924],[-73.97072499991671,40.583191999877776],[-73.97113400017062,40.58201899993475],[-73.96837699959677,40.581674999830035],[-73.9691330001803,40.58004800015229],[-73.96991999982768,40.57558299977529],[-73.96675399989822,40.57483300001803],[-73.95941399956065,40.57515799998983],[-73.95942299978148,40.5739110002756],[-73.96714499971046,40.573319999959566],[-73.96747500032167,40.57324100028036],[-73.9673940001308,40.57299299999036],[-73.96757099968283,40.573201000251764],[-73.9685830003594,40.57312899986701],[-73.96946999956589,40.572806999852],[-73.96928600034119,40.5723180001143],[-73.96954999993183,40.57280899979754],[-73.9710610003757,40.57273200014515],[-73.97136599997422,40.572514000019666],[-73.97118600004917,40.57193900010317],[-73.9716530000294,40.57257999984466],[-73.97243800002694,40.57258300011432],[-73.9733009998423,40.57235799998842],[-73.9732509996136,40.571632000018475],[-73.97365099964667,40.572344000273986],[-73.97546800041229,40.572035999674924],[-73.97547199971193,40.57142800031233],[-73.97562599969773,40.572014999659956],[-73.97634000044849,40.572069000172455],[-73.97759999992388,40.571810999756735],[-73.97764799960444,40.57118200012051],[-73.97807000027714,40.571241999917866],[-73.97769000033556,40.5713060003247],[-73.97778200039706,40.57176700028478],[-73.97898800034409,40.571866999725216],[-73.97984699996148,40.57153299987748],[-73.97940599992052,40.57120699970141],[-73.98015199956002,40.57172999968289],[-73.98202500040213,40.57147900029717],[-73.9816210001711,40.57124900023187],[-73.98203700009769,40.57128500008068],[-73.98214199967968,40.57156999990599],[-73.98289800026323,40.5715380001776],[-73.98859599973734,40.570897999667594],[-73.98855200025474,40.5707179998713],[-73.99009600031056,40.5707270002479],[-73.99064899960622,40.57062800013275],[-73.99074900006363,40.57025399981651],[-73.99086799988933,40.570532000232724],[-73.99150899994683,40.5705770001817],[-73.99275799955156,40.57047599982941],[-73.9929929997282,40.57021299969665],[-73.9950260004039,40.57035499982148],[-73.99520399978081,40.570029000047825],[-73.99559399976816,40.57041100032605],[-73.99712899960315,40.5703919998189],[-73.99741300018361,40.57011600021188],[-73.99775399976714,40.570381999729406],[-73.99977200037421,40.57051699978812],[-74.00204399962786,40.57014199986245],[-74.00208700018389,40.569596000302134],[-74.00242199991963,40.57131400028597],[-74.00305499958124,40.57215999966123],[-74.00392599979249,40.572189999810504],[-74.00421200002276,40.572680999750645],[-74.00674799976538,40.57346800009225],[-74.01073399985252,40.57420600003538],[-74.00966299962468,40.573778999774554],[-74.00975399986129,40.573606999909536],[-74.01205000030271,40.57485000006196],[-74.01302400044614,40.5780470000502]]]}},{"type":"Feature","properties":{"market_area_id":"zcta:11225","zcta":"11225","zip":"11225","geography_type":"zcta","name":"11225","vintage":"2020","period_start":"2026-06-01","period_end":"2026-06-30","current_month":"2026-06-30","measure_basis":"index","gross_or_net":"unknown","statistic":"typical_observed_rent_35_65_percentile_smoothed","unit_scope":"all_units","bedroom_count":null,"source_id":"zori","source_artifact_id":"zori-zip-sfrcondomfr-sm-month","source_url":"https://www.zillow.com/research/data/","source_label":"Zillow ZORI — ZIP-level typical observed market rent (all units, smoothed)","not_a_label":"median asking rent","attribution":"Data Provided by Zillow Group","zori_missing":false,"zori_rent_usd":3427.66,"zori_all_units":true},"geometry":{"type":"Polygon","coordinates":[[[-73.96502499989445,40.66217300009793],[-73.96419399986615,40.66226099994299],[-73.96390099996317,40.66327300003816],[-73.9628940002078,40.66379799997943],[-73.96242899987739,40.663124999751915],[-73.96095599996666,40.66328499982596],[-73.96219399970074,40.6696410003365],[-73.96194900037668,40.66963700010729],[-73.96133799955808,40.671351999888586],[-73.95526900036319,40.67012499972487],[-73.94773099965889,40.66970499988282],[-73.94802500028509,40.66657499990038],[-73.94565500022384,40.66647999973394],[-73.94568399963782,40.6660079997626],[-73.9453010002215,40.66598800025013],[-73.94525600001566,40.66644400004438],[-73.9427670001287,40.66628599992772],[-73.94280499976354,40.665853000147735],[-73.94252799975409,40.665837999968055],[-73.94269599998361,40.66405500009507],[-73.94216399970604,40.66350200004562],[-73.93997799976779,40.66345300003576],[-73.9400289998214,40.66302099990683],[-73.94282900005298,40.66284700003929],[-73.94261099959479,40.660610000201224],[-73.94298800006166,40.66058599966096],[-73.94295299990155,40.66023799971534],[-73.94513100034219,40.66009599968991],[-73.94516700032719,40.660451000208965],[-73.94541300037449,40.660436999861425],[-73.94565900042178,40.66008300032034],[-73.94764000032062,40.659958999863576],[-73.94726399967867,40.65643699966503],[-73.95304800026483,40.656080999843155],[-73.9530940002956,40.656507999861766],[-73.95934300031388,40.6559829997885],[-73.9602050003043,40.65551399977293],[-73.96056699980423,40.65627099967815],[-73.96117199987673,40.65615399991553],[-73.96125200024267,40.656599000272124],[-73.96167400001706,40.656538000325284],[-73.96169099973551,40.65495100008331],[-73.96189999997286,40.6548710003217],[-73.96281399984184,40.66050399979416],[-73.96339799999795,40.66036700012432],[-73.96374399960435,40.659865000188034],[-73.96502499989445,40.66217300009793]]]}},{"type":"Feature","properties":{"market_area_id":"zcta:11226","zcta":"11226","zip":"11226","geography_type":"zcta","name":"11226","vintage":"2020","period_start":"2026-06-01","period_end":"2026-06-30","current_month":"2026-06-30","measure_basis":"index","gross_or_net":"unknown","statistic":"typical_observed_rent_35_65_percentile_smoothed","unit_scope":"all_units","bedroom_count":null,"source_id":"zori","source_artifact_id":"zori-zip-sfrcondomfr-sm-month","source_url":"https://www.zillow.com/research/data/","source_label":"Zillow ZORI — ZIP-level typical observed market rent (all units, smoothed)","not_a_label":"median asking rent","attribution":"Data Provided by Zillow Group","zori_missing":false,"zori_rent_usd":3033.76,"zori_all_units":true},"geometry":{"type":"Polygon","coordinates":[[[-73.96666500020974,40.64802899988417],[-73.96702800043292,40.649947999791834],[-73.96465400017368,40.65088700031512],[-73.96621300029813,40.65318899994095],[-73.96169099973551,40.65495100008331],[-73.96167400001706,40.656538000325284],[-73.96125200024267,40.656599000272124],[-73.96117199987673,40.65615399991553],[-73.96056699980423,40.65627099967815],[-73.9602050003043,40.65551399977293],[-73.95934300031388,40.6559829997885],[-73.9530940002956,40.656507999861766],[-73.95304800026483,40.656080999843155],[-73.94726399967867,40.65643699966503],[-73.94677599978203,40.65185400010967],[-73.94727000042477,40.651825000079356],[-73.94721799964792,40.651238000116315],[-73.94670899983488,40.651264000255345],[-73.9466529997584,40.65075799997662],[-73.94715200042398,40.65056700028548],[-73.94703699989795,40.64945800006498],[-73.9465189998641,40.64948800029074],[-73.94645100009203,40.64883599993349],[-73.94697800034672,40.648793999748484],[-73.9468429997292,40.646979999736935],[-73.94724100011246,40.64696400019833],[-73.94705899963927,40.645250000313325],[-73.94607299980026,40.64531200026683],[-73.94598800030975,40.64453399966705],[-73.94646899963539,40.644175999871585],[-73.94642799962752,40.643786000285154],[-73.94586899958576,40.643424000129265],[-73.94629799993115,40.64290700029087],[-73.94607100015044,40.6404320000227],[-73.94554999974352,40.64042900007081],[-73.94552200015443,40.640164999685396],[-73.94841400044753,40.639987000230555],[-73.94828800005082,40.63882200032062],[-73.94970499988504,40.638769999881106],[-73.94968499979356,40.63851999992905],[-73.95359999973557,40.6384219999869],[-73.95452600019843,40.63863699993592],[-73.9555029998166,40.63815999988028],[-73.95551000038762,40.63771399991476],[-73.95656599964849,40.63720599976948],[-73.95663199977074,40.63755699994853],[-73.95699300034408,40.6375160001917],[-73.95798699968068,40.637038000271815],[-73.95796999996224,40.63678599989176],[-73.9583110004441,40.636741000186376],[-73.95825399964437,40.6363970001184],[-73.96310500009498,40.63406499971417],[-73.96314600010285,40.634313999912344],[-73.9635829999459,40.63427300020912],[-73.96370500014461,40.63493000000429],[-73.96421499978256,40.635100000162225],[-73.96430000017135,40.63555599975545],[-73.96386300032835,40.63575499989186],[-73.96400399989534,40.636477000213105],[-73.96446000000493,40.636412000100854],[-73.96451299970838,40.63668800013093],[-73.96538200026983,40.63627900022979],[-73.96544599984394,40.636619000059916],[-73.9650270004426,40.63666499988792],[-73.96535100030769,40.63864900006483],[-73.96579200034866,40.63844100025125],[-73.96588600005998,40.63893099974724],[-73.9654299999504,40.638991000106124],[-73.9656769998226,40.64030499989588],[-73.966134999582,40.640227000272525],[-73.96640900011671,40.641681000323004],[-73.96589600010572,40.64174300018369],[-73.96633200012383,40.643767000178904],[-73.96679200043135,40.643707999958046],[-73.96686699987612,40.64409899992926],[-73.96640099972079,40.64414999969741],[-73.96684799960956,40.64654199990607],[-73.96731899978774,40.64648900013463],[-73.96754599956846,40.64768300030132],[-73.96666500020974,40.64802899988417]]]}},{"type":"Feature","properties":{"market_area_id":"zcta:11228","zcta":"11228","zip":"11228","geography_type":"zcta","name":"11228","vintage":"2020","period_start":"2026-06-01","period_end":"2026-06-30","current_month":"2026-06-30","measure_basis":"index","gross_or_net":"unknown","statistic":"typical_observed_rent_35_65_percentile_smoothed","unit_scope":"all_units","bedroom_count":null,"source_id":"zori","source_artifact_id":"zori-zip-sfrcondomfr-sm-month","source_url":"https://www.zillow.com/research/data/","source_label":"Zillow ZORI — ZIP-level typical observed market rent (all units, smoothed)","not_a_label":"median asking rent","attribution":"Data Provided by Zillow Group","zori_missing":false,"zori_rent_usd":2741.39,"zori_all_units":true},"geometry":{"type":"Polygon","coordinates":[[[-74.02897200009427,40.61351599980979],[-74.02646700031379,40.61611499981771],[-74.02630199955904,40.616334999672155],[-74.02664600041393,40.61650799978037],[-74.02454300031636,40.6189899998642],[-74.02365399966342,40.619960000323154],[-74.02338500004991,40.61979400029597],[-74.0196049998271,40.62428900031018],[-74.0188790002791,40.624303000059925],[-74.01604800008539,40.63103299987719],[-74.01284600017091,40.62865599991045],[-74.01214200036422,40.628684000303316],[-74.01178199961579,40.628465999856594],[-74.01206299982317,40.62818800027476],[-74.01108100018213,40.62759799983933],[-74.0108119996703,40.627881000009964],[-74.01050000039909,40.62769300014597],[-74.01074200024843,40.627458999750004],[-74.00897200023678,40.626320999910476],[-74.00829900039221,40.626361000210885],[-74.00796200010834,40.62615799992152],[-74.00824400014064,40.625881999999294],[-74.0067710002299,40.62499499981127],[-74.00650599991606,40.62527900031413],[-74.0059319998057,40.62493499982901],[-74.00603999976073,40.62456499999729],[-74.00458100009371,40.62366199969503],[-74.00441000038948,40.623819999839306],[-74.00350400001811,40.62346699992518],[-74.00380000029413,40.62318599994434],[-74.00239699980527,40.62234099989932],[-74.0021020002525,40.62261899995552],[-74.0016939998235,40.622372000294],[-74.00164299976989,40.62189300011124],[-74.00022400028583,40.62103499991577],[-73.99949100016681,40.62104300006544],[-73.9991160002481,40.62046100014256],[-73.99891100020868,40.62069299995105],[-73.99859499984119,40.62050200014375],[-73.99797999972294,40.61967700000025],[-73.99826900032626,40.61939300022495],[-73.99787099994302,40.61915399992031],[-73.99902699966131,40.618028999788244],[-73.99927100005878,40.618178000174126],[-73.99948799979377,40.6174050000402],[-74.00261400043858,40.61459399987688],[-74.00295099982417,40.61479800021982],[-74.0036029997523,40.614281000339204],[-74.00448800020729,40.61338500012263],[-74.00411999996126,40.61314499975356],[-74.00761899997666,40.60978000005903],[-74.00854600026442,40.60968999968403],[-74.00939700038424,40.608570000032394],[-74.00907799964368,40.60837799988307],[-74.00938099959238,40.60808499969309],[-74.00976800010498,40.60832199979246],[-74.01090399973182,40.607240000276576],[-74.01051899976736,40.606991999875014],[-74.01102400028071,40.6065059998677],[-74.01142699978854,40.60670899986274],[-74.01276800035309,40.60542100011624],[-74.01417500014159,40.603988999687374],[-74.01391099965262,40.603504000204865],[-74.014520999748,40.60281300004544],[-74.01445499962576,40.60233599987573],[-74.01477500019122,40.602013999954316],[-74.01667300024937,40.60239800011886],[-74.01844699956065,40.602382999999314],[-74.0194500000164,40.60282800006848],[-74.01549900008939,40.60684199997194],[-74.01701899985578,40.60765500014679],[-74.01795500036438,40.6069399998831],[-74.02002499995166,40.60713100027122],[-74.02477500011994,40.60967600028161],[-74.02278900019823,40.61459599993675],[-74.02452599969962,40.615444999827886],[-74.02340900033934,40.61654399981751],[-74.02386100025097,40.616762999966504],[-74.02371700031094,40.61693699998412],[-74.02442000029271,40.61686999995262],[-74.0250749996956,40.616055000041655],[-74.02463600020278,40.61583800032215],[-74.02501299977132,40.61529499980528],[-74.02545800001025,40.61550500015178],[-74.02701299993674,40.612688999882465],[-74.02897200009427,40.61351599980979]]]}},{"type":"Feature","properties":{"market_area_id":"zcta:11229","zcta":"11229","zip":"11229","geography_type":"zcta","name":"11229","vintage":"2020","period_start":"2026-06-01","period_end":"2026-06-30","current_month":"2026-06-30","measure_basis":"index","gross_or_net":"unknown","statistic":"typical_observed_rent_35_65_percentile_smoothed","unit_scope":"all_units","bedroom_count":null,"source_id":"zori","source_artifact_id":"zori-zip-sfrcondomfr-sm-month","source_url":"https://www.zillow.com/research/data/","source_label":"Zillow ZORI — ZIP-level typical observed market rent (all units, smoothed)","not_a_label":"median asking rent","attribution":"Data Provided by Zillow Group","zori_missing":false,"zori_rent_usd":2749.61,"zori_all_units":true},"geometry":{"type":"Polygon","coordinates":[[[-73.96230500002882,40.60999399972137],[-73.95359899991065,40.6109500000413],[-73.95367099988069,40.61133199985434],[-73.95309900031847,40.61141499986233],[-73.95265099970649,40.611450000179914],[-73.95257700008665,40.61103700017467],[-73.95070599979266,40.611250000164254],[-73.95092400025088,40.61240300028055],[-73.9500249995522,40.612654999931884],[-73.95014599992601,40.613294000121066],[-73.9492089995925,40.61352900006668],[-73.94911900007912,40.61305299971314],[-73.94745799984743,40.6141990001765],[-73.94758599989393,40.61495400014205],[-73.94661599994846,40.61501600027227],[-73.94669200011646,40.61541999973388],[-73.94623199980892,40.61548099975593],[-73.94627799983967,40.6157200002448],[-73.9458150000574,40.61577400024825],[-73.94573700023959,40.61536299972997],[-73.94482699967024,40.61604600030927],[-73.9444350000331,40.61407899985683],[-73.94398300012148,40.614136000274236],[-73.94322700043624,40.61328700011583],[-73.94297899984082,40.61344899975726],[-73.94267099986924,40.61317299982968],[-73.9430769997501,40.612890000079055],[-73.94191900038197,40.611841999892555],[-73.94146599974711,40.61209299988747],[-73.9411610001486,40.61181999968779],[-73.94091099990334,40.611594000202395],[-73.9413109999364,40.6113039996887],[-73.9400070000801,40.61013399976697],[-73.9391979997931,40.61005299972763],[-73.93902899973871,40.609899999915825],[-73.93944800003835,40.60964200016187],[-73.93828099955107,40.6085739998307],[-73.93785600030195,40.60884299987034],[-73.93753699956142,40.60855700017468],[-73.9397259998727,40.607132999872434],[-73.9342629996769,40.6022299996789],[-73.9335510003726,40.602686999855315],[-73.92813099983451,40.59777799991196],[-73.92956899958513,40.596820000203735],[-73.91770900013138,40.5862689998563],[-73.91787200033801,40.58597500019308],[-73.91766300010062,40.585605000195756],[-73.91994399957511,40.584645999903],[-73.92471999968267,40.5846490003138],[-73.92594800026932,40.58500699992897],[-73.92551599955087,40.58527200015363],[-73.92622100008079,40.58546600006424],[-73.92792199959715,40.587502999943815],[-73.92796699980298,40.58876000014887],[-73.92978000037064,40.58889099966884],[-73.9307340004226,40.58963100014187],[-73.93088099983737,40.591382999882725],[-73.93031799959768,40.59166499994648],[-73.93054899957635,40.59271099997989],[-73.93002300004488,40.592504999707295],[-73.93022700025938,40.593000999996605],[-73.92977899964741,40.592861000216125],[-73.93007699957325,40.59316399970795],[-73.92986099966318,40.59371999998564],[-73.9303960003138,40.59447900003636],[-73.93162499982704,40.594577000338795],[-73.93243099974099,40.59523800033864],[-73.93305599990497,40.59488700012668],[-73.93301099969912,40.594639000274924],[-73.93494899994026,40.5944289998407],[-73.93505699989528,40.5949740000245],[-73.93574499980845,40.59487500032005],[-73.93591200021307,40.59560299969685],[-73.9373180001766,40.59542300020632],[-73.93721199987141,40.594725999813335],[-73.93879799976001,40.59441000001574],[-73.93884700016383,40.59465100012389],[-73.93974500013928,40.59455399991877],[-73.93970900015427,40.594288000328895],[-73.94067800027484,40.594159999769616],[-73.94061100032769,40.59380800003763],[-73.9434840003542,40.59348699997075],[-73.94355499960099,40.59386400001044],[-73.94448000023893,40.59376100002429],[-73.94440800026891,40.593385000092205],[-73.95700300038982,40.59200200032547],[-73.95709499955301,40.59249300015531],[-73.95803100006161,40.59258199979404],[-73.95767600023437,40.59192899968306],[-73.95899799963406,40.59178400023582],[-73.95919799965058,40.59283699987352],[-73.95965899978303,40.59278599979896],[-73.95972900010322,40.59312800003603],[-73.95926299994791,40.59317899984969],[-73.95976699973808,40.59386300001134],[-73.95939799966715,40.5939049999608],[-73.95956900026967,40.59513799968086],[-73.96017599999199,40.59515699998105],[-73.96019400043365,40.59625200022542],[-73.96044799997854,40.59658500016148],[-73.96065499966777,40.598055999860534],[-73.96011999991548,40.59810999981457],[-73.96038699987918,40.601025000191854],[-73.96084700018672,40.60098399983341],[-73.96098100008102,40.60271500022118],[-73.96051999994856,40.60273899974603],[-73.96055000008579,40.603116999991826],[-73.96099299977656,40.60306799997953],[-73.96119699999107,40.60541700012915],[-73.96173199974338,40.605358000121974],[-73.96200299990502,40.60804100021237],[-73.96147099962747,40.60811599988339],[-73.96179200001784,40.60980800018131],[-73.96233099996809,40.60973299968127],[-73.96230500002882,40.60999399972137]]]}},{"type":"Feature","properties":{"market_area_id":"zcta:11230","zcta":"11230","zip":"11230","geography_type":"zcta","name":"11230","vintage":"2020","period_start":"2026-06-01","period_end":"2026-06-30","current_month":"2026-06-30","measure_basis":"index","gross_or_net":"unknown","statistic":"typical_observed_rent_35_65_percentile_smoothed","unit_scope":"all_units","bedroom_count":null,"source_id":"zori","source_artifact_id":"zori-zip-sfrcondomfr-sm-month","source_url":"https://www.zillow.com/research/data/","source_label":"Zillow ZORI — ZIP-level typical observed market rent (all units, smoothed)","not_a_label":"median asking rent","attribution":"Data Provided by Zillow Group","zori_missing":false,"zori_rent_usd":2843.41,"zori_all_units":true},"geometry":{"type":"Polygon","coordinates":[[[-73.97940500009561,40.62917499997591],[-73.97741699962576,40.63011199999802],[-73.97748600012105,40.63059499971108],[-73.97716499973069,40.6307469997238],[-73.97707100001935,40.63025300029228],[-73.97272799955687,40.63240899984816],[-73.97280799992281,40.632805999782654],[-73.97241899976036,40.63299200005957],[-73.96986899977406,40.63419400027772],[-73.9696190004271,40.633840999977195],[-73.96794099957867,40.63463200001432],[-73.96818699962596,40.63497999989518],[-73.9676269997593,40.635237999964104],[-73.96754300009371,40.634947999832995],[-73.9661759995899,40.63545900029261],[-73.96625400030602,40.63586699971124],[-73.96451299970838,40.63668800013093],[-73.96446000000493,40.636412000100854],[-73.96400399989534,40.636477000213105],[-73.96386300032835,40.63575499989186],[-73.96430000017135,40.63555599975545],[-73.96421499978256,40.635100000162225],[-73.96370500014461,40.63493000000429],[-73.9635829999459,40.63427300020912],[-73.96314600010285,40.634313999912344],[-73.96310500009498,40.63406499971417],[-73.95840000013256,40.63632699970128],[-73.95819799956787,40.63528899968535],[-73.95716800024626,40.635404999841846],[-73.95636499980704,40.631185999697145],[-73.95661599987723,40.630590999867536],[-73.95729899976752,40.63051199967024],[-73.95712399986532,40.62958600005453],[-73.95609899966827,40.629664999983866],[-73.95604400031499,40.629459999896234],[-73.95490799978985,40.62345400023851],[-73.95594100038282,40.623340000254956],[-73.95535999970146,40.623184999702126],[-73.95503599983637,40.62129699971701],[-73.95531700004376,40.62096799990308],[-73.95445699970314,40.62106199982047],[-73.95355299987992,40.61628100012212],[-73.954024999883,40.61622899985753],[-73.95309900031847,40.61141499986233],[-73.95367099988069,40.61133199985434],[-73.95359899991065,40.6109500000413],[-73.97299399969563,40.60881400025022],[-73.97317600016883,40.60976699975471],[-73.97377799986828,40.60969100012835],[-73.97397799988482,40.61092800022476],[-73.97444499986506,40.61087399971449],[-73.97455100017027,40.61144299998148],[-73.97405999990058,40.61149499987927],[-73.97446099975858,40.61359100015539],[-73.97399299995342,40.614029999698445],[-73.97529599998484,40.62091299973053],[-73.97703300038452,40.62153000029834],[-73.9766159997347,40.62194199995739],[-73.97600999983729,40.62198700009065],[-73.97624300036411,40.62326399970331],[-73.97679400000992,40.623254000019024],[-73.97688100004856,40.62372899973278],[-73.97645300042639,40.62380199973816],[-73.97680400005567,40.62530500033824],[-73.97623499996818,40.62597599981927],[-73.97657800009985,40.627573999697425],[-73.97940500009561,40.62917499997591]]]}},{"type":"Feature","properties":{"market_area_id":"zcta:11231","zcta":"11231","zip":"11231","geography_type":"zcta","name":"11231","vintage":"2020","period_start":"2026-06-01","period_end":"2026-06-30","current_month":"2026-06-30","measure_basis":"index","gross_or_net":"unknown","statistic":"typical_observed_rent_35_65_percentile_smoothed","unit_scope":"all_units","bedroom_count":null,"source_id":"zori","source_artifact_id":"zori-zip-sfrcondomfr-sm-month","source_url":"https://www.zillow.com/research/data/","source_label":"Zillow ZORI — ZIP-level typical observed market rent (all units, smoothed)","not_a_label":"median asking rent","attribution":"Data Provided by Zillow Group","zori_missing":false,"zori_rent_usd":4813.71,"zori_all_units":true},"geometry":{"type":"Polygon","coordinates":[[[-74.0200199999288,40.67704900009839],[-74.01910299968678,40.677204000259614],[-74.01921200036504,40.67778100027197],[-74.01838499963637,40.6779290000525],[-74.01837700013877,40.678192000126806],[-74.0196319995913,40.678429000084705],[-74.01824700044243,40.678515000091],[-74.01859100039904,40.67897799999304],[-74.0195489997506,40.67903500018977],[-74.01939899996279,40.67957299969352],[-74.01283500030024,40.68360899996048],[-74.01263000026084,40.683471000049714],[-74.00842499989061,40.68601599997436],[-74.0081350003607,40.68561499987607],[-74.00549699961252,40.68584700008609],[-74.0048530000803,40.6856679998983],[-74.00450400010082,40.686300999669704],[-74.00236400019332,40.68573700033968],[-74.00129100031569,40.687951000302974],[-73.99989600022276,40.687641999831705],[-74.00005400040651,40.68731799985552],[-73.99969600020623,40.687198000170994],[-73.9992280004011,40.687419000069646],[-73.9983560003649,40.68713099981034],[-73.99818899996032,40.68669999978418],[-73.99712399958027,40.68634699998915],[-73.99698800003615,40.68660199976228],[-73.99647900022313,40.68643899985149],[-73.99602800013643,40.685986999810375],[-73.9958570004322,40.68632699976528],[-73.99462100034793,40.68590999975999],[-73.9947440003716,40.685562999800375],[-73.99440799991261,40.68545300026644],[-73.99457799979193,40.685099999997156],[-73.98999199965519,40.6833190002221],[-73.99086700006443,40.68205800022097],[-73.99040799958178,40.681879000075384],[-73.99057699963619,40.6815460002534],[-73.98891399975466,40.680898000084525],[-73.98912899983982,40.68058099978567],[-73.98808000025163,40.68017199981186],[-73.98938800030592,40.678284999762305],[-73.98943500016158,40.67745900026811],[-73.9908019997671,40.675783000031444],[-73.99397799974231,40.676170999688026],[-73.99527499992593,40.675778000035216],[-73.99557799987461,40.67513699999755],[-73.99601399989271,40.67499400020595],[-73.99902099981352,40.67142899972288],[-74.00017499988202,40.66860100012211],[-74.00105699996395,40.6689449997712],[-74.00133099960034,40.6683689998481],[-74.00221699988023,40.668582000268096],[-74.00278699979262,40.66740700020873],[-74.00318900037385,40.667277999787615],[-74.00588499995003,40.66798500008805],[-74.00693400043654,40.666184000119394],[-74.00475400034608,40.67072100029432],[-74.00543999971111,40.670922000240864],[-74.00751799969431,40.667081999726676],[-74.00773399960437,40.66714699994976],[-74.00706400013287,40.668553000014185],[-74.00980999993777,40.668510999976576],[-74.0115430001395,40.66508100028374],[-74.01319199977732,40.6648360002233],[-74.01602100032122,40.66467399985876],[-74.01690300040313,40.664847000111855],[-74.0174919996838,40.665308999923646],[-74.01791099998344,40.666010000326764],[-74.01868799958507,40.670798999704886],[-74.0191470000677,40.67160500008093],[-74.01754500028555,40.67103799978517],[-74.0165130004158,40.6649220000467],[-74.01602899981883,40.66486199983298],[-74.01589199955146,40.66539800001085],[-74.01228700012916,40.66572900019652],[-74.01089200003625,40.66866099969751],[-74.01037300017748,40.66862900011238],[-74.0103520002611,40.66911100024264],[-74.01087199994477,40.669239999843434],[-74.0109249996482,40.66970000011207],[-74.01154099959136,40.669743000308316],[-74.01161400028461,40.67031799972884],[-74.01188600027118,40.67043799982387],[-74.01425600033244,40.669743000308316],[-74.01185500030903,40.67072700019979],[-74.01212800012051,40.67095700003067],[-74.01328499966374,40.670869000076486],[-74.01328999968659,40.671146999736884],[-74.01430099963996,40.671364000266756],[-74.01519699996561,40.67075999967031],[-74.01389200028436,40.67183599980333],[-74.01424399973855,40.67213500011093],[-74.0157600002053,40.67098700012785],[-74.0130079996543,40.673340999874966],[-74.0133669996795,40.67357900021384],[-74.01511900014779,40.67214799985688],[-74.01631800042213,40.672878000340276],[-74.01463299990098,40.67441800007383],[-74.01489800021486,40.67462700031849],[-74.01817100027445,40.67191200024788],[-74.01886900023335,40.672239000051775],[-74.01726999992594,40.67356799972163],[-74.01823700039668,40.6744159997619],[-74.01800899989274,40.67474700015309],[-74.01847800042111,40.674583999865284],[-74.01780399985333,40.67523800027539],[-74.01828099987931,40.67543900023143],[-74.01883300024835,40.67507899972838],[-74.01842700036748,40.67554699966271],[-74.01850699983513,40.67591899992226],[-74.01801100044088,40.67593500001144],[-74.01790500013567,40.67644499990419],[-74.01984900022457,40.67649799972408],[-74.0200199999288,40.67704900009839]]]}},{"type":"Feature","properties":{"market_area_id":"zcta:11232","zcta":"11232","zip":"11232","geography_type":"zcta","name":"11232","vintage":"2020","period_start":"2026-06-01","period_end":"2026-06-30","current_month":"2026-06-30","measure_basis":"index","gross_or_net":"unknown","statistic":"typical_observed_rent_35_65_percentile_smoothed","unit_scope":"all_units","bedroom_count":null,"source_id":"zori","source_artifact_id":"zori-zip-sfrcondomfr-sm-month","source_url":"https://www.zillow.com/research/data/","source_label":"Zillow ZORI — ZIP-level typical observed market rent (all units, smoothed)","not_a_label":"median asking rent","attribution":"Data Provided by Zillow Group","zori_missing":false,"zori_rent_usd":3296.93,"zori_all_units":true},"geometry":{"type":"Polygon","coordinates":[[[-74.02387299994652,40.65134599989341],[-74.02305399961381,40.65097800021367],[-74.02268000041829,40.651349000036184],[-74.02157700040344,40.65066100011258],[-74.02123900029463,40.65080699977005],[-74.02094399984352,40.651273999834245],[-74.02222699978346,40.65204200009472],[-74.02116399995155,40.65283800017969],[-74.02205199988126,40.653368000098475],[-74.02087699989637,40.654432999807504],[-74.01928900035793,40.65408600025599],[-74.01900200030275,40.65439800020559],[-74.02010199994459,40.655246000036215],[-74.0178859998691,40.65405399981167],[-74.01712199978795,40.65477800006085],[-74.01914899971753,40.65615300016711],[-74.01728300034473,40.65517799983008],[-74.0164010002628,40.65559499988327],[-74.01916499961105,40.65736100014758],[-74.01869500015609,40.65778500029816],[-74.01586499978728,40.656218999884736],[-74.0154659995791,40.65661699970952],[-74.01554000009727,40.656890000122246],[-74.01759799998901,40.658242000011214],[-74.01422600019521,40.65666000016317],[-74.01517900042225,40.65720499978694],[-74.01441799981583,40.65763499996787],[-74.01743999980525,40.659430999910526],[-74.0155910001509,40.66073600017022],[-74.01399600004144,40.6598079999578],[-74.01358900033567,40.659980999884496],[-74.01194200034767,40.65896599978979],[-74.01112899986272,40.65967499968548],[-74.0140699996613,40.66147899997724],[-74.01284699999582,40.66202199975252],[-74.00854799991426,40.659629000041946],[-74.00748900028032,40.66055299992613],[-74.01040800033758,40.66250999989778],[-74.00995700025088,40.663074000175804],[-74.00880999985509,40.66334700005812],[-74.00613199982223,40.6618629997188],[-74.00569800035228,40.662282000229624],[-74.0043690003816,40.66148000032721],[-74.00426100042657,40.66162899984125],[-74.00626499989164,40.662814000060195],[-74.00592900033097,40.66314900006006],[-74.003945999884,40.661979000029376],[-74.00354599985091,40.662191999733594],[-74.0076780004262,40.664768999872116],[-74.00596399959275,40.663809999672814],[-74.00561499961329,40.66451800024623],[-74.00564200027578,40.663907000181204],[-74.00362600021684,40.662736000168614],[-74.00339000021529,40.6630019998259],[-74.00455400032952,40.663684999694716],[-74.00413400020496,40.66397099977907],[-74.00523899986966,40.664668999710834],[-74.00484700023249,40.665067999841476],[-74.00111700023841,40.662907000021406],[-74.00083500020611,40.6630019998259],[-73.99952499960368,40.66439900002564],[-74.00292400005998,40.666403000317445],[-74.00157199962476,40.66679200031797],[-74.00118500001048,40.66700500032384],[-74.00143100005778,40.667130000212055],[-74.00047100015803,40.66759699980932],[-73.99989299984972,40.66759699980932],[-73.99932499958715,40.668129999740906],[-73.99845699974892,40.671568000233954],[-73.99667199966868,40.66873900015487],[-73.99652799972861,40.668893999875834],[-73.99484499975561,40.666804999742844],[-73.99607900019006,40.66524799976459],[-73.99451400021782,40.66427199985375],[-73.99418000030698,40.664542000053125],[-73.99393400025969,40.66439399985709],[-73.99422299996468,40.6641149996719],[-73.99227999970068,40.66294500023199],[-73.99200900043733,40.66323100008241],[-73.99167299997838,40.66302800015048],[-73.99283799991751,40.66190899986609],[-73.99307100044432,40.66204999977917],[-73.9936460003796,40.66148500003275],[-73.9934200004238,40.661349000003895],[-74.0021440000853,40.65295600010157],[-73.99781800023956,40.65028199981903],[-73.99827599999895,40.64973399999762],[-73.99398500031332,40.64710100012804],[-73.99773399967566,40.6434100002985],[-73.99963699975669,40.64465299988019],[-73.99993100038287,40.644305999908944],[-74.00034499976134,40.64455600000312],[-74.00012499965331,40.64486200002166],[-74.00211099957501,40.646098999750336],[-74.00241500024694,40.645808999769805],[-74.00462100027667,40.64713100005026],[-74.0071799995855,40.6486790002265],[-74.00688500003274,40.648981000320184],[-74.00853000037091,40.64993700017267],[-74.00875799997652,40.64963299994229],[-74.00952399970751,40.65009699984521],[-74.00923699965234,40.65038199973867],[-74.01055599957726,40.651223999879974],[-74.01262900043592,40.64923500003146],[-74.0129519995778,40.64943000020559],[-74.0112050000307,40.6511119999283],[-74.01343000032702,40.652452999797724],[-74.01925599984764,40.64685299980022],[-74.02146000022756,40.64818200028598],[-74.02087699989637,40.64874300012126],[-74.024406000049,40.65092199971407],[-74.02387299994652,40.65134599989341]]]}},{"type":"Feature","properties":{"market_area_id":"zcta:11233","zcta":"11233","zip":"11233","geography_type":"zcta","name":"11233","vintage":"2020","period_start":"2026-06-01","period_end":"2026-06-30","current_month":"2026-06-30","measure_basis":"index","gross_or_net":"unknown","statistic":"typical_observed_rent_35_65_percentile_smoothed","unit_scope":"all_units","bedroom_count":null,"source_id":"zori","source_artifact_id":"zori-zip-sfrcondomfr-sm-month","source_url":"https://www.zillow.com/research/data/","source_label":"Zillow ZORI — ZIP-level typical observed market rent (all units, smoothed)","not_a_label":"median asking rent","attribution":"Data Provided by Zillow Group","zori_missing":false,"zori_rent_usd":3214.5,"zori_all_units":true},"geometry":{"type":"Polygon","coordinates":[[[-73.93822299982477,40.68389399973068],[-73.93789200028696,40.6843310002358],[-73.93586700000719,40.68453000001516],[-73.93501400023759,40.6842609996929],[-73.93507699998679,40.684615000321735],[-73.93285000004063,40.68488699989313],[-73.93282300027646,40.684512999940814],[-73.9323129997402,40.68457200018017],[-73.9322349999224,40.68490699986789],[-73.92952199972946,40.68527299970859],[-73.92945200030759,40.68490299987341],[-73.9291019996049,40.684941999809304],[-73.92917199992509,40.68532100004111],[-73.92719600004914,40.685593000137175],[-73.92702899964456,40.68517900029123],[-73.92652900005235,40.68523699994738],[-73.9264050002038,40.68557800031106],[-73.92367000026955,40.685964000211584],[-73.92349199999431,40.685584000241924],[-73.92289100011979,40.68565200010169],[-73.9229489998461,40.68601499999245],[-73.92101099960497,40.68624100030118],[-73.9209219999165,40.68587900026307],[-73.92059499967836,40.68591700032559],[-73.92067000002143,40.68629799973661],[-73.91792699969128,40.686624999822016],[-73.91804600041527,40.68721300031363],[-73.91470100038566,40.685317000071464],[-73.91488299996053,40.68492599983836],[-73.9139020001444,40.68444500028132],[-73.91330799994256,40.684520999976286],[-73.91350399976115,40.68421099994131],[-73.91274700025102,40.68382200006151],[-73.91227299969975,40.683935000283334],[-73.90346600019757,40.678896999665476],[-73.90331600040975,40.67786899996013],[-73.90468800003813,40.677943000134405],[-73.90426000041596,40.67715899987633],[-73.90435400012728,40.676092999748775],[-73.90253499971185,40.67588400001195],[-73.90590800022886,40.674861999706756],[-73.90597000015313,40.67440699972005],[-73.9092549999083,40.67294799989202],[-73.91040099958087,40.67302300025486],[-73.91096800001851,40.672236000167096],[-73.9130860001847,40.671310000251154],[-73.91417099975791,40.671455999687986],[-73.91403900041175,40.670896999795765],[-73.91748200035066,40.669392999981355],[-73.9193229996091,40.669268999798575],[-73.91979100031256,40.66877300016848],[-73.91960299999158,40.66847000015767],[-73.92336800014576,40.66682700023129],[-73.92362800043675,40.667166999796],[-73.92413300005182,40.66708299999263],[-73.92419900017406,40.6674519996789],[-73.92477199956119,40.66748699992724],[-73.92559799956662,40.668495999713336],[-73.92549100033482,40.66943500014479],[-73.9250129995856,40.669409000273816],[-73.92493700031595,40.670252000334],[-73.9254129996187,40.67027900009435],[-73.92499599986718,40.67473599985366],[-73.9305300002081,40.67503900000668],[-73.93045700041316,40.67581799999478],[-73.93007300027361,40.675795999747464],[-73.92998700005988,40.67657400030485],[-73.930382999895,40.676596999737434],[-73.93025999987134,40.67786799985591],[-73.92905800012227,40.679277000291094],[-73.93487199994735,40.67959299990034],[-73.93451799994503,40.68015700012819],[-73.93550299995914,40.68004000002756],[-73.93562500015786,40.680813999866345],[-73.93756800042185,40.68058900029316],[-73.93743600017739,40.68136399994015],[-73.93752099966788,40.68172399988448],[-73.93778799963157,40.681693999849806],[-73.93822299982477,40.68389399973068]]]}},{"type":"Feature","properties":{"market_area_id":"zcta:11234","zcta":"11234","zip":"11234","geography_type":"zcta","name":"11234","vintage":"2020","period_start":"2026-06-01","period_end":"2026-06-30","current_month":"2026-06-30","measure_basis":"index","gross_or_net":"unknown","statistic":"typical_observed_rent_35_65_percentile_smoothed","unit_scope":"all_units","bedroom_count":null,"source_id":"zori","source_artifact_id":"zori-zip-sfrcondomfr-sm-month","source_url":"https://www.zillow.com/research/data/","source_label":"Zillow ZORI — ZIP-level typical observed market rent (all units, smoothed)","not_a_label":"median asking rent","attribution":"Data Provided by Zillow Group","zori_missing":false,"zori_rent_usd":2439.21,"zori_all_units":true},"geometry":{"type":"Polygon","coordinates":[[[-73.94482699967024,40.61604600030927],[-73.94241599960111,40.61859300030245],[-73.94266400019656,40.61991799969801],[-73.94172699986302,40.6200230001885],[-73.94184200038907,40.62061800007757],[-73.9409019996825,40.6207350000889],[-73.94085099962886,40.62045799997517],[-73.93999100018657,40.62116399974077],[-73.94010699963921,40.62178100003567],[-73.93962999961322,40.62183499991288],[-73.93955000014562,40.621365999938796],[-73.93867800010942,40.621709999713914],[-73.93880100013307,40.62239199992517],[-73.93759900038401,40.62252000028646],[-73.93765899976015,40.62291000001347],[-73.93561099991418,40.62357100005513],[-73.93546399960107,40.62387400011364],[-73.93690499972472,40.62523300014179],[-73.93476700036537,40.62497800024223],[-73.93459499993793,40.625880999797396],[-73.93389199995613,40.62591899995872],[-73.93412100028499,40.62746699981203],[-73.93361199957367,40.62749500002163],[-73.93367699987098,40.62811000013021],[-73.9341849998591,40.628086000172324],[-73.93436599960906,40.629808000144564],[-73.93386000016909,40.629831000022634],[-73.93393399978893,40.63052000004833],[-73.93445500019584,40.63050000012401],[-73.93461900022737,40.63246099978847],[-73.93414600039935,40.63249200025801],[-73.9343949999214,40.63482699990652],[-73.9322349999224,40.634963000141],[-73.92608200016362,40.63816299993417],[-73.92332700013787,40.639900000308984],[-73.92160900000478,40.64168700011414],[-73.91972900038827,40.64272500016998],[-73.91885200032922,40.634483000202295],[-73.9198089998559,40.633864999911935],[-73.91970400027392,40.63295499992848],[-73.91860399973378,40.63209599992888],[-73.9169219995857,40.631668999822715],[-73.90651400012626,40.627130999790296],[-73.89826099974462,40.622989000339956],[-73.90016300000075,40.62167699984601],[-73.89701700016278,40.62156800020777],[-73.88733500025135,40.60956599971138],[-73.88875100026067,40.60891100022353],[-73.89152999967752,40.609287999893525],[-73.89855100017286,40.60532499967908],[-73.89874100014366,40.60389200007241],[-73.88493199967981,40.60470199979291],[-73.87855499961502,40.58988399976097],[-73.8790590003035,40.58903599993181],[-73.87865300042263,40.58742399995757],[-73.87669500009001,40.58491899989249],[-73.87971100023164,40.58013100011704],[-73.88174499983394,40.57959100010447],[-73.88173599961311,40.57915399995445],[-73.88307399980461,40.579068999701335],[-73.88704599964804,40.57807499981872],[-73.8911480000861,40.577843999672204],[-73.89569999988767,40.576642999750206],[-73.89629699956423,40.57686200032236],[-73.89571999997914,40.57670499993817],[-73.89550700044214,40.577259000101996],[-73.8968849999183,40.57963600010143],[-73.89644200022751,40.58283400009925],[-73.89699299987333,40.5839280000544],[-73.89824499985112,40.58529499967307],[-73.89789699969657,40.58582099972381],[-73.89830500012556,40.586840999781174],[-73.89942400003396,40.58798000020975],[-73.90081199955587,40.588068999715404],[-73.90208500034835,40.58736599985639],[-73.90421699985993,40.58689499992451],[-73.90607800010817,40.58731499970239],[-73.9061290001618,40.58707999968068],[-73.90846599971279,40.586697000322914],[-73.91148100002951,40.585758999797996],[-73.91185599994824,40.5861959997774],[-73.91270299987008,40.585750000079095],[-73.91330499956953,40.58608500001881],[-73.91521100002359,40.586280999842906],[-73.91766300010062,40.585605000195756],[-73.91787200033801,40.58597500019308],[-73.91770900013138,40.5862689998563],[-73.92956899958513,40.596820000203735],[-73.92813099983451,40.59777799991196],[-73.9335510003726,40.602686999855315],[-73.9342629996769,40.6022299996789],[-73.9397259998727,40.607132999872434],[-73.93753699956142,40.60855700017468],[-73.93785600030195,40.60884299987034],[-73.93828099955107,40.6085739998307],[-73.93944800003835,40.60964200016187],[-73.93902899973871,40.609899999915825],[-73.9391979997931,40.61005299972763],[-73.9400070000801,40.61013399976697],[-73.9413109999364,40.6113039996887],[-73.94091099990334,40.611594000202395],[-73.9411610001486,40.61181999968779],[-73.94146599974711,40.61209299988747],[-73.94191900038197,40.611841999892555],[-73.9430769997501,40.612890000079055],[-73.94267099986924,40.61317299982968],[-73.94297899984082,40.61344899975726],[-73.94322700043624,40.61328700011583],[-73.94398300012148,40.614136000274236],[-73.9444350000331,40.61407899985683],[-73.94482699967024,40.61604600030927]]]}},{"type":"Feature","properties":{"market_area_id":"zcta:11235","zcta":"11235","zip":"11235","geography_type":"zcta","name":"11235","vintage":"2020","period_start":"2026-06-01","period_end":"2026-06-30","current_month":"2026-06-30","measure_basis":"index","gross_or_net":"unknown","statistic":"typical_observed_rent_35_65_percentile_smoothed","unit_scope":"all_units","bedroom_count":null,"source_id":"zori","source_artifact_id":"zori-zip-sfrcondomfr-sm-month","source_url":"https://www.zillow.com/research/data/","source_label":"Zillow ZORI — ZIP-level typical observed market rent (all units, smoothed)","not_a_label":"median asking rent","attribution":"Data Provided by Zillow Group","zori_missing":false,"zori_rent_usd":2656.74,"zori_all_units":true},"geometry":{"type":"Polygon","coordinates":[[[-73.97463800020891,40.583113999734856],[-73.96906299986011,40.58399999973317],[-73.9669070000591,40.5849610000019],[-73.96678900005831,40.585112000014874],[-73.96740400017656,40.585048999983115],[-73.96749700006296,40.58613199996985],[-73.96709700002988,40.58617399999972],[-73.96701599983903,40.58657600031568],[-73.96756900003298,40.58651900027025],[-73.96770200010239,40.587233999979745],[-73.96680800032489,40.58733500027574],[-73.96635700023819,40.58807199997264],[-73.96662300037696,40.58835499975482],[-73.96652999959223,40.58879199982619],[-73.9656409998376,40.588888000130545],[-73.96512899965153,40.59110800027658],[-73.96406099979676,40.591225000115756],[-73.96413600013983,40.591634000312126],[-73.96338600030238,40.59171700022505],[-73.96330299956338,40.59130799985426],[-73.96244099957295,40.591402999921605],[-73.9625150000911,40.591783000205595],[-73.96123899982388,40.59192400022484],[-73.96120799986173,40.591538999890794],[-73.96013599980901,40.59165699969011],[-73.96019000023568,40.59203599986859],[-73.95906100028155,40.592115999889046],[-73.95899799963406,40.59178400023582],[-73.95767600023437,40.59192899968306],[-73.95803100006161,40.59258199979404],[-73.95709499955301,40.59249300015531],[-73.95700300038982,40.59200200032547],[-73.94440800026891,40.593385000092205],[-73.94448000023893,40.59376100002429],[-73.94355499960099,40.59386400001044],[-73.9434840003542,40.59348699997075],[-73.94061100032769,40.59380800003763],[-73.94067800027484,40.594159999769616],[-73.93970900015427,40.594288000328895],[-73.93974500013928,40.59455399991877],[-73.93785399975381,40.594511999694866],[-73.93721199987141,40.594725999813335],[-73.9373180001766,40.59542300020632],[-73.93591200021307,40.59560299969685],[-73.93574499980845,40.59487500032005],[-73.93505699989528,40.5949740000245],[-73.93494899994026,40.5944289998407],[-73.93301099969912,40.594639000274924],[-73.93305599990497,40.59488700012668],[-73.93243099974099,40.59523800033864],[-73.93162499982704,40.594577000338795],[-73.93119600037996,40.59470600008629],[-73.93018100022863,40.59434699987538],[-73.92986099966318,40.59371999998564],[-73.93007699957325,40.59316399970795],[-73.92977899964741,40.592861000216125],[-73.93022700025938,40.593000999996605],[-73.93002300004488,40.592504999707295],[-73.93054899957635,40.59271099997989],[-73.93031799959768,40.59166499994648],[-73.93088099983737,40.591382999882725],[-73.9307340004226,40.58963100014187],[-73.92978000037064,40.58889099966884],[-73.92796699980298,40.58876000014887],[-73.92792199959715,40.587502999943815],[-73.92622100008079,40.58546600006424],[-73.92551599955087,40.58527200015363],[-73.92594800026932,40.58500699992897],[-73.92536999996099,40.58469099991053],[-73.91994399957511,40.584645999903],[-73.91701399964721,40.585866999741626],[-73.91521100002359,40.586280999842906],[-73.91330499956953,40.58608500001881],[-73.91270299987008,40.585750000079095],[-73.91185599994824,40.5861959997774],[-73.91148100002951,40.585758999797996],[-73.90846599971279,40.586697000322914],[-73.9061290001618,40.58707999968068],[-73.90607800010817,40.58731499970239],[-73.90421699985993,40.58689499992451],[-73.90027500015375,40.58809599997896],[-73.89942400003396,40.58798000020975],[-73.89830500012556,40.586840999781174],[-73.89789699969657,40.58582099972381],[-73.89824499985112,40.58529499967307],[-73.89695000021563,40.58358699999229],[-73.90873900042257,40.58160200019509],[-73.91531700032881,40.5815870001855],[-73.9229420001734,40.583394999718436],[-73.92965099960091,40.58343999988536],[-73.93067800034609,40.5831630000452],[-73.93094500030979,40.58272799968281],[-73.93171900043669,40.582809000086925],[-73.93184199956201,40.58307599978969],[-73.93194600021741,40.582021999781134],[-73.9325019998861,40.581158999767275],[-73.931116000014,40.57611699984963],[-73.93156499955256,40.575678999934205],[-73.93487199994735,40.57557400005186],[-73.93494700029044,40.57527200029037],[-73.93497900007748,40.5755709999163],[-73.93626000036758,40.57587899993663],[-73.93658300040778,40.575860000299855],[-73.93674999991403,40.57540700003589],[-73.94232799973759,40.57537599968883],[-73.9442030002295,40.57581799993448],[-73.94463699969945,40.57570099975225],[-73.9445890000189,40.575247000181186],[-73.94474300000466,40.57551400004507],[-73.94569299985866,40.57555700019187],[-73.94620199967169,40.57533499997807],[-73.94590899976873,40.5751390001483],[-73.94609100024192,40.57507499999595],[-73.95250199974357,40.574234000046715],[-73.95399800011883,40.57427200023839],[-73.95407500011173,40.5740740001163],[-73.9541720001961,40.574333999894286],[-73.95596800014701,40.5743020001231],[-73.95638599972344,40.574183999725754],[-73.95636599963196,40.57379999991819],[-73.9565229999908,40.574144999872544],[-73.95849200019406,40.57407700031894],[-73.95898900031153,40.57392900016866],[-73.95897000004496,40.57343799983362],[-73.95906799995424,40.573833000228106],[-73.95942299978148,40.5739110002756],[-73.95941399956065,40.57515799998983],[-73.96675399989822,40.57483300001803],[-73.96991999982768,40.57558299977529],[-73.9691330001803,40.58004800015229],[-73.96837699959677,40.581674999830035],[-73.97113400017062,40.58201899993475],[-73.97072499991671,40.583191999877776],[-73.97456600023888,40.5824900000924],[-73.97463800020891,40.583113999734856]]]}},{"type":"Feature","properties":{"market_area_id":"zcta:11236","zcta":"11236","zip":"11236","geography_type":"zcta","name":"11236","vintage":"2020","period_start":"2026-06-01","period_end":"2026-06-30","current_month":"2026-06-30","measure_basis":"index","gross_or_net":"unknown","statistic":"typical_observed_rent_35_65_percentile_smoothed","unit_scope":"all_units","bedroom_count":null,"source_id":"zori","source_artifact_id":"zori-zip-sfrcondomfr-sm-month","source_url":"https://www.zillow.com/research/data/","source_label":"Zillow ZORI — ZIP-level typical observed market rent (all units, smoothed)","not_a_label":"median asking rent","attribution":"Data Provided by Zillow Group","zori_missing":false,"zori_rent_usd":3147.89,"zori_all_units":true},"geometry":{"type":"Polygon","coordinates":[[[-73.92169600004341,40.65437199992478],[-73.90968199970555,40.654142999923174],[-73.90317300029461,40.65530099987162],[-73.90030299974285,40.65726299992866],[-73.8990409997193,40.65737199990586],[-73.89800300000176,40.653800999826416],[-73.89760999964139,40.65345399971405],[-73.89699200004841,40.6537189997977],[-73.89643999967936,40.653168000199386],[-73.89550800026703,40.65325600033792],[-73.89369100039973,40.65073899981061],[-73.89302900042584,40.65037900023399],[-73.89189600027375,40.65059899967593],[-73.89125199984318,40.650026000323265],[-73.88432400013258,40.64293700005344],[-73.88073899990344,40.63961299996749],[-73.87954100035235,40.6388619999495],[-73.87630000007981,40.63519199983459],[-73.87635000030852,40.63347399998608],[-73.87728799956862,40.633244999853716],[-73.87706599981078,40.63425199996898],[-73.87736700010967,40.6345500002916],[-73.8780380003044,40.634485999739674],[-73.88266000042616,40.62991499968793],[-73.8819170002614,40.6293930001535],[-73.88242699989932,40.628981000095116],[-73.88337099990554,40.6293800002567],[-73.88726900012911,40.62615699972374],[-73.88885800039078,40.62591199991269],[-73.88935899980788,40.625172999691536],[-73.88920800019515,40.62380299997122],[-73.88947199978578,40.62307899984713],[-73.89042900021079,40.622209999788176],[-73.89149000039286,40.62185100001967],[-73.89826099974462,40.622989000339956],[-73.90651400012626,40.627130999790296],[-73.9169219995857,40.631668999822715],[-73.91860399973378,40.63209599992888],[-73.91970400027392,40.63295499992848],[-73.9198089998559,40.633864999911935],[-73.91885200032922,40.634483000202295],[-73.91997600026048,40.64503000027724],[-73.92053199992917,40.64499900017671],[-73.92066099980062,40.64644599994184],[-73.92018499959953,40.64703000014482],[-73.92037499957034,40.64877899982211],[-73.92092500028957,40.648743999980695],[-73.92109400034397,40.65043499982616],[-73.92055399967049,40.65045899992908],[-73.92058100033299,40.65070699980573],[-73.9209849996657,40.650681000131236],[-73.92135200008683,40.65251700016208],[-73.9207729999536,40.65255399967387],[-73.92087599988577,40.65360799973133],[-73.92169600004341,40.65437199992478]]]}},{"type":"Feature","properties":{"market_area_id":"zcta:11237","zcta":"11237","zip":"11237","geography_type":"zcta","name":"11237","vintage":"2020","period_start":"2026-06-01","period_end":"2026-06-30","current_month":"2026-06-30","measure_basis":"index","gross_or_net":"unknown","statistic":"typical_observed_rent_35_65_percentile_smoothed","unit_scope":"all_units","bedroom_count":null,"source_id":"zori","source_artifact_id":"zori-zip-sfrcondomfr-sm-month","source_url":"https://www.zillow.com/research/data/","source_label":"Zillow ZORI — ZIP-level typical observed market rent (all units, smoothed)","not_a_label":"median asking rent","attribution":"Data Provided by Zillow Group","zori_missing":false,"zori_rent_usd":3778.8,"zori_all_units":true},"geometry":{"type":"Polygon","coordinates":[[[-73.93480199962715,40.71337300032815],[-73.92271100019471,40.716478000332145],[-73.92273899978382,40.71615799981134],[-73.92432700022059,40.71556799969133],[-73.9240400001654,40.71400800019728],[-73.92223300034384,40.712854000157975],[-73.92154600025559,40.711043000265995],[-73.92074500036452,40.71053000004654],[-73.921891999862,40.70939599976509],[-73.91180700044276,40.703434999711156],[-73.91290399971155,40.70236200014001],[-73.91067900031352,40.70104600001707],[-73.91180800026765,40.69993799987965],[-73.90426000041596,40.695700000204],[-73.90580000027384,40.69412800009508],[-73.90158999988071,40.69163199982049],[-73.9036090003127,40.689863000005545],[-73.9039399998505,40.690057999929024],[-73.90359699971883,40.69040899998813],[-73.91035700009826,40.694259000045065],[-73.91011299970079,40.69450599999367],[-73.91083499994915,40.69496300006518],[-73.9111069999357,40.69468699998409],[-73.91186000014622,40.695114999897974],[-73.91030299967157,40.696700000282114],[-73.91180599971952,40.69755399980292],[-73.91336099964602,40.69596999981778],[-73.91486500041718,40.69682600016298],[-73.91456199957015,40.6971329999614],[-73.91609999977821,40.697952999963384],[-73.91698199986016,40.69705500003352],[-73.91654300036731,40.6968059996789],[-73.91716000013537,40.69617700025627],[-73.91759399960533,40.69643400020511],[-73.91781799991134,40.69620799973024],[-73.92232799988008,40.69877200029728],[-73.92313499961892,40.69889999992283],[-73.92308199991552,40.69919999984792],[-73.92333600035872,40.698940000308724],[-73.92471200018505,40.69965099970377],[-73.9245819995904,40.700056000233985],[-73.92532899995312,40.70048099973165],[-73.9255390000154,40.70026699998861],[-73.92627799998219,40.70071099973913],[-73.92608299998851,40.70091000031882],[-73.92833900024696,40.702191999746354],[-73.92887800019722,40.70164100019934],[-73.92963499970736,40.70206400031736],[-73.92930900019245,40.702396999766606],[-73.93088400021041,40.70317699980665],[-73.93059399978219,40.70347299997691],[-73.93115500037207,40.703772999736664],[-73.9316010004359,40.705297000175364],[-73.93223900012036,40.70519700019682],[-73.93211699992162,40.70595599999031],[-73.93179600042957,40.70600300004212],[-73.9320859999595,40.70705099969604],[-73.93264500000123,40.707329000310374],[-73.93219100043979,40.707398000111624],[-73.93229699984668,40.70774900006623],[-73.93207199971579,40.707786000258274],[-73.9325229998025,40.70823800018989],[-73.93480199962715,40.71337300032815]]]}},{"type":"Feature","properties":{"market_area_id":"zcta:11238","zcta":"11238","zip":"11238","geography_type":"zcta","name":"11238","vintage":"2020","period_start":"2026-06-01","period_end":"2026-06-30","current_month":"2026-06-30","measure_basis":"index","gross_or_net":"unknown","statistic":"typical_observed_rent_35_65_percentile_smoothed","unit_scope":"all_units","bedroom_count":null,"source_id":"zori","source_artifact_id":"zori-zip-sfrcondomfr-sm-month","source_url":"https://www.zillow.com/research/data/","source_label":"Zillow ZORI — ZIP-level typical observed market rent (all units, smoothed)","not_a_label":"median asking rent","attribution":"Data Provided by Zillow Group","zori_missing":false,"zori_rent_usd":4070.6,"zori_all_units":true},"geometry":{"type":"Polygon","coordinates":[[[-73.98020500016176,40.661109000278714],[-73.97934999984403,40.66159399992584],[-73.97040900044753,40.67261700010822],[-73.97113800036858,40.67300800032531],[-73.97143999959407,40.67370500020953],[-73.97142899972341,40.67450200017594],[-73.97104999960672,40.67523700013175],[-73.9727650002651,40.677591999821416],[-73.97247099963892,40.677715000089044],[-73.97233799956952,40.67839300003325],[-73.9720270001232,40.678327999872195],[-73.97064000042622,40.68241399967931],[-73.97232400022413,40.68276799989986],[-73.97254299960895,40.684201999859425],[-73.97205700026045,40.6842609996929],[-73.97211300033693,40.68456900016926],[-73.97261299992913,40.68451499994981],[-73.97284800010577,40.68567499980816],[-73.97337399963723,40.68588500016681],[-73.9734129999953,40.68608899997896],[-73.97293500014442,40.68615400006507],[-73.97309800035103,40.68702899987416],[-73.97262100032505,40.68708400006616],[-73.9726870004473,40.68741500022592],[-73.97172699964923,40.687527999805276],[-73.97213599990314,40.68958200027178],[-73.97114199966823,40.68954400025562],[-73.97076400027477,40.6876380000014],[-73.96878500002576,40.68786800007246],[-73.9688500003231,40.68819699984559],[-73.96825399957312,40.68827300003021],[-73.9677880003161,40.68798400010329],[-73.96419499969106,40.68839599966123],[-73.96436999959326,40.68943399979989],[-73.96019699990838,40.689855999854466],[-73.96000600011267,40.688880999748754],[-73.95937199972786,40.688953000082996],[-73.95941000026102,40.68999400016728],[-73.9571430001319,40.68996000007725],[-73.9569880003212,40.688850000271515],[-73.95678999995451,40.68887200029752],[-73.95656399999866,40.68809600012941],[-73.95698699959797,40.687729000168794],[-73.95625699985202,40.68406599983649],[-73.95581199961309,40.68411599969687],[-73.95567600006898,40.68338200024204],[-73.95611200008706,40.683332999853235],[-73.95538599964074,40.67969300016318],[-73.9549110001629,40.67974800027783],[-73.95480099965974,40.67917000017449],[-73.95530899964784,40.67927299995876],[-73.95493399972912,40.6790520002988],[-73.95482900014714,40.678473000196846],[-73.95518300014946,40.6784339998821],[-73.95702099993315,40.67329399994521],[-73.95664799966426,40.673218999887254],[-73.95684600003098,40.67258400019404],[-73.95724400041424,40.67267400029308],[-73.9573389999505,40.67241400012979],[-73.95690499958222,40.67232399967981],[-73.95722000012479,40.67144500020818],[-73.95765699996778,40.67153599999977],[-73.95797400016019,40.6706569996791],[-73.96133799955808,40.671351999888586],[-73.96194900037668,40.66963700010729],[-73.96219399970074,40.6696410003365],[-73.96095599996666,40.66328499982596],[-73.96242899987739,40.663124999751915],[-73.9628940002078,40.66379799997943],[-73.96390099996317,40.66327300003816],[-73.9643239995625,40.662109000137704],[-73.96502499989445,40.66217300009793],[-73.96374399960435,40.659865000188034],[-73.96339799999795,40.66036700012432],[-73.96281399984184,40.66050399979416],[-73.96189999997286,40.6548710003217],[-73.96621300029813,40.65318899994095],[-73.96465400017368,40.65088700031512],[-73.97139699993637,40.64825799974041],[-73.9720820003748,40.65063499973861],[-73.97261999960183,40.6508349997332],[-73.9723429995924,40.65137800027338],[-73.97448199967498,40.658338999757824],[-73.97957800034797,40.660853000074304],[-73.9799880004268,40.66075199981394],[-73.98020500016176,40.661109000278714]]]}},{"type":"Feature","properties":{"market_area_id":"zcta:11239","zcta":"11239","zip":"11239","geography_type":"zcta","name":"11239","vintage":"2020","period_start":null,"period_end":null,"current_month":"2026-06-30","measure_basis":"index","gross_or_net":"unknown","statistic":"typical_observed_rent_35_65_percentile_smoothed","unit_scope":"all_units","bedroom_count":null,"source_id":"zori","source_artifact_id":"zori-zip-sfrcondomfr-sm-month","source_url":"https://www.zillow.com/research/data/","source_label":"Zillow ZORI — ZIP-level typical observed market rent (all units, smoothed)","not_a_label":"median asking rent","attribution":"Data Provided by Zillow Group","zori_missing":true,"zori_rent_usd":null,"zori_all_units":true},"geometry":{"type":"Polygon","coordinates":[[[-73.88959099961149,40.65133799996641],[-73.8822129996391,40.65449800009037],[-73.87610400026124,40.646215000207626],[-73.87489199956809,40.6450950001775],[-73.87338400039559,40.646820999976626],[-73.87973299997296,40.65556300016273],[-73.86915599956082,40.6601190000361],[-73.86718100040808,40.66045199989292],[-73.86599100035461,40.65886200027476],[-73.86317100003153,40.65827700032245],[-73.86096400017688,40.65518000003757],[-73.85975499985679,40.654103999689845],[-73.85897999990499,40.652675000181134],[-73.85696200019622,40.65058400015526],[-73.85614799988636,40.64919800004242],[-73.85502099958204,40.64309800009378],[-73.87395699978272,40.63377299977446],[-73.87630000007981,40.63519199983459],[-73.87954100035235,40.6388619999495],[-73.88073899990344,40.63961299996749],[-73.88958700031183,40.648111000089685],[-73.89125199984318,40.650026000323265],[-73.88959099961149,40.65133799996641]]]}},{"type":"Feature","properties":{"market_area_id":"zcta:11249","zcta":"11249","zip":"11249","geography_type":"zcta","name":"11249","vintage":"2020","period_start":"2026-06-01","period_end":"2026-06-30","current_month":"2026-06-30","measure_basis":"index","gross_or_net":"unknown","statistic":"typical_observed_rent_35_65_percentile_smoothed","unit_scope":"all_units","bedroom_count":null,"source_id":"zori","source_artifact_id":"zori-zip-sfrcondomfr-sm-month","source_url":"https://www.zillow.com/research/data/","source_label":"Zillow ZORI — ZIP-level typical observed market rent (all units, smoothed)","not_a_label":"median asking rent","attribution":"Data Provided by Zillow Group","zori_missing":false,"zori_rent_usd":5347.31,"zori_all_units":true},"geometry":{"type":"Polygon","coordinates":[[[-73.96994099974407,40.70931000011486],[-73.96905000033964,40.712481999747084],[-73.96846899965826,40.71299900025855],[-73.96836999992406,40.714126999696234],[-73.96757800025382,40.71649599994554],[-73.9615429995975,40.72387599985839],[-73.96161100026787,40.724951000130666],[-73.95771700024225,40.72429800025716],[-73.95757199957899,40.725096999829624],[-73.95567900044202,40.72394300002617],[-73.95513899976852,40.724329000258365],[-73.95418300006676,40.722635999850226],[-73.9547760004437,40.7224600001379],[-73.95603799956889,40.72139700002019],[-73.95475399980407,40.72060100003428],[-73.96128700040276,40.714501999793015],[-73.96383900003893,40.71047700005342],[-73.96442099964686,40.707534000181695],[-73.96484900016735,40.707454000174096],[-73.95745699995126,40.70082199972513],[-73.9573880003543,40.700577000245865],[-73.95784299974065,40.70026499977134],[-73.95725399956167,40.700098999918644],[-73.95716700042135,40.699707999927256],[-73.95766000034085,40.69963100006783],[-73.95754800018784,40.69927199992852],[-73.95847600030054,40.6991179997937],[-73.95885799989198,40.69867699969795],[-73.96487500010663,40.69771399966778],[-73.96772700021674,40.69771699976799],[-73.96744099998648,40.70225199973455],[-73.96796300021829,40.70258300013932],[-73.96741599987212,40.702990000003474],[-73.96721000000778,40.70425600016096],[-73.9679509996244,40.70573100018103],[-73.96925500037905,40.70561699977875],[-73.96917800038614,40.70693599984241],[-73.96984500038292,40.70798799976624],[-73.96994099974407,40.70931000011486]]]}},{"type":"Feature","properties":{"market_area_id":"zcta:11354","zcta":"11354","zip":"11354","geography_type":"zcta","name":"11354","vintage":"2020","period_start":"2026-06-01","period_end":"2026-06-30","current_month":"2026-06-30","measure_basis":"index","gross_or_net":"unknown","statistic":"typical_observed_rent_35_65_percentile_smoothed","unit_scope":"all_units","bedroom_count":null,"source_id":"zori","source_artifact_id":"zori-zip-sfrcondomfr-sm-month","source_url":"https://www.zillow.com/research/data/","source_label":"Zillow ZORI — ZIP-level typical observed market rent (all units, smoothed)","not_a_label":"median asking rent","attribution":"Data Provided by Zillow Group","zori_missing":false,"zori_rent_usd":2714.68,"zori_all_units":true},"geometry":{"type":"Polygon","coordinates":[[[-73.85130099963371,40.77180599973921],[-73.84995199957154,40.77195800032158],[-73.85002000024193,40.77222500004168],[-73.84897599977829,40.77356200029129],[-73.84921699980269,40.774639999720875],[-73.84893899996835,40.77555999989701],[-73.84895599968681,40.777961999936885],[-73.84941099997147,40.77821100009922],[-73.84919800043446,40.778610999701],[-73.8479330000379,40.778604000038236],[-73.84801000003078,40.77696400020469],[-73.8462230003007,40.77690600017778],[-73.84626299958533,40.77650399986618],[-73.84577899988668,40.77644700010225],[-73.84579599960512,40.77617699969685],[-73.8444149997559,40.77637199987294],[-73.84440300006035,40.7766110000547],[-73.8414360003225,40.776550999754015],[-73.84144800001805,40.77617099976606],[-73.84090099967189,40.77615399995928],[-73.8407319996175,40.775004000207524],[-73.84008899991017,40.77498200007028],[-73.83848899977784,40.77546600004631],[-73.83905200001752,40.77662799974454],[-73.83886200004673,40.778617000091664],[-73.8363320001519,40.77852900020334],[-73.83342800016325,40.7714340003024],[-73.83054000006813,40.77343700010296],[-73.82852800020714,40.77600700008797],[-73.8277780003697,40.77597699967167],[-73.82760099991937,40.77630300015863],[-73.825828000433,40.7763110000503],[-73.82583099990774,40.77591500017426],[-73.82433100023285,40.77674300025327],[-73.82306500001134,40.77678700003438],[-73.82307000003422,40.77639200025983],[-73.8217019997055,40.77646799977035],[-73.82166999991844,40.776862999773286],[-73.81764299982342,40.77639800017063],[-73.81448000026703,40.77580600023726],[-73.8145430000162,40.7753780000656],[-73.81330500028211,40.775281999953634],[-73.8132540002285,40.77566000027242],[-73.81224900012292,40.775561999892375],[-73.81229400032876,40.77520499976361],[-73.81031400025485,40.775047999779886],[-73.8102670003992,40.77540500007204],[-73.81001899980373,40.77538600006864],[-73.80955099999859,40.775349000046376],[-73.8096000004024,40.77498700010212],[-73.80720500022676,40.77480500006155],[-73.8071509998001,40.775158000284016],[-73.80660000015429,40.775115000108634],[-73.80663500031439,40.77475500026958],[-73.80402400022871,40.77453799982485],[-73.80398499987064,40.77418999980134],[-73.8041790000394,40.772771000141816],[-73.80474700030197,40.77245599982049],[-73.80596099974659,40.77255400002002],[-73.80615300026554,40.77220899995362],[-73.80629100035779,40.771193999801795],[-73.80535599967412,40.771095000252686],[-73.80556499991147,40.769559999901304],[-73.80649700022212,40.769635000336905],[-73.80668600036802,40.76825299991843],[-73.8072069998766,40.76829499966539],[-73.8074670001676,40.766048000075735],[-73.80699799963922,40.76595499983697],[-73.80702899960136,40.765727999812455],[-73.80795800043728,40.76580199966586],[-73.80823100024875,40.76379800018957],[-73.80733499992311,40.763498000164695],[-73.80738799962657,40.76311000024718],[-73.80783700006346,40.763262000309375],[-73.80795300041441,40.7623820003225],[-73.80751400002326,40.762178999680685],[-73.81250900041391,40.76261500000337],[-73.8125999997522,40.76315300002701],[-73.8158800003828,40.76206600022118],[-73.81609299991982,40.76252400011135],[-73.82974000000198,40.75874899988335],[-73.82946899984033,40.758193999957605],[-73.82993400017071,40.757986000184566],[-73.83010900007291,40.758316000149854],[-73.83344900007965,40.75684899992011],[-73.83320999970508,40.75652900027746],[-73.83367800040851,40.75632100005802],[-73.83380200025707,40.75672199971257],[-73.83791700021561,40.754540999792965],[-73.83861900037249,40.75704499993571],[-73.83715899998225,40.759997999843044],[-73.83682099987345,40.761248999894825],[-73.8369170001329,40.76276699983678],[-73.83826399964694,40.76493399982276],[-73.8394169998905,40.765428000334914],[-73.83912099961451,40.76598299973234],[-73.83969800009791,40.7663930001537],[-73.83955400015786,40.76710599985534],[-73.8399509998179,40.767092000145695],[-73.84031200039124,40.7662949997122],[-73.84394699995076,40.765495000158815],[-73.84491299969828,40.76552800031124],[-73.84619999983614,40.7661959996679],[-73.84723099988102,40.76631300013739],[-73.84780599981626,40.76677300027685],[-73.84856700042269,40.76809099996538],[-73.84830100028391,40.76842999969285],[-73.8488350002113,40.7687520000723],[-73.84901299958823,40.769214999936835],[-73.84860099985956,40.76981800033691],[-73.848729999731,40.769990000297604],[-73.84950399985789,40.76951000024419],[-73.84973200036184,40.769786999762694],[-73.84907600023573,40.77019400029079],[-73.84872700025625,40.77010600013043],[-73.84865799976097,40.770740000072664],[-73.84994200042412,40.77192700006543],[-73.85033800025924,40.77174399975095],[-73.85130099963371,40.77180599973921]]]}},{"type":"Feature","properties":{"market_area_id":"zcta:11355","zcta":"11355","zip":"11355","geography_type":"zcta","name":"11355","vintage":"2020","period_start":"2026-06-01","period_end":"2026-06-30","current_month":"2026-06-30","measure_basis":"index","gross_or_net":"unknown","statistic":"typical_observed_rent_35_65_percentile_smoothed","unit_scope":"all_units","bedroom_count":null,"source_id":"zori","source_artifact_id":"zori-zip-sfrcondomfr-sm-month","source_url":"https://www.zillow.com/research/data/","source_label":"Zillow ZORI — ZIP-level typical observed market rent (all units, smoothed)","not_a_label":"median asking rent","attribution":"Data Provided by Zillow Group","zori_missing":false,"zori_rent_usd":2587.94,"zori_all_units":true},"geometry":{"type":"Polygon","coordinates":[[[-73.83791700021561,40.754540999792965],[-73.83380200025707,40.75672199971257],[-73.83367800040851,40.75632100005802],[-73.83320999970508,40.75652900027746],[-73.83344900007965,40.75684899992011],[-73.83010900007291,40.758316000149854],[-73.82993400017071,40.757986000184566],[-73.82946899984033,40.758193999957605],[-73.82974000000198,40.75874899988335],[-73.81609299991982,40.76252400011135],[-73.8158800003828,40.76206600022118],[-73.8125999997522,40.76315300002701],[-73.81250900041391,40.76261500000337],[-73.80751400002326,40.762178999680685],[-73.80797500015571,40.76210700027612],[-73.80808099956262,40.76142700016276],[-73.80762700000116,40.76134099970293],[-73.80773199958314,40.760568000306286],[-73.80819000024087,40.76066299968149],[-73.80837199981575,40.75932299977742],[-73.80790599966042,40.75928300028924],[-73.80793999999561,40.75904300013294],[-73.80839600010519,40.759077999897855],[-73.80867599958935,40.75705199982838],[-73.80839399955707,40.75702999987158],[-73.80830200039387,40.75635599989515],[-73.80876900037408,40.75637400029024],[-73.80903100031492,40.75445499995106],[-73.80856900035755,40.754410000036884],[-73.80861899968795,40.75406000011863],[-73.80913500007202,40.75372299987946],[-73.80934799960902,40.75216600025925],[-73.80888200035199,40.75212500019742],[-73.80893500005546,40.751740000292465],[-73.80940200003567,40.75177800020549],[-73.80954900034877,40.750685999673244],[-73.80908300019344,40.75064299999511],[-73.80913500007202,40.75026899975431],[-73.80750599962734,40.75013700004775],[-73.81416200024971,40.74613900026991],[-73.81368400039881,40.74530499999917],[-73.81430899966446,40.74297399969101],[-73.81063399992198,40.74237400022648],[-73.81075100009784,40.74061899973502],[-73.81024399993464,40.74060099983914],[-73.81026599967593,40.740243999763024],[-73.81077000036441,40.740264999980674],[-73.81083999978631,40.739216999761815],[-73.81130699976653,40.73923099989694],[-73.81132900040616,40.73890900012769],[-73.81509600021016,40.739234000168565],[-73.81510899973063,40.73952099989396],[-73.82275700003979,40.74209000002191],[-73.82295100020855,40.74175000021449],[-73.82337600035596,40.74189300033724],[-73.8238290000925,40.742060999769855],[-73.82353199999159,40.74235299999402],[-73.82460099967126,40.74271100013257],[-73.82477100044889,40.74237500004288],[-73.82523400023116,40.74252900018128],[-73.82527000021618,40.74175299969186],[-73.82787499955577,40.74200600005501],[-73.82781699982944,40.74241599999083],[-73.83586099997369,40.74322799997757],[-73.83567600002577,40.74485099969736],[-73.83462900008742,40.74689599996618],[-73.83301100041174,40.748125000028224],[-73.83218299985815,40.75162000031714],[-73.83229500001116,40.751941999795875],[-73.83560200040594,40.75139499969451],[-73.8370140002173,40.7540269997163],[-73.83767399964307,40.75411399975182],[-73.83791700021561,40.754540999792965]]]}},{"type":"Feature","properties":{"market_area_id":"zcta:11356","zcta":"11356","zip":"11356","geography_type":"zcta","name":"11356","vintage":"2020","period_start":"2026-06-01","period_end":"2026-06-30","current_month":"2026-06-30","measure_basis":"index","gross_or_net":"unknown","statistic":"typical_observed_rent_35_65_percentile_smoothed","unit_scope":"all_units","bedroom_count":null,"source_id":"zori","source_artifact_id":"zori-zip-sfrcondomfr-sm-month","source_url":"https://www.zillow.com/research/data/","source_label":"Zillow ZORI — ZIP-level typical observed market rent (all units, smoothed)","not_a_label":"median asking rent","attribution":"Data Provided by Zillow Group","zori_missing":false,"zori_rent_usd":2775.0,"zori_all_units":true},"geometry":{"type":"Polygon","coordinates":[[[-73.8590660001187,40.78546700024964],[-73.85912499966994,40.78585000032088],[-73.85857599967395,40.78617000025835],[-73.85869700004777,40.786493000193765],[-73.85815800009752,40.78703500003434],[-73.8568059996623,40.78667399966873],[-73.85597399980908,40.787666000171335],[-73.85336500027155,40.78784100029312],[-73.85284200021482,40.78821100006225],[-73.85454699992913,40.78836699973674],[-73.85480200019725,40.78884499998035],[-73.85446599973828,40.790265000202204],[-73.85264800004605,40.79111799980523],[-73.85377799982511,40.79238099988417],[-73.85372699977147,40.793947000191636],[-73.85276600004683,40.794388999807325],[-73.8526310003276,40.79494499977002],[-73.85156299957453,40.79407499970606],[-73.849061999992,40.79336300012597],[-73.84884899955668,40.79350199981084],[-73.84907799988554,40.79414499971862],[-73.84878400015766,40.794542000113445],[-73.8488770000441,40.79513399967419],[-73.84855999985169,40.79549500029155],[-73.846245000042,40.79616199992451],[-73.84559200028892,40.79601199970103],[-73.84459899987893,40.794911999947495],[-73.84350799955962,40.79492599991545],[-73.84330599989326,40.79550099983683],[-73.84286099965432,40.79519900006028],[-73.84328499997686,40.79617400025421],[-73.8427889996843,40.795417000032444],[-73.84225999977978,40.79558500021511],[-73.84286700040042,40.796922000200304],[-73.84214599997698,40.79559000005618],[-73.84162200009533,40.79539800031288],[-73.8413309998422,40.79579599970869],[-73.8415219996379,40.79600899995157],[-73.84060000027134,40.79680699994772],[-73.8401199998723,40.796882000223746],[-73.8404089995773,40.797702999690586],[-73.83920900037637,40.79784399981403],[-73.83842900040169,40.798376000226106],[-73.83787000035996,40.798504999693954],[-73.8391900001098,40.797776999971184],[-73.84025899978947,40.797588999776934],[-73.8399790003053,40.79690399990781],[-73.83903699994893,40.797052000127685],[-73.83843400042456,40.79678700026783],[-73.83663299955246,40.792515999934984],[-73.83653200016845,40.791743000025974],[-73.83746799977872,40.79136899981511],[-73.83764699987887,40.791021000232746],[-73.83750600031189,40.79046700028119],[-73.8368180003987,40.7904700002811],[-73.83749000041836,40.79044300027701],[-73.83727799980795,40.78901299978947],[-73.83713399986789,40.78956400026934],[-73.83558499978919,40.78956200001541],[-73.83533200006919,40.789213000012104],[-73.83415000041161,40.789072999715465],[-73.83387900024996,40.7885639997787],[-73.83346900017112,40.78845699980082],[-73.83144499971627,40.78917099988607],[-73.83197600016892,40.789449999982295],[-73.83157199993789,40.78968699978676],[-73.83106200029995,40.78937800020133],[-73.83077900044273,40.7883510001358],[-73.83126899998918,40.788231000285165],[-73.83083899981887,40.785906000336226],[-73.83032900018094,40.78595900010076],[-73.83014500005793,40.78501800006901],[-73.83064899984807,40.78495899973628],[-73.83058899957362,40.784640999807316],[-73.82690200013555,40.78465200031793],[-73.82678499995971,40.78166800029874],[-73.82528500028478,40.78169700028021],[-73.82951200039632,40.77456900022334],[-73.8315929998543,40.77256000027746],[-73.83342800016325,40.7714340003024],[-73.8363320001519,40.77852900020334],[-73.83886200004673,40.778617000091664],[-73.83905200001752,40.77662799974454],[-73.83848899977784,40.77546600004631],[-73.84008899991017,40.77498200007028],[-73.8407319996175,40.775004000207524],[-73.84090099967189,40.77615399995928],[-73.84144800001805,40.77617099976606],[-73.8414360003225,40.776550999754015],[-73.84440300006035,40.7766110000547],[-73.8444149997559,40.77637199987294],[-73.84579599960512,40.77617699969685],[-73.84577899988668,40.77644700010225],[-73.84626299958533,40.77650399986618],[-73.8462230003007,40.77690600017778],[-73.84801000003078,40.77696400020469],[-73.8479330000379,40.778604000038236],[-73.84919800043446,40.778610999701],[-73.84941099997147,40.77821100009922],[-73.84974700043044,40.77841400006547],[-73.849434000436,40.7786209998983],[-73.84993400002821,40.778769000056876],[-73.84957199962994,40.77919299969707],[-73.84966500041469,40.77949899992183],[-73.84973900003453,40.7794009997632],[-73.85012900002187,40.779366999757656],[-73.85094699963139,40.77906899984486],[-73.85148800012979,40.77899299990883],[-73.84981699985235,40.7796299998872],[-73.85235299959496,40.77948099966753],[-73.85235699979292,40.77916899969985],[-73.85238799975505,40.77952900010802],[-73.84982100005031,40.779650999909556],[-73.84957699965283,40.77986899991135],[-73.85168999979614,40.779867999978514],[-73.84948999961418,40.78007300018244],[-73.84988899982235,40.78108899996457],[-73.85093599976075,40.7811200000269],[-73.84988700017253,40.781121999854875],[-73.84984500033974,40.78159299984217],[-73.84918500001567,40.78164800013989],[-73.84954599969069,40.781825000281906],[-73.84925299978771,40.78226499985183],[-73.85028100035782,40.782459999842125],[-73.85528199969795,40.78197499990623],[-73.85545099975235,40.78314300000284],[-73.85645199965998,40.783322999884625],[-73.8566500000267,40.78289200018842],[-73.85683199960157,40.78336500030833],[-73.85808299975444,40.78372399986633],[-73.8578469997529,40.784509000339206],[-73.85852700016845,40.78522899981545],[-73.85899199960055,40.785204000106155],[-73.85905600007297,40.785432000099256],[-73.85903599998149,40.78509300005885],[-73.85910999960133,40.78544299979872],[-73.85952399987812,40.78556200007903],[-73.8590660001187,40.78546700024964]]]}},{"type":"Feature","properties":{"market_area_id":"zcta:11357","zcta":"11357","zip":"11357","geography_type":"zcta","name":"11357","vintage":"2020","period_start":"2026-06-01","period_end":"2026-06-30","current_month":"2026-06-30","measure_basis":"index","gross_or_net":"unknown","statistic":"typical_observed_rent_35_65_percentile_smoothed","unit_scope":"all_units","bedroom_count":null,"source_id":"zori","source_artifact_id":"zori-zip-sfrcondomfr-sm-month","source_url":"https://www.zillow.com/research/data/","source_label":"Zillow ZORI — ZIP-level typical observed market rent (all units, smoothed)","not_a_label":"median asking rent","attribution":"Data Provided by Zillow Group","zori_missing":false,"zori_rent_usd":2949.31,"zori_all_units":true},"geometry":{"type":"Polygon","coordinates":[[[-73.83214199985028,40.790081000295764],[-73.83138799981486,40.79137000025493],[-73.8297779996368,40.79161700028845],[-73.82836699965034,40.792394999705685],[-73.82922000031829,40.7930209998825],[-73.82829499968032,40.79251399976998],[-73.8278980000203,40.79295600008444],[-73.82800599997533,40.79491300033387],[-73.82945999961949,40.7968230002313],[-73.82906600033249,40.79656299990512],[-73.82740000007792,40.79679800012652],[-73.82697900012846,40.79710600019008],[-73.82719099984057,40.79761000024105],[-73.82676099967026,40.79779300002099],[-73.82612800000867,40.79741099981859],[-73.82513999962153,40.797340999849354],[-73.82403099975888,40.79809300024111],[-73.82427900035431,40.79870899984319],[-73.8238500000089,40.79814300014597],[-73.82344999997584,40.79840200007044],[-73.82376200014535,40.798882999775074],[-73.82327099987567,40.79845900003372],[-73.82306800038441,40.79859100033329],[-73.82332799977709,40.798972000220516],[-73.82302200035366,40.79861199980037],[-73.82253899958158,40.798924999877904],[-73.82271299965885,40.79949099970762],[-73.82238799996885,40.79911299968858],[-73.82161800003989,40.79999199976186],[-73.82043200018435,40.80062799999067],[-73.82049900013149,40.80101100033525],[-73.82040500042018,40.80064000019302],[-73.81983999963234,40.80099499970105],[-73.81738599990548,40.79928899988249],[-73.81366699978206,40.797537999788005],[-73.81370000029234,40.79707900016438],[-73.81342099973477,40.7976930003264],[-73.81349400042801,40.79705800021238],[-73.81305199966383,40.79746799995267],[-73.81288699980738,40.79715299978045],[-73.81254000037606,40.798059000284276],[-73.81222599965838,40.79812300018856],[-73.81178600034065,40.79803199996613],[-73.81160899989032,40.79737199980596],[-73.80636300032782,40.79639399979309],[-73.80623100008336,40.79681700012542],[-73.80633099964246,40.79639300010905],[-73.8058620000124,40.79646899985571],[-73.80537699959051,40.796168999777095],[-73.8046729997838,40.796155999758895],[-73.80463000012612,40.79643100033328],[-73.80464900039269,40.79615900018179],[-73.8043480000938,40.79621399997726],[-73.80427399957563,40.796641000177935],[-73.80431100028389,40.796213000290514],[-73.80412200013801,40.79652899984472],[-73.80413600038169,40.79623399982981],[-73.80395800010645,40.796556999775746],[-73.80386100002207,40.796319000325866],[-73.80381699964114,40.79663000029322],[-73.80382300038724,40.79633500004706],[-73.80364299956388,40.79640600008082],[-73.80321199956866,40.79703799992806],[-73.80328000023901,40.79671300024378],[-73.80257899990706,40.79629499971677],[-73.8010259996304,40.796520999667976],[-73.80023499978508,40.79626500030337],[-73.80008400017233,40.796628000252156],[-73.80018200008162,40.79626699967529],[-73.79960499959824,40.79633200031214],[-73.79789800023407,40.79555899994744],[-73.79766999973013,40.79599399984185],[-73.79786999974668,40.7955520000306],[-73.79673599976968,40.79520899980012],[-73.79641000025475,40.795728999839035],[-73.79670599963244,40.79519799967815],[-73.7944150001122,40.79480499999785],[-73.79497300032904,40.79186400008317],[-73.7937399997195,40.78904800009299],[-73.7933799998694,40.78957800000471],[-73.79362000006893,40.78899699966402],[-73.79252600027488,40.78879199979851],[-73.79265699979612,40.7905210002588],[-73.79163999999498,40.78906100014269],[-73.79058300001088,40.7881290001736],[-73.79493999981875,40.786275000167535],[-73.79508600030695,40.785851000163674],[-73.79411600036147,40.78609699980261],[-73.79402299957673,40.78564600010855],[-73.7944920001051,40.78559600031432],[-73.79421599992057,40.78410400017947],[-73.79372999967377,40.784157999890006],[-73.79368700001606,40.78393999968097],[-73.79407399963036,40.783893000259745],[-73.79382500010833,40.78252899996319],[-73.79341900022746,40.78257000031663],[-73.79303400026299,40.78064900008672],[-73.79136200016065,40.78069699968323],[-73.79130100006128,40.780338000089166],[-73.79217300009746,40.780230999781786],[-73.79204099985299,40.77935699967268],[-73.79240499990104,40.77932400026594],[-73.79234200015186,40.778941999920875],[-73.7910569996638,40.77903199983316],[-73.79104900016621,40.77857100025735],[-73.79177999973706,40.77848400026184],[-73.79164300036804,40.77761300019553],[-73.79211500037115,40.77755400008734],[-73.79205400027178,40.77717099979405],[-73.79142599973474,40.77724599980157],[-73.79061200032321,40.77521699979908],[-73.79091899957155,40.7747709997445],[-73.79282699967544,40.77434699977176],[-73.79271299987263,40.77378800006209],[-73.79338300024244,40.77348200006179],[-73.79357800023611,40.77380999991441],[-73.79508399975882,40.773679000036815],[-73.79501799963656,40.774198999965655],[-73.79594499992434,40.774270999875746],[-73.79601400041962,40.7738260002972],[-73.79696799957327,40.77407100023519],[-73.79712800030514,40.77383099973578],[-73.79823299996985,40.774847999757256],[-73.79833500007707,40.774149999736565],[-73.80113600013357,40.77431899999923],[-73.80108699972976,40.77467900015998],[-73.80161200033463,40.77471999991662],[-73.8016600000152,40.77436400004097],[-73.80391500044878,40.77469100029046],[-73.8040529996427,40.77419499989278],[-73.80402400022871,40.77453799982485],[-73.80663500031439,40.77475500026958],[-73.80660000015429,40.775115000108634],[-73.8071509998001,40.775158000284016],[-73.80720500022676,40.77480500006155],[-73.8096000004024,40.77498700010212],[-73.80955099999859,40.775349000046376],[-73.81001899980373,40.77538600006864],[-73.8102670003992,40.77540500007204],[-73.81031400025485,40.775047999779886],[-73.81229400032876,40.77520499976361],[-73.81224900012292,40.775561999892375],[-73.8132540002285,40.77566000027242],[-73.81330500028211,40.775281999953634],[-73.8145430000162,40.7753780000656],[-73.81448000026703,40.77580600023726],[-73.82166999991844,40.776862999773286],[-73.8217019997055,40.77646799977035],[-73.82217700008164,40.77639600020043],[-73.82307000003422,40.77639200025983],[-73.82306500001134,40.77678700003438],[-73.82433100023285,40.77674300025327],[-73.82583099990774,40.77591500017426],[-73.825828000433,40.7763110000503],[-73.82760099991937,40.77630300015863],[-73.8277780003697,40.77597699967167],[-73.82852800020714,40.77600700008797],[-73.82528500028478,40.78169700028021],[-73.82678499995971,40.78166800029874],[-73.82690200013555,40.78465200031793],[-73.83058899957362,40.784640999807316],[-73.83064899984807,40.78495899973628],[-73.83014500005793,40.78501800006901],[-73.83032900018094,40.78595900010076],[-73.83083899981887,40.785906000336226],[-73.83090900013907,40.78624600014443],[-73.83126899998918,40.788231000285165],[-73.83077900044273,40.7883510001358],[-73.83092099983463,40.789035000040684],[-73.83157199993789,40.78968699978676],[-73.83197600016892,40.789449999982295],[-73.83214199985028,40.790081000295764]]]}},{"type":"Feature","properties":{"market_area_id":"zcta:11358","zcta":"11358","zip":"11358","geography_type":"zcta","name":"11358","vintage":"2020","period_start":"2026-06-01","period_end":"2026-06-30","current_month":"2026-06-30","measure_basis":"index","gross_or_net":"unknown","statistic":"typical_observed_rent_35_65_percentile_smoothed","unit_scope":"all_units","bedroom_count":null,"source_id":"zori","source_artifact_id":"zori-zip-sfrcondomfr-sm-month","source_url":"https://www.zillow.com/research/data/","source_label":"Zillow ZORI — ZIP-level typical observed market rent (all units, smoothed)","not_a_label":"median asking rent","attribution":"Data Provided by Zillow Group","zori_missing":false,"zori_rent_usd":2707.22,"zori_all_units":true},"geometry":{"type":"Polygon","coordinates":[[[-73.80893500005546,40.751740000292465],[-73.80888200035199,40.75212500019742],[-73.80934799960902,40.75216600025925],[-73.80913500007202,40.75372299987946],[-73.80861899968795,40.75406000011863],[-73.80856900035755,40.754410000036884],[-73.80903100031492,40.75445499995106],[-73.80876900037408,40.75637400029024],[-73.80830200039387,40.75635599989515],[-73.80839399955707,40.75702999987158],[-73.80867599958935,40.75705199982838],[-73.80839600010519,40.759077999897855],[-73.80793999999561,40.75904300013294],[-73.80790599966042,40.75928300028924],[-73.80837199981575,40.75932299977742],[-73.80819000024087,40.76066299968149],[-73.80773199958314,40.760568000306286],[-73.80762700000116,40.76134099970293],[-73.80808099956262,40.76142700016276],[-73.80797500015571,40.76210700027612],[-73.80752800026697,40.76206600022119],[-73.80749300010686,40.7623430001501],[-73.80795300041441,40.7623820003225],[-73.80783700006346,40.763262000309375],[-73.80738799962657,40.76311000024718],[-73.80733499992311,40.763498000164695],[-73.80823100024875,40.76379800018957],[-73.80795800043728,40.76580199966586],[-73.80702899960136,40.765727999812455],[-73.80699799963922,40.76595499983697],[-73.8074670001676,40.766048000075735],[-73.8072069998766,40.76829499966539],[-73.80668600036802,40.76825299991843],[-73.80649700022212,40.769635000336905],[-73.80556499991147,40.769559999901304],[-73.80535599967412,40.771095000252686],[-73.80629100035779,40.771193999801795],[-73.80615300026554,40.77220899995362],[-73.80596099974659,40.77255400002002],[-73.80474700030197,40.77245599982049],[-73.8041790000394,40.772771000141816],[-73.80391500044878,40.77469100029046],[-73.8016600000152,40.77436400004097],[-73.80161200033463,40.77471999991662],[-73.80108699972976,40.77467900015998],[-73.80113600013357,40.77431899999923],[-73.79833500007707,40.774149999736565],[-73.79823299996985,40.774847999757256],[-73.79712800030514,40.77383099973578],[-73.79696799957327,40.77407100023519],[-73.79601400041962,40.7738260002972],[-73.79594499992434,40.774270999875746],[-73.79501799963656,40.774198999965655],[-73.79508399975882,40.773679000036815],[-73.79357800023611,40.77380999991441],[-73.79338300024244,40.77348200006179],[-73.79271299987263,40.77378800006209],[-73.79282699967544,40.77434699977176],[-73.79166799958408,40.77462200019081],[-73.7911899997332,40.773377999687405],[-73.79158999976627,40.773259000027494],[-73.79115700012123,40.772400000030295],[-73.79075000041544,40.77252099995509],[-73.79057100031531,40.772172000202964],[-73.79101099963306,40.77204500001953],[-73.78994699997624,40.76996699977885],[-73.78950500011037,40.770091999692184],[-73.7893090002918,40.769707999835944],[-73.78930500009383,40.76932499989323],[-73.78957600025548,40.76924500000481],[-73.78905200037383,40.768221999974756],[-73.78861600035576,40.76835499993825],[-73.78827400004897,40.76769000018027],[-73.78871099989198,40.76755700024655],[-73.78836299973744,40.76687899968015],[-73.78792400024462,40.7670060002124],[-73.78759199998359,40.76636200002272],[-73.7880289998266,40.7662309997485],[-73.78740100018788,40.76500399993407],[-73.7868949998496,40.76502200002853],[-73.7854450004034,40.76259699993741],[-73.78516800039398,40.76143300006414],[-73.78568100040495,40.76139299980438],[-73.78540799969517,40.760132999714074],[-73.78462000022289,40.76019899988388],[-73.78212499958983,40.755338999936455],[-73.7800879996145,40.75249399984353],[-73.78121200044407,40.75150699992113],[-73.78695000010117,40.74993299973844],[-73.7871130003078,40.75027599967987],[-73.78800899973511,40.75002899972178],[-73.78784399987867,40.7496909997608],[-73.79230500034194,40.74836599985364],[-73.79286600003351,40.748377999971794],[-73.79284400029219,40.74870500014592],[-73.79480400027464,40.748775000334305],[-73.79479099985583,40.749137000152025],[-73.79604899968142,40.75005000025261],[-73.79756199977511,40.74919799973931],[-73.79724100028307,40.748957000206985],[-73.79745700019312,40.74878899981868],[-73.79844899987992,40.74908599970663],[-73.7984980002837,40.74875600020296],[-73.80228000015633,40.74904400007112],[-73.80222999992762,40.74967399998522],[-73.80287799965782,40.74978299991231],[-73.80913500007202,40.75026899975431],[-73.80908300019344,40.75064299999511],[-73.80954900034877,40.750685999673244],[-73.80940200003567,40.75177800020549],[-73.80893500005546,40.751740000292465]]]}},{"type":"Feature","properties":{"market_area_id":"zcta:11359","zcta":"11359","zip":"11359","geography_type":"zcta","name":"11359","vintage":"2020","period_start":null,"period_end":null,"current_month":"2026-06-30","measure_basis":"index","gross_or_net":"unknown","statistic":"typical_observed_rent_35_65_percentile_smoothed","unit_scope":"all_units","bedroom_count":null,"source_id":"zori","source_artifact_id":"zori-zip-sfrcondomfr-sm-month","source_url":"https://www.zillow.com/research/data/","source_label":"Zillow ZORI — ZIP-level typical observed market rent (all units, smoothed)","not_a_label":"median asking rent","attribution":"Data Provided by Zillow Group","zori_missing":true,"zori_rent_usd":null,"zori_all_units":true},"geometry":{"type":"Polygon","coordinates":[[[-73.78329600027507,40.79482100008393],[-73.78313700026642,40.79498800002938],[-73.78200300028941,40.79497499977998],[-73.78154200015696,40.79565999983151],[-73.7797579999016,40.796196999859895],[-73.7793620000665,40.79668499969848],[-73.77775199988842,40.79669200017592],[-73.77624899984048,40.796137999938736],[-73.77404500035887,40.79406800031278],[-73.773631999907,40.792749999780845],[-73.77232600040087,40.79148100001195],[-73.77217300023999,40.790253000164704],[-73.77063099983398,40.7884629999821],[-73.77072600026852,40.788133999896004],[-73.77190200007836,40.78738700006118],[-73.77426799994164,40.786756999822906],[-73.7742300003068,40.787065000217545],[-73.77633699970403,40.78848700002178],[-73.7740960004125,40.786296999965515],[-73.7779610001258,40.78836400032194],[-73.78120499987308,40.78958799991101],[-73.78238800025387,40.79137600017298],[-73.78174700019639,40.79113300033649],[-73.78107799965146,40.79167699990177],[-73.78077899990072,40.793189999739795],[-73.78168400044719,40.79332200031501],[-73.78164199971607,40.793524999662196],[-73.78072399964914,40.79333399979784],[-73.78079200031952,40.7940359997739],[-73.78190399965688,40.7949009997763],[-73.78329600027507,40.79482100008393]]]}},{"type":"Feature","properties":{"market_area_id":"zcta:11360","zcta":"11360","zip":"11360","geography_type":"zcta","name":"11360","vintage":"2020","period_start":"2026-06-01","period_end":"2026-06-30","current_month":"2026-06-30","measure_basis":"index","gross_or_net":"unknown","statistic":"typical_observed_rent_35_65_percentile_smoothed","unit_scope":"all_units","bedroom_count":null,"source_id":"zori","source_artifact_id":"zori-zip-sfrcondomfr-sm-month","source_url":"https://www.zillow.com/research/data/","source_label":"Zillow ZORI — ZIP-level typical observed market rent (all units, smoothed)","not_a_label":"median asking rent","attribution":"Data Provided by Zillow Group","zori_missing":false,"zori_rent_usd":3048.31,"zori_all_units":true},"geometry":{"type":"Polygon","coordinates":[[[-73.79493999981875,40.786275000167535],[-73.79058300001088,40.7881290001736],[-73.79205599992162,40.78956700031],[-73.79257999980324,40.790717000261985],[-73.79152399964403,40.78956999967049],[-73.790281999712,40.79031700011293],[-73.78568100040495,40.79034100016261],[-73.78383799970007,40.7906410000518],[-73.78253100036902,40.791277000095064],[-73.78434200038855,40.791748999910325],[-73.78238800025387,40.79137600017298],[-73.78120499987308,40.78958799991101],[-73.7779610001258,40.78836400032194],[-73.7740960004125,40.786296999965515],[-73.77407600032102,40.78591699995718],[-73.77060099969675,40.782084999823546],[-73.7708719998584,40.78193700025109],[-73.76889500015753,40.779860999767955],[-73.76664100044722,40.77550000000768],[-73.76402000031578,40.77234000000837],[-73.76545200021862,40.77358000010857],[-73.76984199963847,40.77260999968042],[-73.77054399979534,40.77444999997544],[-73.77104900030872,40.774474000317014],[-73.77885800027633,40.77279899988646],[-73.77897299990407,40.77312100018352],[-73.78128000021614,40.77262500031031],[-73.78205799964267,40.77225199996894],[-73.7818979998091,40.77190500026988],[-73.78843399988254,40.76996799986071],[-73.78860299993696,40.770297000129496],[-73.78994699997624,40.76996699977885],[-73.79101099963306,40.77204500001953],[-73.79057100031531,40.772172000202964],[-73.79075000041544,40.77252099995509],[-73.79115700012123,40.772400000030295],[-73.79158999976627,40.773259000027494],[-73.7911899997332,40.773377999687405],[-73.79166799958408,40.77462200019081],[-73.79091899957155,40.7747709997445],[-73.79061200032321,40.77521699979908],[-73.79142599973474,40.77724599980157],[-73.79205400027178,40.77717099979405],[-73.79211500037115,40.77755400008734],[-73.79164300036804,40.77761300019553],[-73.79177999973706,40.77848400026184],[-73.79104900016621,40.77857100025735],[-73.7910569996638,40.77903199983316],[-73.79234200015186,40.778941999920875],[-73.79240499990104,40.77932400026594],[-73.79204099985299,40.77935699967268],[-73.79217300009746,40.780230999781786],[-73.79130100006128,40.780338000089166],[-73.79136200016065,40.78069699968323],[-73.79303400026299,40.78064900008672],[-73.79341900022746,40.78257000031663],[-73.79382500010833,40.78252899996319],[-73.79407399963036,40.783893000259745],[-73.79368700001606,40.78393999968097],[-73.79372999967377,40.784157999890006],[-73.79421599992057,40.78410400017947],[-73.7944920001051,40.78559600031432],[-73.79402299957673,40.78564600010855],[-73.79411600036147,40.78609699980261],[-73.79508600030695,40.785851000163674],[-73.79493999981875,40.786275000167535]]]}},{"type":"Feature","properties":{"market_area_id":"zcta:11361","zcta":"11361","zip":"11361","geography_type":"zcta","name":"11361","vintage":"2020","period_start":"2026-06-01","period_end":"2026-06-30","current_month":"2026-06-30","measure_basis":"index","gross_or_net":"unknown","statistic":"typical_observed_rent_35_65_percentile_smoothed","unit_scope":"all_units","bedroom_count":null,"source_id":"zori","source_artifact_id":"zori-zip-sfrcondomfr-sm-month","source_url":"https://www.zillow.com/research/data/","source_label":"Zillow ZORI — ZIP-level typical observed market rent (all units, smoothed)","not_a_label":"median asking rent","attribution":"Data Provided by Zillow Group","zori_missing":false,"zori_rent_usd":2764.43,"zori_all_units":true},"geometry":{"type":"Polygon","coordinates":[[[-73.78930500009383,40.76932499989323],[-73.7894780003462,40.77004099967427],[-73.78860299993696,40.770297000129496],[-73.78843399988254,40.76996799986071],[-73.7818979998091,40.77190500026988],[-73.78205799964267,40.77225199996894],[-73.78128000021614,40.77262500031031],[-73.77897299990407,40.77312100018352],[-73.77885800027633,40.77279899988646],[-73.77104900030872,40.774474000317014],[-73.77054399979534,40.77444999997544],[-73.76984199963847,40.77260999968042],[-73.76545200021862,40.77358000010857],[-73.76140000000926,40.7701670002076],[-73.76019999991001,40.7686600003175],[-73.75850600006636,40.76439199994503],[-73.75920599967509,40.76432099970266],[-73.75886400026664,40.763274999962825],[-73.75836299995123,40.76349699998545],[-73.75784499991738,40.76254200019707],[-73.75802400001751,40.76211099971585],[-73.75848099995198,40.76199500021565],[-73.75800099955296,40.760380000240076],[-73.75682100044354,40.759735000249414],[-73.75625599965569,40.758430000115915],[-73.7577639997265,40.75830099969206],[-73.75844199959393,40.75775199966184],[-73.76185600011884,40.75651700026942],[-73.76230300000758,40.75642499990888],[-73.7624229996582,40.75678599998679],[-73.76351700035053,40.756548999832475],[-73.76342000026615,40.75619699970923],[-73.76433300031022,40.75599399991199],[-73.76440699993006,40.75626799978357],[-73.76535000011137,40.75626900007162],[-73.76586700032031,40.75608800008959],[-73.76578399958132,40.75579300008536],[-73.76873500032394,40.75535699992643],[-73.76884199955576,40.755669000112604],[-73.77027799965656,40.75531000001798],[-73.7701329998916,40.754993000013485],[-73.77386000041095,40.75383700023636],[-73.77429899990378,40.75414900007033],[-73.77584899980738,40.753670000255795],[-73.7757369996544,40.75328499977003],[-73.77739700006119,40.75331599987571],[-73.77708999991454,40.752639999669206],[-73.78121200044407,40.75150699992113],[-73.7800879996145,40.75249399984353],[-73.78212499958983,40.755338999936455],[-73.78462000022289,40.76019899988388],[-73.78540799969517,40.760132999714074],[-73.78568100040495,40.76139299980438],[-73.78516800039398,40.76143300006414],[-73.7854450004034,40.76259699993741],[-73.7868949998496,40.76502200002853],[-73.78740100018788,40.76500399993407],[-73.7880289998266,40.7662309997485],[-73.78759199998359,40.76636200002272],[-73.78792400024462,40.7670060002124],[-73.78836299973744,40.76687899968015],[-73.78871099989198,40.76755700024655],[-73.78827400004897,40.76769000018027],[-73.78861600035576,40.76835499993825],[-73.78905200037383,40.768221999974756],[-73.78957600025548,40.76924500000481],[-73.78930500009383,40.76932499989323]]]}},{"type":"Feature","properties":{"market_area_id":"zcta:11362","zcta":"11362","zip":"11362","geography_type":"zcta","name":"11362","vintage":"2020","period_start":"2026-06-01","period_end":"2026-06-30","current_month":"2026-06-30","measure_basis":"index","gross_or_net":"unknown","statistic":"typical_observed_rent_35_65_percentile_smoothed","unit_scope":"all_units","bedroom_count":null,"source_id":"zori","source_artifact_id":"zori-zip-sfrcondomfr-sm-month","source_url":"https://www.zillow.com/research/data/","source_label":"Zillow ZORI — ZIP-level typical observed market rent (all units, smoothed)","not_a_label":"median asking rent","attribution":"Data Provided by Zillow Group","zori_missing":false,"zori_rent_usd":4025.0,"zori_all_units":true},"geometry":{"type":"Polygon","coordinates":[[[-73.75920599967509,40.76432099970266],[-73.75449300021505,40.76497299983556],[-73.75072200021309,40.76651199986375],[-73.74876999972825,40.76407999987628],[-73.74428200039912,40.76535799998984],[-73.74125899968647,40.76570700015163],[-73.74005399956435,40.76628599983794],[-73.73694999955917,40.768905999672626],[-73.73549300044029,40.77067400016546],[-73.73605800032982,40.770696999759146],[-73.73532299966266,40.7715789999721],[-73.73488499999475,40.771390999757664],[-73.73396199990493,40.77244900018946],[-73.71332500018791,40.75972999975038],[-73.7169859996867,40.75942799993539],[-73.71876900011713,40.758804000040506],[-73.72014499994347,40.757911000211394],[-73.72134300039289,40.756659999941],[-73.72293400030439,40.75412800015367],[-73.72736100043247,40.75083800024341],[-73.72796200030702,40.75002599993704],[-73.72921900030767,40.74695400032468],[-73.73232499996267,40.743644999810236],[-73.73388099971406,40.744578999983695],[-73.73780700042505,40.74798000022923],[-73.74075499989631,40.749891999660775],[-73.74277199978017,40.7516149998881],[-73.74577899970099,40.75156100026684],[-73.746808000096,40.75202800016635],[-73.74774100023154,40.7538499996916],[-73.7471110000447,40.75417300025868],[-73.7500479996453,40.75840499984762],[-73.75057599972492,40.758017999720906],[-73.75115599968306,40.75906999997264],[-73.75230300007884,40.75945500029912],[-73.75321600012292,40.75824700005749],[-73.75508599969368,40.758486000111205],[-73.75555100002408,40.75830000011507],[-73.75584999977481,40.75776499971251],[-73.75682100044354,40.759735000249414],[-73.75800099955296,40.760380000240076],[-73.75848099995198,40.76199500021565],[-73.75802400001751,40.76211099971585],[-73.75784499991738,40.76254200019707],[-73.75836299995123,40.76349699998545],[-73.75886400026664,40.763274999962825],[-73.75920599967509,40.76432099970266]]]}},{"type":"Feature","properties":{"market_area_id":"zcta:11363","zcta":"11363","zip":"11363","geography_type":"zcta","name":"11363","vintage":"2020","period_start":null,"period_end":null,"current_month":"2026-06-30","measure_basis":"index","gross_or_net":"unknown","statistic":"typical_observed_rent_35_65_percentile_smoothed","unit_scope":"all_units","bedroom_count":null,"source_id":"zori","source_artifact_id":"zori-zip-sfrcondomfr-sm-month","source_url":"https://www.zillow.com/research/data/","source_label":"Zillow ZORI — ZIP-level typical observed market rent (all units, smoothed)","not_a_label":"median asking rent","attribution":"Data Provided by Zillow Group","zori_missing":true,"zori_rent_usd":null,"zori_all_units":true},"geometry":{"type":"Polygon","coordinates":[[[-73.7555040001684,40.77159799970364],[-73.75438100006207,40.772040999816966],[-73.75357000012524,40.772694999803605],[-73.75336699973568,40.77320799971926],[-73.75424100031996,40.77526699992363],[-73.7551729997323,40.77645699994505],[-73.75481500043034,40.77761300019553],[-73.75551800041212,40.77758399979148],[-73.7555169996889,40.777703999833115],[-73.75455799961408,40.77777699999047],[-73.75412999999189,40.77938400010272],[-73.75300799971046,40.78086600029641],[-73.75299799966471,40.7812890002441],[-73.75184500031943,40.782334000175446],[-73.75077200044181,40.782642999887806],[-73.74008000040193,40.776208999998715],[-73.73937599969693,40.77601400002443],[-73.73953800007864,40.7758140001888],[-73.73396199990493,40.77244900018946],[-73.73488499999475,40.771390999757664],[-73.73532299966266,40.7715789999721],[-73.73605800032982,40.770696999759146],[-73.73549300044029,40.77067400016546],[-73.73694999955917,40.768905999672626],[-73.74045299977253,40.76605999972396],[-73.74214300031655,40.76553100007687],[-73.74428200039912,40.76535799998984],[-73.74876999972825,40.76407999987628],[-73.75072200021309,40.76651199986375],[-73.75340000024593,40.765356999838524],[-73.7537070003926,40.76566500012975],[-73.75507200034828,40.76753300012783],[-73.75485100041536,40.7684129999464],[-73.75439500030578,40.768757999992744],[-73.75471400014798,40.768795000283745],[-73.75469599970631,40.76970899992172],[-73.75553500013056,40.770985999891344],[-73.75534199978672,40.77102200023646],[-73.7555040001684,40.77159799970364]]]}},{"type":"Feature","properties":{"market_area_id":"zcta:11364","zcta":"11364","zip":"11364","geography_type":"zcta","name":"11364","vintage":"2020","period_start":"2026-06-01","period_end":"2026-06-30","current_month":"2026-06-30","measure_basis":"index","gross_or_net":"unknown","statistic":"typical_observed_rent_35_65_percentile_smoothed","unit_scope":"all_units","bedroom_count":null,"source_id":"zori","source_artifact_id":"zori-zip-sfrcondomfr-sm-month","source_url":"https://www.zillow.com/research/data/","source_label":"Zillow ZORI — ZIP-level typical observed market rent (all units, smoothed)","not_a_label":"median asking rent","attribution":"Data Provided by Zillow Group","zori_missing":false,"zori_rent_usd":2924.12,"zori_all_units":true},"geometry":{"type":"Polygon","coordinates":[[[-73.77980599958221,40.75189500019531],[-73.77708999991454,40.752639999669206],[-73.77739700006119,40.75331599987571],[-73.7757369996544,40.75328499977003],[-73.77584899980738,40.753670000255795],[-73.77429899990378,40.75414900007033],[-73.77386000041095,40.75383700023636],[-73.7701329998916,40.754993000013485],[-73.77027799965656,40.75531000001798],[-73.76901099961016,40.75563399991381],[-73.76873500032394,40.75535699992643],[-73.76578399958132,40.75579300008536],[-73.76586700032031,40.75608800008959],[-73.76535000011137,40.75626900007162],[-73.76440699993006,40.75626799978357],[-73.76433300031022,40.75599399991199],[-73.76342000026615,40.75619699970923],[-73.76351700035053,40.756548999832475],[-73.7624229996582,40.75678599998679],[-73.76230300000758,40.75642499990888],[-73.76185600011884,40.75651700026942],[-73.75844199959393,40.75775199966184],[-73.7577639997265,40.75830099969206],[-73.75625599965569,40.758430000115915],[-73.75584999977481,40.75776499971251],[-73.75555100002408,40.75830000011507],[-73.75508599969368,40.758486000111205],[-73.75321600012292,40.75824700005749],[-73.75230300007884,40.75945500029912],[-73.75115599968306,40.75906999997264],[-73.75057599972492,40.758017999720906],[-73.7500479996453,40.75840499984762],[-73.74809600005878,40.755900000282],[-73.7471110000447,40.75417300025868],[-73.74774100023154,40.7538499996916],[-73.746808000096,40.75202800016635],[-73.74577899970099,40.75156100026684],[-73.74277199978017,40.7516149998881],[-73.73270300025445,40.74385400000449],[-73.73320100019683,40.743210000107105],[-73.73922400025928,40.7396839999076],[-73.74306499968313,40.735465000283966],[-73.74673799977579,40.732583000116335],[-73.74661499975215,40.73339399969937],[-73.74594699993047,40.73416799980333],[-73.7465410001323,40.73577799978629],[-73.76369999975033,40.732864000189615],[-73.76504100031488,40.7344770002216],[-73.7627330001779,40.735261999817396],[-73.7624860003057,40.736731000329016],[-73.76556799967126,40.743258000204605],[-73.76680899977839,40.74401599981715],[-73.76775600015765,40.74583000025578],[-73.77244500022655,40.74392000000099],[-73.77575900029402,40.74336699975853],[-73.77679199998869,40.74554400029805],[-73.77712500007462,40.745451999726555],[-73.77748900012269,40.745749000226006],[-73.7779750003695,40.74678199995885],[-73.77744399991684,40.746920000050196],[-73.77755100004697,40.747143999736856],[-73.77805900003509,40.74700399993609],[-73.77957100030389,40.750193000223355],[-73.77906599979048,40.75033300011575],[-73.77980599958221,40.75189500019531]]]}},{"type":"Feature","properties":{"market_area_id":"zcta:11365","zcta":"11365","zip":"11365","geography_type":"zcta","name":"11365","vintage":"2020","period_start":"2026-06-01","period_end":"2026-06-30","current_month":"2026-06-30","measure_basis":"index","gross_or_net":"unknown","statistic":"typical_observed_rent_35_65_percentile_smoothed","unit_scope":"all_units","bedroom_count":null,"source_id":"zori","source_artifact_id":"zori-zip-sfrcondomfr-sm-month","source_url":"https://www.zillow.com/research/data/","source_label":"Zillow ZORI — ZIP-level typical observed market rent (all units, smoothed)","not_a_label":"median asking rent","attribution":"Data Provided by Zillow Group","zori_missing":false,"zori_rent_usd":2761.18,"zori_all_units":true},"geometry":{"type":"Polygon","coordinates":[[[-73.81430899966446,40.74297399969101],[-73.81367400035306,40.74555600024484],[-73.81416200024971,40.74613900026991],[-73.80750599962734,40.75013700004775],[-73.80287799965782,40.74978299991231],[-73.80222999992762,40.74967399998522],[-73.80228000015633,40.74904400007112],[-73.7984980002837,40.74875600020296],[-73.79844899987992,40.74908599970663],[-73.79745700019312,40.74878899981868],[-73.79724100028307,40.748957000206985],[-73.79756199977511,40.74919799973931],[-73.79604899968142,40.75005000025261],[-73.79479099985583,40.749137000152025],[-73.79480400027464,40.748775000334305],[-73.79284400029219,40.74870500014592],[-73.79286600003351,40.748377999971794],[-73.79230500034194,40.74836599985364],[-73.78784399987867,40.7496909997608],[-73.78800899973511,40.75002899972178],[-73.7871130003078,40.75027599967987],[-73.78695000010117,40.74993299973844],[-73.77980599958221,40.75189500019531],[-73.77906599979048,40.75033300011575],[-73.77957100030389,40.750193000223355],[-73.77887800036783,40.748588999710435],[-73.77805900003509,40.74700399993609],[-73.77755100004697,40.747143999736856],[-73.77744399991684,40.746920000050196],[-73.7779750003695,40.74678199995885],[-73.77748900012269,40.745749000226006],[-73.77712500007462,40.745451999726555],[-73.77679199998869,40.74554400029805],[-73.77594300041704,40.743818999711635],[-73.77286100015316,40.73627600013224],[-73.77538699985004,40.735533000274955],[-73.77583999958657,40.736489999862926],[-73.77709900013538,40.73610900029364],[-73.77692900025605,40.73567600014936],[-73.78024800034639,40.73473200021284],[-73.78010299968312,40.734286000081816],[-73.78040099960894,40.733992999899215],[-73.78820899975165,40.73136299996898],[-73.79404600004125,40.729925000178554],[-73.7941890001564,40.730267999834446],[-73.79508799995678,40.73005699983663],[-73.7951110004213,40.72966400009931],[-73.80041300006032,40.72837199967476],[-73.80308299969721,40.72802899977637],[-73.8031510003676,40.728380999916226],[-73.80461000003461,40.72822000017812],[-73.80454599956221,40.72786799986736],[-73.80564500027742,40.727747999707226],[-73.80571300004948,40.72809899994093],[-73.8070100002331,40.727958000185865],[-73.80704000037034,40.72759700018532],[-73.8074820002362,40.727546000242356],[-73.80754900018337,40.72787700017705],[-73.80844999963355,40.72777900014378],[-73.8083829996864,40.72744300019827],[-73.80925800009564,40.72734600024901],[-73.80933599991344,40.727686000152396],[-73.8106210004015,40.72754200008498],[-73.8105929999141,40.727203000171144],[-73.81088599981706,40.72717200014705],[-73.81204200043368,40.72794499975407],[-73.81166300031701,40.72818499982831],[-73.81169000008119,40.72842499971768],[-73.81209000011427,40.728403999847025],[-73.81196799991552,40.729935000213366],[-73.81106599974211,40.73003099979063],[-73.81103099958202,40.73039000020867],[-73.81152500022473,40.730377000251934],[-73.81161800011115,40.73144899972236],[-73.81192799973256,40.73139300010137],[-73.81206099980194,40.73211599981389],[-73.81252899960708,40.732150000168104],[-73.81242900004798,40.73364699986207],[-73.81212199990132,40.73374899988694],[-73.81250600004087,40.73427699995833],[-73.81294899973166,40.736213999674526],[-73.81250100001799,40.7362789998565],[-73.81244800031456,40.73679300030489],[-73.81049900020275,40.73669900007731],[-73.8104590000198,40.73732000014928],[-73.81096199998504,40.737367999732655],[-73.8109450002666,40.73834899992373],[-73.80941999957903,40.7382999998092],[-73.80941399973125,40.738603000175004],[-73.80632300014486,40.738490999996216],[-73.81035500026272,40.73887099966736],[-73.81033299962311,40.739201999759615],[-73.81083999978631,40.739216999761815],[-73.81077000036441,40.740264999980674],[-73.81026599967593,40.740243999763024],[-73.81024399993464,40.74060099983914],[-73.81075100009784,40.74061899973502],[-73.81063399992198,40.74237400022648],[-73.81430899966446,40.74297399969101]]]}},{"type":"Feature","properties":{"market_area_id":"zcta:11366","zcta":"11366","zip":"11366","geography_type":"zcta","name":"11366","vintage":"2020","period_start":"2026-06-01","period_end":"2026-06-30","current_month":"2026-06-30","measure_basis":"index","gross_or_net":"unknown","statistic":"typical_observed_rent_35_65_percentile_smoothed","unit_scope":"all_units","bedroom_count":null,"source_id":"zori","source_artifact_id":"zori-zip-sfrcondomfr-sm-month","source_url":"https://www.zillow.com/research/data/","source_label":"Zillow ZORI — ZIP-level typical observed market rent (all units, smoothed)","not_a_label":"median asking rent","attribution":"Data Provided by Zillow Group","zori_missing":false,"zori_rent_usd":3500.0,"zori_all_units":true},"geometry":{"type":"Polygon","coordinates":[[[-73.8105929999141,40.727203000171144],[-73.8106210004015,40.72754200008498],[-73.80933599991344,40.727686000152396],[-73.80925800009564,40.72734600024901],[-73.8083829996864,40.72744300019827],[-73.80844999963355,40.72777900014378],[-73.80754900018337,40.72787700017705],[-73.8074820002362,40.727546000242356],[-73.80704000037034,40.72759700018532],[-73.8070100002331,40.727958000185865],[-73.80571300004948,40.72809899994093],[-73.80564500027742,40.727747999707226],[-73.80454599956221,40.72786799986736],[-73.80461000003461,40.72822000017812],[-73.8031510003676,40.728380999916226],[-73.80308299969721,40.72802899977637],[-73.80041300006032,40.72837199967476],[-73.7951110004213,40.72966400009931],[-73.79508799995678,40.73005699983663],[-73.7941890001564,40.730267999834446],[-73.79404600004125,40.729925000178554],[-73.78820899975165,40.73136299996898],[-73.78040099960894,40.733992999899215],[-73.78010299968312,40.734286000081816],[-73.78024800034639,40.73473200021284],[-73.77692900025605,40.73567600014936],[-73.77709900013538,40.73610900029364],[-73.77583999958657,40.736489999862926],[-73.77538699985004,40.735533000274955],[-73.77286100015316,40.73627600013224],[-73.77575900029402,40.74336699975853],[-73.77244500022655,40.74392000000099],[-73.76775600015765,40.74583000025578],[-73.76680899977839,40.74401599981715],[-73.76556799967126,40.743258000204605],[-73.7624860003057,40.736731000329016],[-73.7627330001779,40.735261999817396],[-73.76504100031488,40.7344770002216],[-73.76369999975033,40.732864000189615],[-73.76555099995282,40.73254400016259],[-73.76226299982461,40.729605000312475],[-73.75677399968954,40.72637599978739],[-73.75998800019792,40.72587900029124],[-73.7654570002415,40.72647399984441],[-73.76924099976395,40.72590299978921],[-73.77359000007421,40.72474199977571],[-73.77738500036561,40.722442000094674],[-73.7780380001187,40.72328399985496],[-73.77699000035541,40.723731000300766],[-73.77523399968918,40.72523800020012],[-73.77757500033644,40.7301929999119],[-73.78116100039045,40.729212999962094],[-73.7807989999922,40.728424999717696],[-73.78316900005348,40.72764399993798],[-73.78360099987361,40.72841300008417],[-73.80903999963743,40.71991200028708],[-73.80915199979042,40.720299000215654],[-73.80956799971703,40.72018500024349],[-73.80990400017602,40.72089399995324],[-73.80934199976124,40.72095699984634],[-73.81062600042438,40.724420000002915],[-73.81088599981706,40.72717200014705],[-73.8105929999141,40.727203000171144]]]}},{"type":"Feature","properties":{"market_area_id":"zcta:11367","zcta":"11367","zip":"11367","geography_type":"zcta","name":"11367","vintage":"2020","period_start":"2026-06-01","period_end":"2026-06-30","current_month":"2026-06-30","measure_basis":"index","gross_or_net":"unknown","statistic":"typical_observed_rent_35_65_percentile_smoothed","unit_scope":"all_units","bedroom_count":null,"source_id":"zori","source_artifact_id":"zori-zip-sfrcondomfr-sm-month","source_url":"https://www.zillow.com/research/data/","source_label":"Zillow ZORI — ZIP-level typical observed market rent (all units, smoothed)","not_a_label":"median asking rent","attribution":"Data Provided by Zillow Group","zori_missing":false,"zori_rent_usd":2574.71,"zori_all_units":true},"geometry":{"type":"Polygon","coordinates":[[[-73.83769399973454,40.743234999963704],[-73.83589600013381,40.7433809997008],[-73.82781699982944,40.74241599999083],[-73.82787499955577,40.74200600005501],[-73.82527000021618,40.74175299969186],[-73.82523400023116,40.74252900018128],[-73.82477100044889,40.74237500004288],[-73.82460099967126,40.74271100013257],[-73.82353199999159,40.74235299999402],[-73.8238290000925,40.742060999769855],[-73.82337600035596,40.74189300033724],[-73.82295100020855,40.74175000021449],[-73.82275700003979,40.74209000002191],[-73.81510899973063,40.73952099989396],[-73.81509600021016,40.739234000168565],[-73.81132900040616,40.73890900012769],[-73.81130699976653,40.73923099989694],[-73.81033299962311,40.739201999759615],[-73.81035500026272,40.73887099966736],[-73.80632300014486,40.738490999996216],[-73.80941399973125,40.738603000175004],[-73.80941999957903,40.7382999998092],[-73.8109450002666,40.73834899992373],[-73.81096199998504,40.737367999732655],[-73.8104590000198,40.73732000014928],[-73.81049900020275,40.73669900007731],[-73.81244800031456,40.73679300030489],[-73.81250100001799,40.7362789998565],[-73.81298600043989,40.73601800019693],[-73.81212199990132,40.73374899988694],[-73.81242900004798,40.73364699986207],[-73.81252899960708,40.732150000168104],[-73.81206099980194,40.73211599981389],[-73.81192799973256,40.73139300010137],[-73.81161800011115,40.73144899972236],[-73.81152500022473,40.730377000251934],[-73.81103099958202,40.73039000020867],[-73.81106599974211,40.73003099979063],[-73.81196799991552,40.729935000213366],[-73.81209000011427,40.728403999847025],[-73.81169000008119,40.72842499971768],[-73.81166300031701,40.72818499982831],[-73.81204200043368,40.72794499975407],[-73.81088599981706,40.72717200014705],[-73.81062600042438,40.724420000002915],[-73.80934199976124,40.72095699984634],[-73.80990400017602,40.72089399995324],[-73.80956799971703,40.72018500024349],[-73.80915199979042,40.720299000215654],[-73.80860500034257,40.7184150000312],[-73.8117689997239,40.71761599990601],[-73.81211799970336,40.719062000111094],[-73.81252699995727,40.718948000063016],[-73.81237299997147,40.71860200009533],[-73.81272399960076,40.71850400002162],[-73.81282900008105,40.718721000234005],[-73.81320099962674,40.71861800014924],[-73.81311000028846,40.71841200018251],[-73.81348799968193,40.71830199973422],[-73.81358700031444,40.71851099988584],[-73.81396600043111,40.718406999980374],[-73.8138810000423,40.71822000004932],[-73.81507699994357,40.71788999993093],[-73.81516200033239,40.71807599992654],[-73.81690600040477,40.717399999687686],[-73.81706600023834,40.717716999805376],[-73.81676300028964,40.716822000044594],[-73.8182179997587,40.71638999988269],[-73.81930499988005,40.71713600028483],[-73.8203230004044,40.716660000057054],[-73.82172299962188,40.71677600034042],[-73.82455899983846,40.71614400026832],[-73.82647799981301,40.71619800004566],[-73.82628000034462,40.719624999719166],[-73.82657700044554,40.720951999835414],[-73.82849899989483,40.72373700019948],[-73.83224499978245,40.726687999786876],[-73.83618900003677,40.7342070001666],[-73.83689399966838,40.73892900021794],[-73.83764299968092,40.741297999813234],[-73.83769399973454,40.743234999963704]]]}},{"type":"Feature","properties":{"market_area_id":"zcta:11368","zcta":"11368","zip":"11368","geography_type":"zcta","name":"11368","vintage":"2020","period_start":"2026-06-01","period_end":"2026-06-30","current_month":"2026-06-30","measure_basis":"index","gross_or_net":"unknown","statistic":"typical_observed_rent_35_65_percentile_smoothed","unit_scope":"all_units","bedroom_count":null,"source_id":"zori","source_artifact_id":"zori-zip-sfrcondomfr-sm-month","source_url":"https://www.zillow.com/research/data/","source_label":"Zillow ZORI — ZIP-level typical observed market rent (all units, smoothed)","not_a_label":"median asking rent","attribution":"Data Provided by Zillow Group","zori_missing":false,"zori_rent_usd":2461.11,"zori_all_units":true},"geometry":{"type":"Polygon","coordinates":[[[-73.8721259996717,40.756433000152406],[-73.87221899955813,40.75694300024966],[-73.87041400028471,40.757132000104605],[-73.87048700007966,40.75754099974054],[-73.86855600040951,40.75773300005433],[-73.86848400043948,40.75733499982917],[-73.8588889996684,40.75790000003585],[-73.85895099959266,40.75832799983315],[-73.85787400041538,40.75850099984677],[-73.85775300004155,40.75802700003428],[-73.85463999981555,40.75846599977809],[-73.85603999993131,40.75972600016731],[-73.85828899961878,40.76073300020859],[-73.8597559996817,40.76183599990902],[-73.8609370004127,40.76372899966419],[-73.86043299972422,40.763869000310244],[-73.85941300044836,40.76248300031364],[-73.85892100035375,40.76240600026019],[-73.85892300000357,40.76212199987498],[-73.85864500016923,40.76251400021281],[-73.85888600019365,40.76211199991595],[-73.85871200011638,40.762233999721374],[-73.85884400036086,40.762059000176144],[-73.85861300038218,40.76195599981619],[-73.85765500013227,40.763080000131175],[-73.85839499992397,40.763476999799295],[-73.85763900023873,40.763099000251565],[-73.85683900017258,40.763999999797235],[-73.85758300016224,40.763073000192875],[-73.85667599996597,40.76265100012067],[-73.85760400007865,40.76305299987911],[-73.85817599964085,40.76239599966352],[-73.85662800028538,40.76162900017238],[-73.85819400008252,40.76237400011456],[-73.85858499989476,40.76191700007426],[-73.85627299955983,40.76090199989418],[-73.8553760003076,40.7606690003322],[-73.85520999972793,40.760910999817106],[-73.85530299961437,40.76065000019762],[-73.85466400010498,40.76017100027346],[-73.85347999989926,40.76018500008012],[-73.85158600003905,40.75935500003105],[-73.85017500005263,40.75959199970773],[-73.84930100036662,40.760242999733855],[-73.84987499957866,40.761104000138424],[-73.85207200028589,40.76039299977677],[-73.84981199982947,40.76127099981613],[-73.849166999574,40.76029699978834],[-73.8486870000733,40.760138000182835],[-73.84359399977335,40.76337099973263],[-73.843688000383,40.76361300026625],[-73.8430699998917,40.76359300011493],[-73.84304200030262,40.76432099970266],[-73.84272799958494,40.76462900003245],[-73.84052599975317,40.76538799975797],[-73.83953800026434,40.76522399999831],[-73.8394169998905,40.765428000334914],[-73.83826399964694,40.76493399982276],[-73.8369170001329,40.76276699983678],[-73.83682099987345,40.761248999894825],[-73.83715899998225,40.759997999843044],[-73.83861900037249,40.75704499993571],[-73.83791700021561,40.754540999792965],[-73.83767399964307,40.75411399975182],[-73.8370140002173,40.7540269997163],[-73.83560200040594,40.75139499969451],[-73.83229500001116,40.751941999795875],[-73.83218100020834,40.75150600024198],[-73.83301100041174,40.748125000028224],[-73.83462900008742,40.74689599996618],[-73.83567600002577,40.74485099969736],[-73.83589600013381,40.7433809997008],[-73.83784699989542,40.74333400017474],[-73.83963199997567,40.74278700004714],[-73.84863600001965,40.73855699986915],[-73.85134599983957,40.73758800004584],[-73.85886600010218,40.73593900029636],[-73.86461800000296,40.73427100032913],[-73.86582999979778,40.7366430001103],[-73.8649300001725,40.736895000271225],[-73.86500999964012,40.73709299967939],[-73.86544999985618,40.736984999951495],[-73.86723599976135,40.74175299969186],[-73.86755700015172,40.74167799978398],[-73.86747500013595,40.742356000124886],[-73.86794799996397,40.7425049998738],[-73.86795100033702,40.742990999818204],[-73.8674850001817,40.74299200030597],[-73.86749100002949,40.74330199969636],[-73.86826500015637,40.74631400020935],[-73.86867900043316,40.74619399996993],[-73.869041999758,40.74680800026425],[-73.86861999998362,40.74716900015639],[-73.86958400008132,40.748624000215166],[-73.87001599990144,40.74847200002834],[-73.8703790001246,40.74906399983607],[-73.86973899989201,40.749125999885784],[-73.87129700019155,40.75138700020583],[-73.87084199990689,40.75154499996735],[-73.87206999959521,40.753862000181044],[-73.87168499963076,40.75396100022353],[-73.87195699961731,40.75550900002558],[-73.87240699987913,40.75546600006411],[-73.87271599967558,40.756376999788586],[-73.8721259996717,40.756433000152406]]]}},{"type":"Feature","properties":{"market_area_id":"zcta:11369","zcta":"11369","zip":"11369","geography_type":"zcta","name":"11369","vintage":"2020","period_start":"2026-06-01","period_end":"2026-06-30","current_month":"2026-06-30","measure_basis":"index","gross_or_net":"unknown","statistic":"typical_observed_rent_35_65_percentile_smoothed","unit_scope":"all_units","bedroom_count":null,"source_id":"zori","source_artifact_id":"zori-zip-sfrcondomfr-sm-month","source_url":"https://www.zillow.com/research/data/","source_label":"Zillow ZORI — ZIP-level typical observed market rent (all units, smoothed)","not_a_label":"median asking rent","attribution":"Data Provided by Zillow Group","zori_missing":false,"zori_rent_usd":2700.0,"zori_all_units":true},"geometry":{"type":"Polygon","coordinates":[[[-73.88773100008648,40.76691500020923],[-73.8843190001097,40.767982000119034],[-73.87861900008745,40.770862999755714],[-73.87669599991493,40.77150200025256],[-73.87383200010925,40.77187099982937],[-73.87070399981461,40.771491000285366],[-73.86800200039065,40.7702550002872],[-73.86483999976082,40.76793799994939],[-73.8627259997926,40.76589299983231],[-73.85981699978107,40.76226300002148],[-73.8597559996817,40.76183599990902],[-73.85828899961878,40.76073300020859],[-73.85603999993131,40.75972600016731],[-73.85463999981555,40.75846599977809],[-73.85775300004155,40.75802700003428],[-73.85787400041538,40.75850099984677],[-73.85895099959266,40.75832799983315],[-73.8588889996684,40.75790000003585],[-73.86848400043948,40.75733499982917],[-73.86855600040951,40.75773300005433],[-73.87048700007966,40.75754099974054],[-73.87041400028471,40.757132000104605],[-73.87221899955813,40.75694300024966],[-73.87229200025136,40.75734900023315],[-73.87276500007938,40.757411000042545],[-73.8732029997473,40.75735699968503],[-73.87311099968579,40.756850999798175],[-73.87793000034935,40.75633899978213],[-73.87831500031383,40.75846399994859],[-73.87924500007632,40.758367999895974],[-73.87886099993676,40.75624100016676],[-73.88071899981198,40.756049000307144],[-73.8807919996069,40.75645400002146],[-73.88172200026773,40.7563579997881],[-73.88183000022275,40.75593200014201],[-73.88189799999482,40.75633899978213],[-73.88218800042306,40.75630799972501],[-73.88271899997739,40.75924400033979],[-73.88321400044502,40.7593580000753],[-73.882770000031,40.759575999980086],[-73.88349200027938,40.7643970000934],[-73.88415199970514,40.764509000188525],[-73.88427100042914,40.7651670000825],[-73.88241299965561,40.76536199991434],[-73.88276800038119,40.767312000101505],[-73.88755199998631,40.76634999974867],[-73.88773100008648,40.76691500020923]]]}},{"type":"Feature","properties":{"market_area_id":"zcta:11370","zcta":"11370","zip":"11370","geography_type":"zcta","name":"11370","vintage":"2020","period_start":"2026-06-01","period_end":"2026-06-30","current_month":"2026-06-30","measure_basis":"index","gross_or_net":"unknown","statistic":"typical_observed_rent_35_65_percentile_smoothed","unit_scope":"all_units","bedroom_count":null,"source_id":"zori","source_artifact_id":"zori-zip-sfrcondomfr-sm-month","source_url":"https://www.zillow.com/research/data/","source_label":"Zillow ZORI — ZIP-level typical observed market rent (all units, smoothed)","not_a_label":"median asking rent","attribution":"Data Provided by Zillow Group","zori_missing":false,"zori_rent_usd":2850.0,"zori_all_units":true},"geometry":{"type":"MultiPolygon","coordinates":[[[[-73.9020250000739,40.767416999885484],[-73.8980959998882,40.770638999703614],[-73.89776100015243,40.77040099988385],[-73.89650599980159,40.77135899985637],[-73.89592199964551,40.77190999985296],[-73.89593300041449,40.772408999756834],[-73.8937030000953,40.774225999771026],[-73.89656500025114,40.77624700020966],[-73.8942319999998,40.77815399975922],[-73.89286200002125,40.7771590001115],[-73.89252300008754,40.777404999972795],[-73.8914159998747,40.776338999663615],[-73.89106699989526,40.77721300002635],[-73.89017399994266,40.77785100003084],[-73.88947099996086,40.77553599994775],[-73.89019200038433,40.77364699987687],[-73.88907699977558,40.77357399994324],[-73.88942400010522,40.7730460002812],[-73.88872600014632,40.76891599997006],[-73.88825199959506,40.768658000114364],[-73.88755199998631,40.76634999974867],[-73.88276800038119,40.767312000101505],[-73.88241299965561,40.76536199991434],[-73.88427100042914,40.7651670000825],[-73.88415199970514,40.764509000188525],[-73.88349200027938,40.7643970000934],[-73.882770000031,40.759575999980086],[-73.88324500040716,40.75952600029606],[-73.88271899997739,40.75924400033979],[-73.88218800042306,40.75630799972501],[-73.88265200003023,40.756260000200676],[-73.88257900023528,40.75585399969072],[-73.89652199969514,40.75438900020266],[-73.89659799986312,40.75480699977089],[-73.89707800026216,40.75475400033091],[-73.89732299958621,40.75608899969981],[-73.8968430000855,40.756156999700984],[-73.89690800038284,40.75651099992439],[-73.89741600037095,40.75645700019663],[-73.89762800008306,40.757624999818475],[-73.89712000009494,40.75767399998503],[-73.89725599963906,40.758420999857094],[-73.8977379996879,40.75837899999411],[-73.89796600019186,40.75962900033895],[-73.89748699961774,40.75968199997509],[-73.89771900031964,40.76097599967766],[-73.89655100000745,40.76308199982181],[-73.89509700036331,40.76435700025668],[-73.89432400006132,40.76614600020109],[-73.9020250000739,40.767416999885484]]],[[[-73.8919359995584,40.796705000089155],[-73.89088600014529,40.79777899997763],[-73.89012000041431,40.79800399997723],[-73.889141000248,40.79779100001495],[-73.88789000009513,40.79840400005805],[-73.88683399993593,40.798037000302934],[-73.88292900003967,40.795288999705],[-73.87818100041953,40.79440999992352],[-73.87592299961295,40.79315300011362],[-73.875300999822,40.79239600013006],[-73.87436100001375,40.79185899996155],[-73.87257900030656,40.79122500025604],[-73.87140799962131,40.790284999806474],[-73.87079500005122,40.78792900008681],[-73.87163100010238,40.78679800028687],[-73.87280899956201,40.785903000130105],[-73.87653100005848,40.78583700032267],[-73.87830699991792,40.78535699981199],[-73.88830699984663,40.78700599966299],[-73.88940499983865,40.78779100011108],[-73.89030100016427,40.789877000158384],[-73.89079999993156,40.7902080000048],[-73.89197400009152,40.790235999881205],[-73.8923509996601,40.79077300025376],[-73.89276599976178,40.792835999714576],[-73.8919359995584,40.796705000089155]]]]}},{"type":"Feature","properties":{"market_area_id":"zcta:11371","zcta":"11371","zip":"11371","geography_type":"zcta","name":"11371","vintage":"2020","period_start":null,"period_end":null,"current_month":"2026-06-30","measure_basis":"index","gross_or_net":"unknown","statistic":"typical_observed_rent_35_65_percentile_smoothed","unit_scope":"all_units","bedroom_count":null,"source_id":"zori","source_artifact_id":"zori-zip-sfrcondomfr-sm-month","source_url":"https://www.zillow.com/research/data/","source_label":"Zillow ZORI — ZIP-level typical observed market rent (all units, smoothed)","not_a_label":"median asking rent","attribution":"Data Provided by Zillow Group","zori_missing":true,"zori_rent_usd":null,"zori_all_units":true},"geometry":{"type":"Polygon","coordinates":[[[-73.88907699977558,40.77357399994324],[-73.88580799991396,40.774021999911696],[-73.88583399985322,40.77410900030846],[-73.88568300024049,40.77412499993895],[-73.88571199965449,40.77432200004831],[-73.88562700016399,40.774437999801414],[-73.88563200018685,40.77409700007286],[-73.88578500034775,40.77402499997419],[-73.88391599970358,40.77413300009294],[-73.8845519997382,40.774360999993796],[-73.88484100034152,40.77498600009578],[-73.88477400039437,40.775332000029245],[-73.88433199963019,40.77548300002914],[-73.88524999969711,40.77861300028475],[-73.88488099962618,40.77998700004454],[-73.87960699957627,40.78085000024878],[-73.87870600012607,40.780586000266034],[-73.87905099990759,40.78173099977332],[-73.87930899965045,40.78185400019493],[-73.87833899970495,40.78302599992013],[-73.87514500018641,40.78151600016505],[-73.87124899961265,40.78603799974831],[-73.8697809997248,40.7853379999344],[-73.86923500010184,40.78596999971294],[-73.86987000031158,40.78508599971882],[-73.8694629997075,40.78372299999152],[-73.86866400036455,40.78378399980974],[-73.86942300042283,40.78359100005936],[-73.87048000040694,40.78230599968802],[-73.8714629998729,40.782125999770855],[-73.87255699966693,40.78082099989741],[-73.85504800024455,40.772037000294475],[-73.85645800040606,40.770320999930256],[-73.85736300005422,40.7705890001781],[-73.8582049999532,40.77032300008336],[-73.8562130001837,40.76919600020422],[-73.85624599979565,40.76888599975353],[-73.85704800040995,40.769139999707505],[-73.8576779996985,40.76827599966976],[-73.8593749999152,40.76707500005694],[-73.86085500039694,40.76693200033894],[-73.86110300009403,40.76727199997816],[-73.86131399998125,40.766941000125655],[-73.86268899998267,40.76687599997537],[-73.86043299972422,40.763869000310244],[-73.8609370004127,40.76372899966419],[-73.86312300035095,40.7663019999915],[-73.86598299995866,40.768859999917765],[-73.86883099987081,40.77073300026081],[-73.87184600018755,40.77174200032094],[-73.87520100026289,40.77177099987366],[-73.8778759999227,40.77115099978215],[-73.8843190001097,40.767982000119034],[-73.88773100008648,40.76691500020923],[-73.88825199959506,40.768658000114364],[-73.88872600014632,40.76891599997006],[-73.88942400010522,40.7730460002812],[-73.88907699977558,40.77357399994324]]]}},{"type":"Feature","properties":{"market_area_id":"zcta:11372","zcta":"11372","zip":"11372","geography_type":"zcta","name":"11372","vintage":"2020","period_start":"2026-06-01","period_end":"2026-06-30","current_month":"2026-06-30","measure_basis":"index","gross_or_net":"unknown","statistic":"typical_observed_rent_35_65_percentile_smoothed","unit_scope":"all_units","bedroom_count":null,"source_id":"zori","source_artifact_id":"zori-zip-sfrcondomfr-sm-month","source_url":"https://www.zillow.com/research/data/","source_label":"Zillow ZORI — ZIP-level typical observed market rent (all units, smoothed)","not_a_label":"median asking rent","attribution":"Data Provided by Zillow Group","zori_missing":false,"zori_rent_usd":2592.83,"zori_all_units":true},"geometry":{"type":"Polygon","coordinates":[[[-73.89712199974475,40.75048000029798],[-73.89579899962186,40.75062000026666],[-73.89626300012735,40.752953000014294],[-73.89673299958234,40.752909000102605],[-73.89692699975109,40.753931000061286],[-73.89644700025038,40.75397800026411],[-73.89652199969514,40.75438900020266],[-73.88257900023528,40.75585399969072],[-73.88265200003023,40.756260000200676],[-73.88189799999482,40.75633899978213],[-73.88164799974956,40.75595199987659],[-73.88172200026773,40.7563579997881],[-73.8807919996069,40.75645400002146],[-73.88071899981198,40.756049000307144],[-73.87886099993676,40.75624100016676],[-73.87924500007632,40.758367999895974],[-73.87831500031383,40.75846399994859],[-73.87793000034935,40.75633899978213],[-73.87311099968579,40.756850999798175],[-73.8732029997473,40.75735699968503],[-73.87229200025136,40.75734900023315],[-73.8721259996717,40.756433000152406],[-73.87271599967558,40.756376999788586],[-73.87240699987913,40.75546600006411],[-73.87195699961731,40.75550900002558],[-73.87168499963076,40.75396100022353],[-73.87206999959521,40.753862000181044],[-73.87084199990689,40.75154499996735],[-73.87129700019155,40.75138700020583],[-73.86973899989201,40.749125999885784],[-73.8718289995708,40.748553999867845],[-73.87237300044222,40.74885199984387],[-73.8784059996521,40.748215999895514],[-73.87889199989893,40.74763900016921],[-73.87983900027817,40.74806199999484],[-73.88299900035986,40.74773400032572],[-73.88294699958301,40.747468999693695],[-73.88388100044179,40.74732699973207],[-73.88393599979507,40.747629999810634],[-73.89050100018083,40.746941999949584],[-73.89036599956329,40.746230999891026],[-73.89139300030848,40.74664799995116],[-73.89227100019245,40.746492000313154],[-73.89232100042118,40.74675299971094],[-73.89444700008497,40.74653499995324],[-73.89565899987979,40.74847299975316],[-73.89635900038684,40.748769999691355],[-73.89720499958544,40.75019800007878],[-73.89712199974475,40.75048000029798]]]}},{"type":"Feature","properties":{"market_area_id":"zcta:11373","zcta":"11373","zip":"11373","geography_type":"zcta","name":"11373","vintage":"2020","period_start":"2026-06-01","period_end":"2026-06-30","current_month":"2026-06-30","measure_basis":"index","gross_or_net":"unknown","statistic":"typical_observed_rent_35_65_percentile_smoothed","unit_scope":"all_units","bedroom_count":null,"source_id":"zori","source_artifact_id":"zori-zip-sfrcondomfr-sm-month","source_url":"https://www.zillow.com/research/data/","source_label":"Zillow ZORI — ZIP-level typical observed market rent (all units, smoothed)","not_a_label":"median asking rent","attribution":"Data Provided by Zillow Group","zori_missing":false,"zori_rent_usd":2723.42,"zori_all_units":true},"geometry":{"type":"Polygon","coordinates":[[[-73.8918290003266,40.746551999850766],[-73.89036599956329,40.746230999891026],[-73.89050100018083,40.746941999949584],[-73.88393599979507,40.747629999810634],[-73.88388100044179,40.74732699973207],[-73.88294699958301,40.747468999693695],[-73.88299900035986,40.74773400032572],[-73.87983900027817,40.74806199999484],[-73.87889199989893,40.74763900016921],[-73.8784059996521,40.748215999895514],[-73.87237300044222,40.74885199984387],[-73.8718289995708,40.748553999867845],[-73.87029299991087,40.748924999712024],[-73.87001599990144,40.74847200002834],[-73.86958400008132,40.748624000215166],[-73.86861999998362,40.74716900015639],[-73.869041999758,40.74680800026425],[-73.86867900043316,40.74619399996993],[-73.86826500015637,40.74631400020935],[-73.86749100002949,40.74330199969636],[-73.8674850001817,40.74299200030597],[-73.86795100033702,40.742990999818204],[-73.86794799996397,40.7425049998738],[-73.86747500013595,40.742356000124886],[-73.86755700015172,40.74167799978398],[-73.86723599976135,40.74175299969186],[-73.86544999985618,40.736984999951495],[-73.86500999964012,40.73709299967939],[-73.8649300001725,40.736895000271225],[-73.86582999979778,40.7366430001103],[-73.8645769999951,40.73419400027495],[-73.86903699973514,40.73284900011639],[-73.86826099995842,40.73248600017166],[-73.8693649997982,40.731146000128795],[-73.86983500015147,40.73131100020661],[-73.87035200036043,40.73048499981506],[-73.87088299991478,40.730287999799515],[-73.87107500043369,40.72998299967893],[-73.87075400004332,40.72986799995126],[-73.87148899981216,40.72948499988089],[-73.87142900043602,40.729247999771225],[-73.8752370002479,40.73072400026719],[-73.88038999992399,40.7289050003036],[-73.88516500020663,40.7284239996916],[-73.88720499965667,40.72786899990186],[-73.88756000038224,40.73019699990988],[-73.88805999997443,40.7300869998771],[-73.88817799997523,40.73119500006672],[-73.88863999993258,40.73120499991069],[-73.88870799970464,40.7319080001517],[-73.88825300031829,40.731896999758746],[-73.8885229997567,40.734531000101114],[-73.88936200018092,40.735838000140284],[-73.89137900006479,40.735918000074335],[-73.88880200031429,40.73653100003492],[-73.8908869999702,40.74068699990278],[-73.89027799969975,40.740759999885434],[-73.89054700021158,40.74151300023353],[-73.89133700023199,40.7414199997001],[-73.89174599958758,40.74213800024711],[-73.89069799982431,40.742260999772725],[-73.89151200013417,40.744920000080825],[-73.89106500024543,40.74496600006988],[-73.89115399993389,40.74542799979321],[-73.89160400019568,40.745382999894964],[-73.8918290003266,40.746551999850766]]]}},{"type":"Feature","properties":{"market_area_id":"zcta:11374","zcta":"11374","zip":"11374","geography_type":"zcta","name":"11374","vintage":"2020","period_start":"2026-06-01","period_end":"2026-06-30","current_month":"2026-06-30","measure_basis":"index","gross_or_net":"unknown","statistic":"typical_observed_rent_35_65_percentile_smoothed","unit_scope":"all_units","bedroom_count":null,"source_id":"zori","source_artifact_id":"zori-zip-sfrcondomfr-sm-month","source_url":"https://www.zillow.com/research/data/","source_label":"Zillow ZORI — ZIP-level typical observed market rent (all units, smoothed)","not_a_label":"median asking rent","attribution":"Data Provided by Zillow Group","zori_missing":false,"zori_rent_usd":3085.24,"zori_all_units":true},"geometry":{"type":"Polygon","coordinates":[[[-73.87213499989254,40.72931900002765],[-73.87160599998802,40.72911199980679],[-73.87148899981216,40.72948499988089],[-73.87075400004332,40.72986799995126],[-73.87107500043369,40.72998299967893],[-73.87035200036043,40.73048499981506],[-73.86983500015147,40.73131100020661],[-73.8693649997982,40.731146000128795],[-73.86826099995842,40.73248600017166],[-73.86903699973514,40.73284900011639],[-73.85942799961865,40.73578900021825],[-73.85418100023124,40.736953999719915],[-73.85391099989448,40.73631599984796],[-73.85615200008432,40.73564799974121],[-73.85470000008999,40.73282900024037],[-73.85434400043785,40.732969999884794],[-73.85390099984875,40.73242700016418],[-73.85216400034739,40.73294700017074],[-73.85182100021571,40.7322820001774],[-73.8535879998543,40.73175399993053],[-73.85325899996633,40.73108700029455],[-73.85147899990895,40.73161800032288],[-73.85113699960218,40.73095299998058],[-73.85288400004761,40.73042700007151],[-73.85172999997911,40.72847799971846],[-73.85177799965969,40.72769699987999],[-73.8536449997557,40.72710000027694],[-73.85462499974693,40.72568799997839],[-73.85411299956085,40.725535999797536],[-73.8548830003881,40.72426099970973],[-73.85540200024687,40.72442399966713],[-73.85710799978611,40.7217570001653],[-73.8585220001456,40.72152900025409],[-73.8572979997569,40.711465000310994],[-73.85818700040983,40.711599999967255],[-73.85754800000215,40.71076099969077],[-73.85962199978741,40.71034700029007],[-73.85975900005475,40.71184499975407],[-73.8620789998873,40.712201000088726],[-73.85963199983314,40.71359800019181],[-73.85983199984967,40.71462399979037],[-73.867659000259,40.72266099994955],[-73.86817899994266,40.72242000026219],[-73.86848000024152,40.722706000240834],[-73.86872100026595,40.723012999888205],[-73.86824400023998,40.72325599967836],[-73.86848699991423,40.72357199972313],[-73.86876800012162,40.7238210000868],[-73.86933999968383,40.72355600017919],[-73.8698369998013,40.724186999914735],[-73.86929299982818,40.724436000019985],[-73.86969899970903,40.7251460001371],[-73.871421999865,40.72546699973072],[-73.87096999995339,40.7261789998613],[-73.87128399977276,40.72704499976586],[-73.87069399976889,40.727206999668084],[-73.87113300016001,40.72837199967476],[-73.87256500006285,40.72737900027567],[-73.873589000435,40.72818499982831],[-73.87213499989254,40.72931900002765]]]}},{"type":"Feature","properties":{"market_area_id":"zcta:11375","zcta":"11375","zip":"11375","geography_type":"zcta","name":"11375","vintage":"2020","period_start":"2026-06-01","period_end":"2026-06-30","current_month":"2026-06-30","measure_basis":"index","gross_or_net":"unknown","statistic":"typical_observed_rent_35_65_percentile_smoothed","unit_scope":"all_units","bedroom_count":null,"source_id":"zori","source_artifact_id":"zori-zip-sfrcondomfr-sm-month","source_url":"https://www.zillow.com/research/data/","source_label":"Zillow ZORI — ZIP-level typical observed market rent (all units, smoothed)","not_a_label":"median asking rent","attribution":"Data Provided by Zillow Group","zori_missing":false,"zori_rent_usd":3238.34,"zori_all_units":true},"geometry":{"type":"Polygon","coordinates":[[[-73.8585220001456,40.72152900025409],[-73.85710799978611,40.7217570001653],[-73.85540200024687,40.72442399966713],[-73.8548830003881,40.72426099970973],[-73.85411299956085,40.725535999797536],[-73.85462499974693,40.72568799997839],[-73.8536449997557,40.72710000027694],[-73.85177799965969,40.72769699987999],[-73.85172999997911,40.72847799971846],[-73.85288400004761,40.73042700007151],[-73.85113699960218,40.73095299998058],[-73.85147899990895,40.73161800032288],[-73.85325899996633,40.73108700029455],[-73.8535879998543,40.73175399993053],[-73.85182100021571,40.7322820001774],[-73.85216400034739,40.73294700017074],[-73.85390099984875,40.73242700016418],[-73.85434400043785,40.732969999884794],[-73.85470000008999,40.73282900024037],[-73.85615200008432,40.73564799974121],[-73.85391099989448,40.73631599984796],[-73.85418100023124,40.736953999719915],[-73.84958199967569,40.73818600004209],[-73.83963199997567,40.74278700004714],[-73.83784699989542,40.74333400017474],[-73.83618900003677,40.7342070001666],[-73.83224499978245,40.726687999786876],[-73.82849899989483,40.72373700019948],[-73.82676700041635,40.7212900001388],[-73.82628000034462,40.719624999719166],[-73.82656999987455,40.716624000233224],[-73.82647799981301,40.71619800004566],[-73.82570500040936,40.7160630001798],[-73.8269759997554,40.71539100013369],[-73.8310959997368,40.714280999853585],[-73.83597700032466,40.7117060001663],[-73.84301600036333,40.70917600021681],[-73.84568000015247,40.70847999979325],[-73.84951700027669,40.70839199966781],[-73.85594000037221,40.706395000211046],[-73.85667699979088,40.707691999914246],[-73.8585220001456,40.72152900025409]]]}},{"type":"Feature","properties":{"market_area_id":"zcta:11377","zcta":"11377","zip":"11377","geography_type":"zcta","name":"11377","vintage":"2020","period_start":"2026-06-01","period_end":"2026-06-30","current_month":"2026-06-30","measure_basis":"index","gross_or_net":"unknown","statistic":"typical_observed_rent_35_65_percentile_smoothed","unit_scope":"all_units","bedroom_count":null,"source_id":"zori","source_artifact_id":"zori-zip-sfrcondomfr-sm-month","source_url":"https://www.zillow.com/research/data/","source_label":"Zillow ZORI — ZIP-level typical observed market rent (all units, smoothed)","not_a_label":"median asking rent","attribution":"Data Provided by Zillow Group","zori_missing":false,"zori_rent_usd":2938.66,"zori_all_units":true},"geometry":{"type":"Polygon","coordinates":[[[-73.92583399956818,40.73570599969846],[-73.92576900016917,40.73627799994845],[-73.92397200039333,40.73578399996025],[-73.923546000421,40.737894999786604],[-73.92261900013322,40.73778699999942],[-73.92243500001021,40.73869800030652],[-73.92291500040923,40.73875899993973],[-73.92273499958586,40.7396880000156],[-73.92317599962682,40.73974000003723],[-73.92304000008271,40.74043600033952],[-73.91991799963586,40.74181200027688],[-73.91483699992978,40.743454999930016],[-73.91463699991324,40.74447199994412],[-73.9153599999865,40.74455499973535],[-73.9152889998414,40.744868000025306],[-73.91503399957327,40.744840000083315],[-73.91484000030282,40.745813000173655],[-73.91530700028305,40.745863999726346],[-73.91466799987538,40.74903400018637],[-73.91015899973154,40.74850199993157],[-73.9094590001228,40.75085499972147],[-73.91195800005549,40.75539600011484],[-73.91176399988673,40.75557300010658],[-73.91261099980855,40.75597099999309],[-73.9106840003364,40.75831900024099],[-73.90988500009514,40.75794599989187],[-73.90959999968979,40.75829399993091],[-73.90913400043279,40.75826499994052],[-73.90741700012458,40.760340000027114],[-73.90779399969314,40.760518000007615],[-73.90626200023117,40.762416999690075],[-73.90586700022098,40.76223099980695],[-73.90500199985749,40.76329500020983],[-73.90524500043004,40.763686999753006],[-73.90451200031104,40.764589000335356],[-73.9028639995998,40.7638859998583],[-73.90358800039631,40.76575099975729],[-73.9021799998846,40.76731599990839],[-73.89432400006132,40.76614600020109],[-73.89509700036331,40.76435700025668],[-73.89655100000745,40.76308199982181],[-73.89771900031964,40.76097599967766],[-73.89748699961774,40.75968199997509],[-73.89796600019186,40.75962900033895],[-73.8977379996879,40.75837899999411],[-73.89725599963906,40.758420999857094],[-73.89712000009494,40.75767399998503],[-73.89762800008306,40.757624999818475],[-73.89741600037095,40.75645700019663],[-73.89690800038284,40.75651099992439],[-73.8968430000855,40.756156999700984],[-73.89732299958621,40.75608899969981],[-73.89707800026216,40.75475400033091],[-73.89659799986312,40.75480699977089],[-73.89644700025038,40.75397800026411],[-73.89692699975109,40.753931000061286],[-73.89673299958234,40.752909000102605],[-73.89626300012735,40.752953000014294],[-73.89579899962186,40.75062000026666],[-73.89730900024082,40.750458999902975],[-73.89635900038684,40.748769999691355],[-73.89565899987979,40.74847299975316],[-73.89444700008497,40.74653499995324],[-73.89232100042118,40.74675299971094],[-73.89227100019245,40.746492000313154],[-73.8918290003266,40.746551999850766],[-73.89160400019568,40.745382999894964],[-73.89115399993389,40.74542799979321],[-73.89106500024543,40.74496600006988],[-73.89151200013417,40.744920000080825],[-73.89069799982431,40.742260999772725],[-73.89174599958758,40.74213800024711],[-73.89133700023199,40.7414199997001],[-73.89054700021158,40.74151300023353],[-73.89027799969975,40.740759999885434],[-73.8908869999702,40.74068699990278],[-73.88880200031429,40.73653100003492],[-73.89137900006479,40.735918000074335],[-73.88936200018092,40.735838000140284],[-73.88856600031274,40.73459200015177],[-73.89113899986526,40.73451299991926],[-73.89121199966021,40.733641000176085],[-73.8916829998384,40.73360300011005],[-73.89213399992511,40.73363599975664],[-73.89195499982497,40.734142000002336],[-73.89319099990922,40.733979000023176],[-73.89316599979486,40.733641000176085],[-73.89595900035374,40.73353199965989],[-73.89598799976774,40.733904000199274],[-73.90004699964982,40.73399000007193],[-73.90006699974128,40.73365799996574],[-73.90099599967887,40.73400900033747],[-73.90568399992287,40.7285500001399],[-73.90847300028379,40.729827999762634],[-73.91173100027477,40.729964000305905],[-73.91903800010205,40.73202099981324],[-73.92224800041245,40.734415000129395],[-73.92257300010246,40.734286000081816],[-73.92583399956818,40.73570599969846]]]}},{"type":"Feature","properties":{"market_area_id":"zcta:11378","zcta":"11378","zip":"11378","geography_type":"zcta","name":"11378","vintage":"2020","period_start":"2026-06-01","period_end":"2026-06-30","current_month":"2026-06-30","measure_basis":"index","gross_or_net":"unknown","statistic":"typical_observed_rent_35_65_percentile_smoothed","unit_scope":"all_units","bedroom_count":null,"source_id":"zori","source_artifact_id":"zori-zip-sfrcondomfr-sm-month","source_url":"https://www.zillow.com/research/data/","source_label":"Zillow ZORI — ZIP-level typical observed market rent (all units, smoothed)","not_a_label":"median asking rent","attribution":"Data Provided by Zillow Group","zori_missing":false,"zori_rent_usd":2718.17,"zori_all_units":true},"geometry":{"type":"Polygon","coordinates":[[[-73.93441699966269,40.734883999809455],[-73.93477999988585,40.73555399993783],[-73.9316139999564,40.73682599973055],[-73.92672300022112,40.735905999750045],[-73.92403500014252,40.73509799993364],[-73.92257300010246,40.734286000081816],[-73.92224800041245,40.734415000129395],[-73.91903800010205,40.73202099981324],[-73.91173100027477,40.729964000305905],[-73.90847300028379,40.729827999762634],[-73.90568399992287,40.7285500001399],[-73.90099599967887,40.73400900033747],[-73.90006699974128,40.73365799996574],[-73.90004699964982,40.73399000007193],[-73.89598799976774,40.733904000199274],[-73.89595900035374,40.73353199965989],[-73.89316599979486,40.733641000176085],[-73.89319099990922,40.733979000023176],[-73.89195499982497,40.734142000002336],[-73.89213399992511,40.73363599975664],[-73.8916829998384,40.73360300011005],[-73.89121199966021,40.733641000176085],[-73.89113899986526,40.73451299991926],[-73.88856600031274,40.73459200015177],[-73.88825300031829,40.731896999758746],[-73.88870799970464,40.7319080001517],[-73.88863999993258,40.73120499991069],[-73.88817799997523,40.73119500006672],[-73.88805999997443,40.7300869998771],[-73.88756000038224,40.73019699990988],[-73.88720100035704,40.72861200025127],[-73.88724099964169,40.72740199987202],[-73.88776500042167,40.727110000055575],[-73.88774699998,40.72652800009203],[-73.88817899980013,40.726520000335455],[-73.88817299995235,40.72616699982278],[-73.88713299968667,40.726141999678795],[-73.88705900006683,40.724034999709716],[-73.88764099967479,40.723794000231855],[-73.8861989997262,40.72216000014361],[-73.88668199959997,40.72195499968752],[-73.88643899992573,40.72165199975676],[-73.89115999978166,40.719459999942735],[-73.89142300044571,40.719784999668896],[-73.89275300024131,40.71915399973277],[-73.89471400004868,40.72182100004775],[-73.89444500043514,40.72200900019768],[-73.89497199979152,40.72282399974058],[-73.89426799998482,40.72314200000498],[-73.89569700041292,40.7234130001273],[-73.89582399973621,40.72389899998454],[-73.89835299980614,40.723112000237606],[-73.89902900002375,40.72384099994712],[-73.90010600009936,40.723295999732485],[-73.89981599967112,40.72123699986025],[-73.89739700010436,40.721550999700256],[-73.89736899961696,40.72048199985222],[-73.90009299968055,40.720176999724515],[-73.90062599978305,40.71976399979532],[-73.90033899972785,40.71801999994595],[-73.89834799978327,40.719198000187745],[-73.89726800023294,40.71814699984631],[-73.89901800015309,40.71738200031876],[-73.89750199968636,40.716384000002556],[-73.89796500036694,40.71655799971134],[-73.90062499995811,40.715312999798435],[-73.90087199983031,40.71476000008207],[-73.90477199970373,40.71286599987304],[-73.90480799968873,40.713327000283606],[-73.9054100002865,40.71303000007471],[-73.90687300015145,40.7133030003366],[-73.90692199965696,40.71294800002437],[-73.90801100032644,40.713012999781924],[-73.90797500034141,40.713415000015424],[-73.90930500013701,40.71345900017822],[-73.90946900016854,40.71385400008938],[-73.91069799968179,40.71326899988614],[-73.91215100039933,40.71386899967781],[-73.91248799978491,40.713297000178265],[-73.91303799960582,40.71333200018639],[-73.91287199992449,40.7136069997075],[-73.91320400018549,40.713805999885686],[-73.91348299984475,40.713532000074586],[-73.91415700041254,40.713919000324275],[-73.91442799967587,40.71364099998537],[-73.91495400010565,40.71394300004926],[-73.91566299993521,40.71346899996353],[-73.9240400001654,40.71400800019728],[-73.92432700022059,40.71556799969133],[-73.92273899978382,40.71615799981134],[-73.92271100019471,40.716478000332145],[-73.92427799981681,40.718536000172755],[-73.92417999990748,40.72001999981266],[-73.92534400002174,40.72163800000748],[-73.9278010001216,40.72649400026901],[-73.92905800012227,40.727688000226735],[-73.92751200041661,40.72912199996384],[-73.92855000013415,40.72935899984151],[-73.93163900007073,40.729223000103985],[-73.93539400017916,40.73176800027476],[-73.93742000028386,40.73376199986551],[-73.93441699966269,40.734883999809455]]]}},{"type":"Feature","properties":{"market_area_id":"zcta:11379","zcta":"11379","zip":"11379","geography_type":"zcta","name":"11379","vintage":"2020","period_start":"2026-06-01","period_end":"2026-06-30","current_month":"2026-06-30","measure_basis":"index","gross_or_net":"unknown","statistic":"typical_observed_rent_35_65_percentile_smoothed","unit_scope":"all_units","bedroom_count":null,"source_id":"zori","source_artifact_id":"zori-zip-sfrcondomfr-sm-month","source_url":"https://www.zillow.com/research/data/","source_label":"Zillow ZORI — ZIP-level typical observed market rent (all units, smoothed)","not_a_label":"median asking rent","attribution":"Data Provided by Zillow Group","zori_missing":false,"zori_rent_usd":2700.0,"zori_all_units":true},"geometry":{"type":"Polygon","coordinates":[[[-73.90115800006059,40.714622000004354],[-73.90062499995811,40.715312999798435],[-73.89796500036694,40.71655799971134],[-73.89750199968636,40.716384000002556],[-73.89901800015309,40.71738200031876],[-73.89726800023294,40.71814699984631],[-73.89834799978327,40.719198000187745],[-73.90033899972785,40.71801999994595],[-73.90062599978305,40.71976399979532],[-73.90009299968055,40.720176999724515],[-73.89736899961696,40.72048199985222],[-73.89739700010436,40.721550999700256],[-73.89981599967112,40.72123699986025],[-73.90010600009936,40.723295999732485],[-73.89902900002375,40.72384099994712],[-73.89835299980614,40.723112000237606],[-73.89582399973621,40.72389899998454],[-73.89569700041292,40.7234130001273],[-73.89426799998482,40.72314200000498],[-73.89497199979152,40.72282399974058],[-73.89444500043514,40.72200900019768],[-73.89471400004868,40.72182100004775],[-73.89275300024131,40.71915399973277],[-73.89142300044571,40.719784999668896],[-73.89115999978166,40.719459999942735],[-73.88643899992573,40.72165199975676],[-73.88668199959997,40.72195499968752],[-73.8861989997262,40.72216000014361],[-73.88764099967479,40.723794000231855],[-73.88705900006683,40.724034999709716],[-73.88713299968667,40.726141999678795],[-73.88817299995235,40.72616699982278],[-73.88817899980013,40.726520000335455],[-73.88774699998,40.72652800009203],[-73.88776500042167,40.727110000055575],[-73.88724099964169,40.72740199987202],[-73.88720499965667,40.72786899990186],[-73.88516500020663,40.7284239996916],[-73.88038999992399,40.7289050003036],[-73.8752370002479,40.73072400026719],[-73.87142900043602,40.729247999771225],[-73.87213499989254,40.72931900002765],[-73.873589000435,40.72818499982831],[-73.87256500006285,40.72737900027567],[-73.87113300016001,40.72837199967476],[-73.87069399976889,40.727206999668084],[-73.87128399977276,40.72704499976586],[-73.87096999995339,40.7261789998613],[-73.871421999865,40.72546699973072],[-73.86969899970903,40.7251460001371],[-73.86929299982818,40.724436000019985],[-73.8698369998013,40.724186999914735],[-73.86933999968383,40.72355600017919],[-73.86876800012162,40.7238210000868],[-73.86848699991423,40.72357199972313],[-73.86824400023998,40.72325599967836],[-73.86872100026595,40.723012999888205],[-73.86848000024152,40.722706000240834],[-73.86817899994266,40.72242000026219],[-73.867659000259,40.72266099994955],[-73.86003799971401,40.714932000173256],[-73.85963199983314,40.71359800019181],[-73.86500999964012,40.710777000267264],[-73.87016499986436,40.709208000084864],[-73.87491800040567,40.70681600007938],[-73.88382799984002,40.706376999909885],[-73.88553199972944,40.70644600001653],[-73.89020099970685,40.70824699974915],[-73.90285399955407,40.7137930000941],[-73.90115800006059,40.714622000004354]]]}},{"type":"Feature","properties":{"market_area_id":"zcta:11385","zcta":"11385","zip":"11385","geography_type":"zcta","name":"11385","vintage":"2020","period_start":"2026-06-01","period_end":"2026-06-30","current_month":"2026-06-30","measure_basis":"index","gross_or_net":"unknown","statistic":"typical_observed_rent_35_65_percentile_smoothed","unit_scope":"all_units","bedroom_count":null,"source_id":"zori","source_artifact_id":"zori-zip-sfrcondomfr-sm-month","source_url":"https://www.zillow.com/research/data/","source_label":"Zillow ZORI — ZIP-level typical observed market rent (all units, smoothed)","not_a_label":"median asking rent","attribution":"Data Provided by Zillow Group","zori_missing":false,"zori_rent_usd":3436.33,"zori_all_units":true},"geometry":{"type":"Polygon","coordinates":[[[-73.9240400001654,40.71400800019728],[-73.91566299993521,40.71346899996353],[-73.91495400010565,40.71394300004926],[-73.91442799967587,40.71364099998537],[-73.91415700041254,40.713919000324275],[-73.91348299984475,40.713532000074586],[-73.91320400018549,40.713805999885686],[-73.91287199992449,40.7136069997075],[-73.91303799960582,40.71333200018639],[-73.91248799978491,40.713297000178265],[-73.91215100039933,40.71386899967781],[-73.91069799968179,40.71326899988614],[-73.90946900016854,40.71385400008938],[-73.90930500013701,40.71345900017822],[-73.90797500034141,40.713415000015424],[-73.90801100032644,40.713012999781924],[-73.90692199965696,40.71294800002437],[-73.90687300015145,40.7133030003366],[-73.9054100002865,40.71303000007471],[-73.90480799968873,40.713327000283606],[-73.90489499972736,40.71285700025717],[-73.90285399955407,40.7137930000941],[-73.89020099970685,40.70824699974915],[-73.88553199972944,40.70644600001653],[-73.88382799984002,40.706376999909885],[-73.87491800040567,40.70681600007938],[-73.87016499986436,40.709208000084864],[-73.86500999964012,40.710777000267264],[-73.8620789998873,40.712201000088726],[-73.85975900005475,40.71184499975407],[-73.85962199978741,40.71034700029007],[-73.85802800040116,40.71050399986247],[-73.85754800000215,40.71076099969077],[-73.85818700040983,40.711599999967255],[-73.8572979997569,40.711465000310994],[-73.85667699979088,40.707691999914246],[-73.85594000037221,40.706395000211046],[-73.85474600012074,40.706766999898385],[-73.85453299968543,40.70655999968077],[-73.85434699991258,40.705405999946905],[-73.8547340004252,40.70524499979668],[-73.85369199961137,40.70431499994452],[-73.85215099992858,40.702250999996245],[-73.8552929995686,40.70259600007633],[-73.8552919997437,40.70184399970246],[-73.85691399961733,40.70188500010746],[-73.85702800031848,40.70116999966024],[-73.85857900004699,40.701237999959666],[-73.8581499997016,40.702897999838484],[-73.8632539998722,40.70339200013695],[-73.86915599956082,40.70289299983326],[-73.86911600027616,40.70160399999848],[-73.8695199996089,40.701405999881075],[-73.86931399974458,40.699355000255984],[-73.87080199972392,40.69787699992248],[-73.86891700008454,40.695149999926876],[-73.87402100025513,40.694191000113555],[-73.87945599996355,40.69123100013949],[-73.8837769997864,40.687863000301476],[-73.88451699957811,40.68669100003838],[-73.88808300043898,40.68529400024152],[-73.88960700040333,40.68421399996831],[-73.89013999960748,40.68500500033866],[-73.89252300008754,40.68342399976808],[-73.89420000021276,40.68530900013152],[-73.89651800039549,40.68239699974652],[-73.90116200025854,40.68787800029445],[-73.90042499994158,40.68818399982327],[-73.90180499996588,40.69076599970608],[-73.90124099990126,40.691438000316914],[-73.90580000027384,40.69412800009508],[-73.90426000041596,40.695700000204],[-73.91180800026765,40.69993799987965],[-73.91067900031352,40.70104600001707],[-73.91290399971155,40.70236200014001],[-73.91180700044276,40.703434999711156],[-73.921891999862,40.70939599976509],[-73.92074500036452,40.71053000004654],[-73.92154600025559,40.711043000265995],[-73.92223300034384,40.712854000157975],[-73.9240400001654,40.71400800019728]]]}},{"type":"Feature","properties":{"market_area_id":"zcta:11411","zcta":"11411","zip":"11411","geography_type":"zcta","name":"11411","vintage":"2020","period_start":null,"period_end":null,"current_month":"2026-06-30","measure_basis":"index","gross_or_net":"unknown","statistic":"typical_observed_rent_35_65_percentile_smoothed","unit_scope":"all_units","bedroom_count":null,"source_id":"zori","source_artifact_id":"zori-zip-sfrcondomfr-sm-month","source_url":"https://www.zillow.com/research/data/","source_label":"Zillow ZORI — ZIP-level typical observed market rent (all units, smoothed)","not_a_label":"median asking rent","attribution":"Data Provided by Zillow Group","zori_missing":true,"zori_rent_usd":null,"zori_all_units":true},"geometry":{"type":"Polygon","coordinates":[[[-73.74915200021799,40.701451000238016],[-73.74330700043078,40.702960000008055],[-73.74315900029276,40.702575999962605],[-73.74240000023448,40.7027869999069],[-73.74247600040246,40.70261800033081],[-73.74204600023218,40.70251199996677],[-73.74220799971556,40.702136000026464],[-73.74114300023383,40.70180800004035],[-73.7404300002063,40.70195900017647],[-73.74040900028992,40.70230899977538],[-73.7306799996245,40.70200900023178],[-73.73069700024125,40.70165400032026],[-73.73044899964583,40.7016470000459],[-73.73042899955435,40.702006000324864],[-73.72772399975733,40.701924000319714],[-73.72751600024318,40.69719599986271],[-73.7265035857509,40.696886242264],[-73.7258657347451,40.683224278877425],[-73.73222000038069,40.6851209999034],[-73.73240299978048,40.68467099978327],[-73.73383999970619,40.68504400021482],[-73.73360000040499,40.68552900017436],[-73.73744199965375,40.68670099975584],[-73.73758499976888,40.68640799991946],[-73.74744999997843,40.68935100005413],[-73.74721999982465,40.689715000157726],[-73.74771899959192,40.689940000256584],[-73.746808000096,40.6914450003018],[-73.74624300020646,40.69127900026753],[-73.74602999977114,40.69156000033751],[-73.74645900011653,40.69173799978812],[-73.74559899977592,40.692960999747996],[-73.74617299988627,40.69309000019765],[-73.74636299985707,40.69349100026973],[-73.74604900003771,40.69358000019968],[-73.74607900017497,40.69494199985488],[-73.74667500002661,40.69557999994879],[-73.7460259995732,40.69575699972168],[-73.74681899996665,40.697524999892664],[-73.74732699995477,40.697391000120085],[-73.74824800039475,40.69941700031826],[-73.74854799997041,40.70010700012617],[-73.7480409998072,40.70023899966585],[-73.74832899968729,40.70088699974152],[-73.74884800044438,40.700752999921235],[-73.74915200021799,40.701451000238016]]]}},{"type":"Feature","properties":{"market_area_id":"zcta:11412","zcta":"11412","zip":"11412","geography_type":"zcta","name":"11412","vintage":"2020","period_start":"2026-06-01","period_end":"2026-06-30","current_month":"2026-06-30","measure_basis":"index","gross_or_net":"unknown","statistic":"typical_observed_rent_35_65_percentile_smoothed","unit_scope":"all_units","bedroom_count":null,"source_id":"zori","source_artifact_id":"zori-zip-sfrcondomfr-sm-month","source_url":"https://www.zillow.com/research/data/","source_label":"Zillow ZORI — ZIP-level typical observed market rent (all units, smoothed)","not_a_label":"median asking rent","attribution":"Data Provided by Zillow Group","zori_missing":false,"zori_rent_usd":3244.44,"zori_all_units":true},"geometry":{"type":"Polygon","coordinates":[[[-73.77546499966783,40.7053190002186],[-73.77418099990301,40.705086999706516],[-73.76725099964426,40.70631300016153],[-73.76734400042899,40.7066360000295],[-73.76688900014435,40.706746000004294],[-73.76700200012223,40.707092000300506],[-73.76535500013424,40.70748699984839],[-73.76521500039215,40.707149999949884],[-73.75246000043768,40.71031700020388],[-73.75230999975155,40.70995399992823],[-73.75275599981538,40.709850000274336],[-73.75181500018223,40.707576999805546],[-73.75136800029347,40.70768199994225],[-73.75077400009164,40.706321999980936],[-73.75128399972957,40.70619000023853],[-73.75007100010987,40.70347900033945],[-73.74955600044902,40.703613000123745],[-73.74864300040497,40.701587000193776],[-73.74915200021799,40.701451000238016],[-73.74884800044438,40.700752999921235],[-73.74832899968729,40.70088699974152],[-73.7480409998072,40.70023899966585],[-73.74854799997041,40.70010700012617],[-73.74732699995477,40.697391000120085],[-73.74681899996665,40.697524999892664],[-73.7460259995732,40.69575699972168],[-73.74667500002661,40.69557999994879],[-73.74607900017497,40.69494199985488],[-73.74604900003771,40.69358000019968],[-73.74636299985707,40.69349100026973],[-73.74617299988627,40.69309000019765],[-73.74559899977592,40.692960999747996],[-73.74645900011653,40.69173799978812],[-73.74602999977114,40.69156000033751],[-73.74624300020646,40.69127900026753],[-73.746808000096,40.6914450003018],[-73.74771899959192,40.689940000256584],[-73.74812299982297,40.6901310002741],[-73.74950299984728,40.6881449997411],[-73.74992899981963,40.6888740001757],[-73.7503990001729,40.68881600027894],[-73.75363899972221,40.68761700020707],[-73.7546589998964,40.686845000288976],[-73.75496799969291,40.68733899974399],[-73.75537100009902,40.68719199970425],[-73.75507099962508,40.68669399995379],[-73.7554670003585,40.68655099974946],[-73.75566900002487,40.686873000110566],[-73.75610599986786,40.686762000043345],[-73.75756200006016,40.68624400023687],[-73.7573620000436,40.6859310000922],[-73.75817200015551,40.68562899970608],[-73.75837299999696,40.68594699982183],[-73.76072999963944,40.68509800000574],[-73.76042599986582,40.68338699966795],[-73.76061199963867,40.682775000114255],[-73.76305200002012,40.68594499985584],[-73.76620000040623,40.69218299974004],[-73.765393999594,40.69206499974388],[-73.76521399966893,40.69278900012219],[-73.76929400036572,40.696650000328205],[-73.76989500024021,40.6963590003013],[-73.77212100036145,40.69869899988463],[-73.77322199982818,40.70023599967923],[-73.77297900015392,40.70038100001364],[-73.77526899984926,40.70411899981557],[-73.77569300017178,40.70512899985328],[-73.77546499966783,40.7053190002186]]]}},{"type":"Feature","properties":{"market_area_id":"zcta:11413","zcta":"11413","zip":"11413","geography_type":"zcta","name":"11413","vintage":"2020","period_start":"2026-06-01","period_end":"2026-06-30","current_month":"2026-06-30","measure_basis":"index","gross_or_net":"unknown","statistic":"typical_observed_rent_35_65_percentile_smoothed","unit_scope":"all_units","bedroom_count":null,"source_id":"zori","source_artifact_id":"zori-zip-sfrcondomfr-sm-month","source_url":"https://www.zillow.com/research/data/","source_label":"Zillow ZORI — ZIP-level typical observed market rent (all units, smoothed)","not_a_label":"median asking rent","attribution":"Data Provided by Zillow Group","zori_missing":false,"zori_rent_usd":3174.83,"zori_all_units":true},"geometry":{"type":"Polygon","coordinates":[[[-73.76818899980269,40.66173800018048],[-73.7654999998992,40.661663999738266],[-73.76353200041915,40.666287000205664],[-73.76713000016875,40.666696000188935],[-73.76675400042511,40.66743300017888],[-73.76364500039705,40.667166999796024],[-73.76344899968016,40.66800400011216],[-73.7637619996746,40.668050000112395],[-73.76377699974321,40.66835499979988],[-73.76355300033555,40.668959999933385],[-73.7629380002173,40.66921899970355],[-73.76288399979063,40.66946100000565],[-73.76335699961865,40.66949400010266],[-73.76312399999016,40.6704960000422],[-73.76261500017712,40.670802999864364],[-73.76293400001936,40.67181300009101],[-73.76225100012906,40.67194300010845],[-73.76404700007996,40.67284700023306],[-73.7636770001841,40.67474600000209],[-73.76203199984593,40.673953000197706],[-73.76091499958736,40.67443700030897],[-73.7611489999391,40.67476399999296],[-73.75950899962379,40.67544699999348],[-73.75925000005601,40.67509500001909],[-73.75805699962949,40.675585000165306],[-73.75800399992602,40.676281000233324],[-73.75982499999128,40.67896999997346],[-73.75804699958373,40.6792209997039],[-73.76061199963867,40.682775000114255],[-73.76042599986582,40.68338699966795],[-73.76072999963944,40.68509800000574],[-73.75837299999696,40.68594699982183],[-73.75817200015551,40.68562899970608],[-73.7573620000436,40.6859310000922],[-73.75756200006016,40.68624400023687],[-73.75610599986786,40.686762000043345],[-73.75566900002487,40.686873000110566],[-73.7554670003585,40.68655099974946],[-73.75507099962508,40.68669399995379],[-73.75537100009902,40.68719199970425],[-73.75496799969291,40.68733899974399],[-73.7546589998964,40.686845000288976],[-73.75363899972221,40.68761700020707],[-73.7503990001729,40.68881600027894],[-73.74992899981963,40.6888740001757],[-73.74950299984728,40.6881449997411],[-73.74812299982297,40.6901310002741],[-73.74721999982465,40.689715000157726],[-73.74744999997843,40.68935100005413],[-73.74722700039564,40.68926000005811],[-73.73758499976888,40.68640799991946],[-73.73744199965375,40.68670099975584],[-73.73360000040499,40.68552900017436],[-73.73383999970619,40.68504400021482],[-73.73240299978048,40.68467099978327],[-73.7340020000879,40.68042599998264],[-73.73416000027164,40.68011800011746],[-73.7345929999167,40.68023400001255],[-73.73524300019501,40.67897499973035],[-73.73481499967454,40.678846999977615],[-73.73524599966977,40.67805199969832],[-73.73567300036534,40.67819100002745],[-73.73667500009788,40.6763849998388],[-73.73625699962312,40.676249999664506],[-73.73693200001581,40.67492500022538],[-73.73728699984306,40.674586000172155],[-73.73755800000471,40.67468400014765],[-73.7422189995862,40.667225000133925],[-73.74179099996402,40.66707600017459],[-73.74193499990409,40.66684500031584],[-73.74080400030012,40.66684400004632],[-73.74117800039393,40.666403000317445],[-73.73855899991233,40.66639700002294],[-73.73954999977418,40.66525600006792],[-73.74281899963582,40.66530599972718],[-73.74413500008602,40.66342099999601],[-73.74487499987774,40.66368999991639],[-73.74683800023323,40.66075199981393],[-73.74692699992167,40.65899900030967],[-73.7475060000549,40.65915600026738],[-73.74858099958237,40.65758700014532],[-73.74701200031049,40.65736999976407],[-73.74855299999328,40.656183999856744],[-73.74812700002092,40.65462900023748],[-73.74892500043727,40.65343200026672],[-73.74804400018026,40.652508999693985],[-73.74654899962992,40.65255399967387],[-73.74643400000218,40.65148400018718],[-73.74587300031062,40.650435999660274],[-73.74645099972061,40.650167999973156],[-73.74653299973639,40.64972400018789],[-73.74621999974194,40.64961800020452],[-73.74635000033659,40.64930400001139],[-73.74609599989337,40.649049999881235],[-73.74642399995643,40.64814200010787],[-73.74834999960369,40.64535800023911],[-73.76735299975154,40.656159999768526],[-73.76582399976431,40.65630400016829],[-73.7661550002004,40.65855099978786],[-73.76766999994392,40.65841799973523],[-73.76796399967179,40.66034799996881],[-73.76615900039836,40.660084999699336],[-73.7660299996286,40.66039199974683],[-73.7666489999448,40.66053799991735],[-73.76622100032263,40.661065999967],[-73.76806800032718,40.661002000307455],[-73.76818899980269,40.66173800018048]]]}},{"type":"Feature","properties":{"market_area_id":"zcta:11414","zcta":"11414","zip":"11414","geography_type":"zcta","name":"11414","vintage":"2020","period_start":"2026-06-01","period_end":"2026-06-30","current_month":"2026-06-30","measure_basis":"index","gross_or_net":"unknown","statistic":"typical_observed_rent_35_65_percentile_smoothed","unit_scope":"all_units","bedroom_count":null,"source_id":"zori","source_artifact_id":"zori-zip-sfrcondomfr-sm-month","source_url":"https://www.zillow.com/research/data/","source_label":"Zillow ZORI — ZIP-level typical observed market rent (all units, smoothed)","not_a_label":"median asking rent","attribution":"Data Provided by Zillow Group","zori_missing":false,"zori_rent_usd":2879.17,"zori_all_units":true},"geometry":{"type":"Polygon","coordinates":[[[-73.86317100003153,40.65827700032245],[-73.86035999992929,40.659646000328664],[-73.85761499994929,40.6601190000361],[-73.85843000008407,40.66345300003577],[-73.85568500010409,40.663866999890324],[-73.85763300039098,40.67165599994692],[-73.86038900024161,40.67126900010916],[-73.8613180001792,40.67502100009003],[-73.84257199994933,40.66928399988787],[-73.842181999962,40.6687089997277],[-73.84110200041164,40.66850199981906],[-73.8407609999298,40.66872399994297],[-73.8382610001722,40.66797099995918],[-73.83835700043167,40.667635000073325],[-73.83790600034496,40.66751100002849],[-73.83487699978453,40.66721200010952],[-73.8333119998123,40.66675900024663],[-73.82986999969832,40.65996700011978],[-73.82871200033017,40.65706000023416],[-73.82641000004097,40.64826100002201],[-73.82672700023338,40.648756000337286],[-73.82887200016373,40.649357000273554],[-73.83001199998853,40.65091699989844],[-73.83093699972815,40.651626000142144],[-73.8312919995554,40.653471000211375],[-73.83217500036056,40.65336100020416],[-73.83107700036857,40.648526000282615],[-73.83166900002226,40.64797199976508],[-73.8346009996,40.648120000272364],[-73.83556700024582,40.64845700017978],[-73.83599999989087,40.64934500002498],[-73.83681300037584,40.64924900000353],[-73.83592299989799,40.645500000279476],[-73.83980400040312,40.64524699989636],[-73.84039799970664,40.644887999918446],[-73.84609799972891,40.644312000145746],[-73.84922299965051,40.64433100009676],[-73.85137199977882,40.64538200012317],[-73.85269800027476,40.646917000083015],[-73.85202000040735,40.64866699985603],[-73.85091499984433,40.6492580000327],[-73.85060199984987,40.65028300033694],[-73.8492720000543,40.65123099999853],[-73.84987299992883,40.6515060002768],[-73.85230200043964,40.650529999671896],[-73.85299399965245,40.65051500013568],[-73.85592399958038,40.651276999980254],[-73.85668299963866,40.652770000245425],[-73.85700499985394,40.65296600010847],[-73.85772299990433,40.65272600021094],[-73.85825199980884,40.65297799970583],[-73.85930600031823,40.654971999945175],[-73.8596700003663,40.655188000185454],[-73.86048299995294,40.65465900018291],[-73.86219299969012,40.65682899976001],[-73.86317100003153,40.65827700032245]]]}},{"type":"Feature","properties":{"market_area_id":"zcta:11415","zcta":"11415","zip":"11415","geography_type":"zcta","name":"11415","vintage":"2020","period_start":"2026-06-01","period_end":"2026-06-30","current_month":"2026-06-30","measure_basis":"index","gross_or_net":"unknown","statistic":"typical_observed_rent_35_65_percentile_smoothed","unit_scope":"all_units","bedroom_count":null,"source_id":"zori","source_artifact_id":"zori-zip-sfrcondomfr-sm-month","source_url":"https://www.zillow.com/research/data/","source_label":"Zillow ZORI — ZIP-level typical observed market rent (all units, smoothed)","not_a_label":"median asking rent","attribution":"Data Provided by Zillow Group","zori_missing":false,"zori_rent_usd":2772.33,"zori_all_units":true},"geometry":{"type":"Polygon","coordinates":[[[-73.83597700032466,40.7117060001663],[-73.8310959997368,40.714280999853585],[-73.8269759997554,40.71539100013369],[-73.82570500040936,40.7160630001798],[-73.82395499959088,40.71285299989794],[-73.82066200033813,40.70986899994168],[-73.81945899986583,40.70839600029507],[-73.81831300019326,40.70616399972187],[-73.81871300022632,40.706030999984776],[-73.8191190001072,40.70666500005907],[-73.81931400010087,40.705869999983435],[-73.8203090001607,40.70555500003951],[-73.82094699984518,40.70605699987232],[-73.82225599972436,40.70545600013856],[-73.82177799987348,40.70495800001435],[-73.82154000022209,40.70372899998356],[-73.82343800028025,40.70380200033191],[-73.82338899987646,40.70344300019902],[-73.82517599960653,40.70299200013892],[-73.82524699975164,40.703356999671186],[-73.82571000043224,40.7033090000727],[-73.82615599959774,40.70318699977407],[-73.82607199993217,40.70277199986518],[-73.82706600016708,40.70251499985094],[-73.8272360000464,40.70290099970521],[-73.82811899995323,40.702670999768486],[-73.82795300027189,40.702289999994214],[-73.83152099988426,40.70138999977709],[-73.83233500019412,40.70076499977384],[-73.8332209995757,40.70111500019847],[-73.83291299960412,40.701180999683324],[-73.83332100003314,40.70212000009778],[-73.83287099977132,40.702227999881956],[-73.83302099955917,40.702570000199735],[-73.83346199960013,40.702460000137755],[-73.83399300005279,40.70349599966127],[-73.83408400028937,40.703704000265695],[-73.83357499957803,40.70383100023351],[-73.83371500021842,40.704148999969966],[-73.83475499958578,40.70388699989035],[-73.83523599980971,40.70499499971406],[-73.83482599973091,40.705094999995914],[-73.835782000331,40.706919999704894],[-73.83498200026482,40.70709800033706],[-73.83482400008108,40.707372999728065],[-73.8353749997269,40.707614000093095],[-73.8351350004257,40.708083999674926],[-73.83440599960636,40.70824000016773],[-73.83454100022385,40.70859400006142],[-73.83418399984849,40.70867200009658],[-73.8348120003855,40.7096430001066],[-73.8340509997791,40.710027999884275],[-73.83597700032466,40.7117060001663]],[[-73.83073000003893,40.71421700021168],[-73.82712499971831,40.71271199984735],[-73.82632200017743,40.71373300028973],[-73.82720699973407,40.715073999834495],[-73.83073000003893,40.71421700021168]]]}},{"type":"Feature","properties":{"market_area_id":"zcta:11416","zcta":"11416","zip":"11416","geography_type":"zcta","name":"11416","vintage":"2020","period_start":null,"period_end":null,"current_month":"2026-06-30","measure_basis":"index","gross_or_net":"unknown","statistic":"typical_observed_rent_35_65_percentile_smoothed","unit_scope":"all_units","bedroom_count":null,"source_id":"zori","source_artifact_id":"zori-zip-sfrcondomfr-sm-month","source_url":"https://www.zillow.com/research/data/","source_label":"Zillow ZORI — ZIP-level typical observed market rent (all units, smoothed)","not_a_label":"median asking rent","attribution":"Data Provided by Zillow Group","zori_missing":true,"zori_rent_usd":null,"zori_all_units":true},"geometry":{"type":"Polygon","coordinates":[[[-73.86629500012819,40.683188999906314],[-73.83751100033476,40.69129699988091],[-73.8373399997322,40.69095000004433],[-73.8377759997503,40.69082499985879],[-73.83752399985522,40.690310000053856],[-73.83708399963916,40.69043100018061],[-73.83675700029933,40.689764999866924],[-73.83719400014235,40.68964499982067],[-73.83694200024726,40.6891279998805],[-73.83650500040426,40.689251999910326],[-73.83618900003677,40.688610000073204],[-73.83662400022995,40.6884829996952],[-73.83613999963295,40.687477999779944],[-73.83588400043824,40.687142000108004],[-73.83524599985546,40.68732500027321],[-73.83511600015912,40.687062000131036],[-73.83541499990987,40.686974000317974],[-73.83479099957079,40.68557700032255],[-73.83528000019065,40.68543399976502],[-73.83511100013627,40.685088000047735],[-73.84119600012299,40.6833510002505],[-73.84237000028297,40.6830180002891],[-73.842542999637,40.683372000026594],[-73.84334199987826,40.68300199985632],[-73.8432310004485,40.682775000114255],[-73.84786799974054,40.68148700006031],[-73.84863400036984,40.68168400006239],[-73.84844400039904,40.68129100021013],[-73.8511879996558,40.68051000000854],[-73.85136500010613,40.680865000181754],[-73.85242899976295,40.680561999939094],[-73.8522570002338,40.68019999971187],[-73.85267700035836,40.680079000083914],[-73.85365999982432,40.68033800026374],[-73.8541729998353,40.68000200002052],[-73.85435100011054,40.68038199979711],[-73.85470400028795,40.68028299995461],[-73.8545739996933,40.680023000170465],[-73.85721099971825,40.67948600029096],[-73.8632820003596,40.67907300006675],[-73.86356699986663,40.679512000320095],[-73.86386499979247,40.67947099977173],[-73.86416799974117,40.68071900023002],[-73.86387800021129,40.68075200020507],[-73.86378699997466,40.68111400015955],[-73.86410099979402,40.6823730002347],[-73.86602700033959,40.68191799973703],[-73.86629500012819,40.683188999906314]]]}},{"type":"Feature","properties":{"market_area_id":"zcta:11417","zcta":"11417","zip":"11417","geography_type":"zcta","name":"11417","vintage":"2020","period_start":"2026-06-01","period_end":"2026-06-30","current_month":"2026-06-30","measure_basis":"index","gross_or_net":"unknown","statistic":"typical_observed_rent_35_65_percentile_smoothed","unit_scope":"all_units","bedroom_count":null,"source_id":"zori","source_artifact_id":"zori-zip-sfrcondomfr-sm-month","source_url":"https://www.zillow.com/research/data/","source_label":"Zillow ZORI — ZIP-level typical observed market rent (all units, smoothed)","not_a_label":"median asking rent","attribution":"Data Provided by Zillow Group","zori_missing":false,"zori_rent_usd":1800.0,"zori_all_units":true},"geometry":{"type":"Polygon","coordinates":[[[-73.86202799983367,40.67788599968524],[-73.862345999851,40.67916499975098],[-73.85721099971825,40.67948600029096],[-73.8545739996933,40.680023000170465],[-73.85470400028795,40.68028299995461],[-73.85435100011054,40.68038199979711],[-73.8541729998353,40.68000200002052],[-73.85365999982432,40.68033800026374],[-73.85267700035836,40.680079000083914],[-73.8522570002338,40.68019999971187],[-73.85242899976295,40.680561999939094],[-73.85136500010613,40.680865000181754],[-73.8511879996558,40.68051000000854],[-73.84844400039904,40.68129100021013],[-73.84863400036984,40.68168400006239],[-73.84786799974054,40.68148700006031],[-73.8432310004485,40.682775000114255],[-73.84334199987826,40.68300199985632],[-73.84296399958649,40.6832540000959],[-73.842542999637,40.683372000026594],[-73.84237000028297,40.6830180002891],[-73.83717599970069,40.68449499985736],[-73.83511100013627,40.685088000047735],[-73.83528000019065,40.68543399976502],[-73.83443800029171,40.68568199971722],[-73.83409000013715,40.68496799975385],[-73.8345150002846,40.684846999925604],[-73.83409000013715,40.68397600012954],[-73.83366499998972,40.68409600016593],[-73.83352400042271,40.68380599982172],[-73.83378999966318,40.68369300006242],[-73.83359300001969,40.683294999679845],[-73.83409599998495,40.683157999825056],[-73.83339700020112,40.6818889998336],[-73.83308900022955,40.68158700020671],[-73.83279299995354,40.681673000226276],[-73.83262300007422,40.68132700005899],[-73.83306499994009,40.68120499969771],[-73.83162399981643,40.678275000144666],[-73.83094000010122,40.678119999748546],[-73.83207800027617,40.67526100016888],[-73.83375600022632,40.6752259999131],[-73.83589600013381,40.675754000184135],[-73.83632999960378,40.67492199978028],[-73.836980999707,40.674677999916895],[-73.8333119998123,40.66675900024663],[-73.83487699978453,40.66721200010952],[-73.83790600034496,40.66751100002849],[-73.83835700043167,40.667635000073325],[-73.8382610001722,40.66797099995918],[-73.8407609999298,40.66872399994297],[-73.84110200041164,40.66850199981906],[-73.842181999962,40.6687089997277],[-73.84257199994933,40.66928399988787],[-73.8613180001792,40.67502100009003],[-73.8617120003645,40.67661100009906],[-73.8621840003676,40.67658099980715],[-73.86248399994325,40.67785700007144],[-73.86202799983367,40.67788599968524]]]}},{"type":"Feature","properties":{"market_area_id":"zcta:11418","zcta":"11418","zip":"11418","geography_type":"zcta","name":"11418","vintage":"2020","period_start":"2026-06-01","period_end":"2026-06-30","current_month":"2026-06-30","measure_basis":"index","gross_or_net":"unknown","statistic":"typical_observed_rent_35_65_percentile_smoothed","unit_scope":"all_units","bedroom_count":null,"source_id":"zori","source_artifact_id":"zori-zip-sfrcondomfr-sm-month","source_url":"https://www.zillow.com/research/data/","source_label":"Zillow ZORI — ZIP-level typical observed market rent (all units, smoothed)","not_a_label":"median asking rent","attribution":"Data Provided by Zillow Group","zori_missing":false,"zori_rent_usd":2863.75,"zori_all_units":true},"geometry":{"type":"Polygon","coordinates":[[[-73.85474600012074,40.706766999898385],[-73.84951700027669,40.70839199966781],[-73.84568000015247,40.70847999979325],[-73.84301600036333,40.70917600021681],[-73.83611500041691,40.71182499969408],[-73.8340509997791,40.710027999884275],[-73.8348120003855,40.7096430001066],[-73.83418399984849,40.70867200009658],[-73.83454100022385,40.70859400006142],[-73.83440599960636,40.70824000016773],[-73.8351350004257,40.708083999674926],[-73.8353749997269,40.707614000093095],[-73.83482400008108,40.707372999728065],[-73.83498200026482,40.70709800033706],[-73.835782000331,40.706919999704894],[-73.83482599973091,40.705094999995914],[-73.83523599980971,40.70499499971406],[-73.83475499958578,40.70388699989035],[-73.83371500021842,40.704148999969966],[-73.83357499957803,40.70383100023351],[-73.83408400028937,40.703704000265695],[-73.83399300005279,40.70349599966127],[-73.83346199960013,40.702460000137755],[-73.83302099955917,40.702570000199735],[-73.83287099977132,40.702227999881956],[-73.83332100003314,40.70212000009778],[-73.83291299960412,40.701180999683324],[-73.8332209995757,40.70111500019847],[-73.83233500019412,40.70076499977384],[-73.83152099988426,40.70138999977709],[-73.82795300027189,40.702289999994214],[-73.82811899995323,40.702670999768486],[-73.8272360000464,40.70290099970521],[-73.82706600016708,40.70251499985094],[-73.82607199993217,40.70277199986518],[-73.82615599959774,40.70318699977407],[-73.82571000043224,40.7033090000727],[-73.82524699975164,40.703356999671186],[-73.82517599960653,40.70299200013892],[-73.82338899987646,40.70344300019902],[-73.82343800028025,40.70380200033191],[-73.82154000022209,40.70372899998356],[-73.82177799987348,40.70495800001435],[-73.82225599972436,40.70545600013856],[-73.82094699984518,40.70605699987232],[-73.8203090001607,40.70555500003951],[-73.81931400010087,40.705869999983435],[-73.8191190001072,40.70666500005907],[-73.81871300022632,40.706030999984776],[-73.81831300019326,40.70616399972187],[-73.81818799962147,40.705947999804316],[-73.8137189996606,40.69715299966631],[-73.81922299986427,40.69573000006379],[-73.82091500005812,40.695828000283456],[-73.84499499971405,40.68916199971384],[-73.84431500019679,40.68954199971645],[-73.84433500028827,40.689812999688684],[-73.84681800032745,40.69496499976054],[-73.84908000043367,40.6983509999804],[-73.85070599960696,40.70020800002448],[-73.85166200020704,40.70047900020185],[-73.85111599968579,40.7007099999777],[-73.85369199961137,40.70431499994452],[-73.8547340004252,40.70524499979668],[-73.85439799996621,40.70528499977729],[-73.85435000028562,40.70591099995305],[-73.85474600012074,40.706766999898385]]]}},{"type":"Feature","properties":{"market_area_id":"zcta:11419","zcta":"11419","zip":"11419","geography_type":"zcta","name":"11419","vintage":"2020","period_start":"2026-06-01","period_end":"2026-06-30","current_month":"2026-06-30","measure_basis":"index","gross_or_net":"unknown","statistic":"typical_observed_rent_35_65_percentile_smoothed","unit_scope":"all_units","bedroom_count":null,"source_id":"zori","source_artifact_id":"zori-zip-sfrcondomfr-sm-month","source_url":"https://www.zillow.com/research/data/","source_label":"Zillow ZORI — ZIP-level typical observed market rent (all units, smoothed)","not_a_label":"median asking rent","attribution":"Data Provided by Zillow Group","zori_missing":false,"zori_rent_usd":2400.0,"zori_all_units":true},"geometry":{"type":"Polygon","coordinates":[[[-73.8373399997322,40.69095000004433],[-73.83751100033476,40.69129699988091],[-73.82797199964016,40.69399199989521],[-73.82091500005812,40.695828000283456],[-73.81922299986427,40.69573000006379],[-73.8137189996606,40.69715299966631],[-73.8080169999885,40.6870600001985],[-73.8124370004439,40.68528700029163],[-73.81252299975931,40.68560899994801],[-73.81301900005185,40.68547100009111],[-73.8135760004438,40.68519000022987],[-73.8135920003373,40.68470999985487],[-73.8139370001188,40.68459800026911],[-73.82042100031369,40.682755000180926],[-73.8206320002009,40.68318399978433],[-73.82149900021422,40.682901999789095],[-73.82130400022054,40.682503000098365],[-73.83216100011686,40.67941800027164],[-73.83306499994009,40.68120499969771],[-73.83262300007422,40.68132700005899],[-73.83279299995354,40.681673000226276],[-73.83308900022955,40.68158700020671],[-73.83339700020112,40.6818889998336],[-73.83409599998495,40.683157999825056],[-73.83359300001969,40.683294999679845],[-73.83378999966318,40.68369300006242],[-73.83352400042271,40.68380599982172],[-73.83366499998972,40.68409600016593],[-73.83409000013715,40.68397600012954],[-73.8345150002846,40.684846999925604],[-73.83409000013715,40.68496799975385],[-73.83443800029171,40.68568199971722],[-73.83479099957079,40.68557700032255],[-73.83541499990987,40.686974000317974],[-73.83511600015912,40.687062000131036],[-73.83524599985546,40.68732500027321],[-73.83588400043824,40.687142000108004],[-73.83613999963295,40.687477999779944],[-73.83662400022995,40.6884829996952],[-73.83618900003677,40.688610000073204],[-73.83650500040426,40.689251999910326],[-73.83694200024726,40.6891279998805],[-73.83719400014235,40.68964499982067],[-73.83675700029933,40.689764999866924],[-73.83708399963916,40.69043100018061],[-73.83752399985522,40.690310000053856],[-73.8377759997503,40.69082499985879],[-73.8373399997322,40.69095000004433]]]}},{"type":"Feature","properties":{"market_area_id":"zcta:11420","zcta":"11420","zip":"11420","geography_type":"zcta","name":"11420","vintage":"2020","period_start":null,"period_end":null,"current_month":"2026-06-30","measure_basis":"index","gross_or_net":"unknown","statistic":"typical_observed_rent_35_65_percentile_smoothed","unit_scope":"all_units","bedroom_count":null,"source_id":"zori","source_artifact_id":"zori-zip-sfrcondomfr-sm-month","source_url":"https://www.zillow.com/research/data/","source_label":"Zillow ZORI — ZIP-level typical observed market rent (all units, smoothed)","not_a_label":"median asking rent","attribution":"Data Provided by Zillow Group","zori_missing":true,"zori_rent_usd":null,"zori_all_units":true},"geometry":{"type":"Polygon","coordinates":[[[-73.83632999960378,40.67492199978028],[-73.83589600013381,40.675754000184135],[-73.83375600022632,40.6752259999131],[-73.83207800027617,40.67526100016888],[-73.83094000010122,40.678119999748546],[-73.83162399981643,40.678275000144666],[-73.83216100011686,40.67941800027164],[-73.82130400022054,40.682503000098365],[-73.82149900021422,40.682901999789095],[-73.8206320002009,40.68318399978433],[-73.82042100031369,40.682755000180926],[-73.8139370001188,40.68459800026911],[-73.8135920003373,40.68470999985487],[-73.8135760004438,40.68519000022987],[-73.81301900005185,40.68547100009111],[-73.81252299975931,40.68560899994801],[-73.8124370004439,40.68528700029163],[-73.8080169999885,40.6870600001985],[-73.80155600025815,40.67376099997977],[-73.80124800028656,40.671793000275464],[-73.80128599992143,40.668467999667286],[-73.80196399978881,40.665901000154875],[-73.81055299973113,40.66633300002744],[-73.8113889997823,40.66373200026453],[-73.81211299968048,40.66330900007655],[-73.81227300041238,40.663116000230396],[-73.81206699964973,40.66303099976796],[-73.81446100000043,40.66286299985812],[-73.82300800010994,40.66383599968242],[-73.82305400014069,40.663562000119974],[-73.82683199981535,40.66370899980136],[-73.83270500008999,40.66540600029618],[-73.83641199961953,40.6731160002878],[-73.836980999707,40.674677999916895],[-73.83632999960378,40.67492199978028]]]}},{"type":"Feature","properties":{"market_area_id":"zcta:11421","zcta":"11421","zip":"11421","geography_type":"zcta","name":"11421","vintage":"2020","period_start":"2026-06-01","period_end":"2026-06-30","current_month":"2026-06-30","measure_basis":"index","gross_or_net":"unknown","statistic":"typical_observed_rent_35_65_percentile_smoothed","unit_scope":"all_units","bedroom_count":null,"source_id":"zori","source_artifact_id":"zori-zip-sfrcondomfr-sm-month","source_url":"https://www.zillow.com/research/data/","source_label":"Zillow ZORI — ZIP-level typical observed market rent (all units, smoothed)","not_a_label":"median asking rent","attribution":"Data Provided by Zillow Group","zori_missing":false,"zori_rent_usd":2605.56,"zori_all_units":true},"geometry":{"type":"Polygon","coordinates":[[[-73.86931399974458,40.699355000255984],[-73.8695199996089,40.701405999881075],[-73.86911600027616,40.70160399999848],[-73.86915599956082,40.70289299983326],[-73.8632539998722,40.70339200013695],[-73.8581499997016,40.702897999838484],[-73.85857900004699,40.701237999959666],[-73.85702800031848,40.70116999966024],[-73.85691399961733,40.70188500010746],[-73.8552919997437,40.70184399970246],[-73.8552929995686,40.70259600007633],[-73.85215099992858,40.702250999996245],[-73.85111599968579,40.7007099999777],[-73.85166200020704,40.70047900020185],[-73.85070599960696,40.70020800002448],[-73.84797499987066,40.696853000057786],[-73.84628799969974,40.6940109999999],[-73.84431500019679,40.68954199971645],[-73.84788399963408,40.688323000140194],[-73.86629500012819,40.683188999906314],[-73.86871700006799,40.69462200004786],[-73.87080199972392,40.69787699992248],[-73.86931399974458,40.699355000255984]]]}},{"type":"Feature","properties":{"market_area_id":"zcta:11422","zcta":"11422","zip":"11422","geography_type":"zcta","name":"11422","vintage":"2020","period_start":"2026-06-01","period_end":"2026-06-30","current_month":"2026-06-30","measure_basis":"index","gross_or_net":"unknown","statistic":"typical_observed_rent_35_65_percentile_smoothed","unit_scope":"all_units","bedroom_count":null,"source_id":"zori","source_artifact_id":"zori-zip-sfrcondomfr-sm-month","source_url":"https://www.zillow.com/research/data/","source_label":"Zillow ZORI — ZIP-level typical observed market rent (all units, smoothed)","not_a_label":"median asking rent","attribution":"Data Provided by Zillow Group","zori_missing":false,"zori_rent_usd":3320.61,"zori_all_units":true},"geometry":{"type":"Polygon","coordinates":[[[-73.75161599999059,40.647235000130536],[-73.74834999960369,40.64535800023911],[-73.74642399995643,40.64814200010787],[-73.74609599989337,40.649049999881235],[-73.74635000033659,40.64930400001139],[-73.74621999974194,40.64961800020452],[-73.74653299973639,40.64972400018789],[-73.74645099972061,40.650167999973156],[-73.74587300031062,40.650435999660274],[-73.74643400000218,40.65148400018718],[-73.74654899962992,40.65255399967387],[-73.74804400018026,40.652508999693985],[-73.74892500043727,40.65343200026672],[-73.74812700002092,40.65462900023748],[-73.74855299999328,40.656183999856744],[-73.74701200031049,40.65736999976407],[-73.74858099958237,40.65758700014532],[-73.7475060000549,40.65915600026738],[-73.74692699992167,40.65899900030967],[-73.74683800023323,40.66075199981393],[-73.74487499987774,40.66368999991639],[-73.74413500008602,40.66342099999601],[-73.74281899963582,40.66530599972718],[-73.73954999977418,40.66525600006792],[-73.73855899991233,40.66639700002294],[-73.74117800039393,40.666403000317445],[-73.74080400030012,40.66684400004632],[-73.74193499990409,40.66684500031584],[-73.74179099996402,40.66707600017459],[-73.7422189995862,40.667225000133925],[-73.73755800000471,40.67468400014765],[-73.73728699984306,40.674586000172155],[-73.73693200001581,40.67492500022538],[-73.73625699962312,40.676249999664506],[-73.73667500009788,40.6763849998388],[-73.73567300036534,40.67819100002745],[-73.73524599966977,40.67805199969832],[-73.73499200012486,40.678505999921285],[-73.73481499967454,40.678846999977615],[-73.73524300019501,40.67897499973035],[-73.7345929999167,40.68023400001255],[-73.73416000027164,40.68011800011746],[-73.73403300005003,40.680365000027244],[-73.73222000038069,40.6851209999034],[-73.7258657347451,40.683224278877425],[-73.72563125971536,40.679596193162695],[-73.72620221285855,40.677370052136254],[-73.72755737251029,40.674169829448324],[-73.72826400043081,40.66807299975992],[-73.72781543396829,40.663223190376016],[-73.72833192735968,40.66305218303444],[-73.72592699998151,40.65773100019084],[-73.72498591507205,40.654261671928296],[-73.72512581670637,40.65228526071399],[-73.73000400030521,40.6504799998417],[-73.73513622472393,40.649740275835256],[-73.73904603287349,40.64820941574626],[-73.74143827253113,40.6468974139103],[-73.74166262442354,40.64220629666274],[-73.74205206150128,40.64148243851429],[-73.74143190695436,40.64050809632191],[-73.74228300005862,40.64012100020134],[-73.74126299988443,40.638905000256614],[-73.73947448685924,40.63571229211722],[-73.73996078654062,40.63515204281037],[-73.74167899835439,40.63484641131513],[-73.74265050991384,40.63505305429492],[-73.74258000015953,40.63564800016283],[-73.74120209667115,40.63759860968325],[-73.74236258538762,40.63810140833996],[-73.7432962048084,40.63805595683666],[-73.74602349222125,40.635220435622486],[-73.74799738093898,40.634640666596255],[-73.74635100016151,40.639300999737856],[-73.74615299979479,40.64037900017094],[-73.74637200007791,40.64152300017585],[-73.74727099987827,40.643156000229055],[-73.74876899990333,40.64459999997183],[-73.74872100022276,40.645015000186405],[-73.74943000005233,40.644925000252236],[-73.75201900039671,40.64666500019087],[-73.75161599999059,40.647235000130536]]]}},{"type":"Feature","properties":{"market_area_id":"zcta:11423","zcta":"11423","zip":"11423","geography_type":"zcta","name":"11423","vintage":"2020","period_start":"2026-06-01","period_end":"2026-06-30","current_month":"2026-06-30","measure_basis":"index","gross_or_net":"unknown","statistic":"typical_observed_rent_35_65_percentile_smoothed","unit_scope":"all_units","bedroom_count":null,"source_id":"zori","source_artifact_id":"zori-zip-sfrcondomfr-sm-month","source_url":"https://www.zillow.com/research/data/","source_label":"Zillow ZORI — ZIP-level typical observed market rent (all units, smoothed)","not_a_label":"median asking rent","attribution":"Data Provided by Zillow Group","zori_missing":false,"zori_rent_usd":2850.0,"zori_all_units":true},"geometry":{"type":"MultiPolygon","coordinates":[[[[-73.78178300018139,40.71313999970127],[-73.77965099977149,40.713653999806645],[-73.77938100033306,40.71329100001935],[-73.77872799968168,40.713415000015424],[-73.77886999997192,40.713849000225835],[-73.77800100030876,40.71405099972606],[-73.77786800023938,40.71364099998537],[-73.77696600006595,40.7137529997766],[-73.7771230004248,40.71426200008337],[-73.77685700028601,40.713872999976076],[-73.77596699980816,40.71415299982736],[-73.7761860000913,40.71448600011165],[-73.77529899998649,40.71469600021972],[-73.77503000037298,40.71429100019636],[-73.77460199985248,40.71439299992998],[-73.77420199981938,40.71454799970668],[-73.77444200001891,40.71490500011707],[-73.77357099980763,40.71512000003383],[-73.7749059996261,40.71783799985387],[-73.77583600028693,40.71766599978098],[-73.7763690003894,40.71876999978873],[-73.77597900040207,40.71891700027895],[-73.77670999997292,40.71997999983227],[-73.77659000032232,40.720513000269136],[-73.77620799983258,40.72053700034041],[-73.77738500036561,40.722442000094674],[-73.77359000007421,40.72474199977571],[-73.76624399988886,40.72640299995643],[-73.7650849997975,40.72489100017085],[-73.7608059998074,40.722492999864116],[-73.7620510001125,40.72201900006043],[-73.76117499987835,40.72119199993745],[-73.75999700041876,40.721758999737055],[-73.75913000040542,40.720649000104686],[-73.75959999986038,40.720453999858606],[-73.75487399998157,40.71410100023587],[-73.75434900027501,40.71426999995141],[-73.75403700010548,40.71388000032716],[-73.75318400033586,40.712055000021074],[-73.75366999968436,40.7119380000902],[-73.75290099958033,40.71021000021763],[-73.76521500039215,40.707149999949884],[-73.76535500013424,40.70748699984839],[-73.76700200012223,40.707092000300506],[-73.76688900014435,40.706746000004294],[-73.76734400042899,40.7066360000295],[-73.76725099964426,40.70631300016153],[-73.77418099990301,40.705086999706516],[-73.77582000039338,40.70537599967771],[-73.77678100011804,40.70782299974878],[-73.77873400042778,40.70734100034017],[-73.77901200026213,40.70789799968355],[-73.77937299993715,40.70781200014167],[-73.7798769997273,40.70901599996503],[-73.78030900044575,40.70900099996424],[-73.78201599980989,40.712636000304755],[-73.78160099970819,40.71275000026707],[-73.78178300018139,40.71313999970127]]],[[[-73.78116100039045,40.729212999962094],[-73.77757500033644,40.7301929999119],[-73.7767280004146,40.72842999984804],[-73.77523399968918,40.72523800020012],[-73.77739000038848,40.723497999842856],[-73.7780380001187,40.72328399985496],[-73.77985300033616,40.72640299995643],[-73.78116100039045,40.729212999962094]]]]}},{"type":"Feature","properties":{"market_area_id":"zcta:11424","zcta":"11424","zip":"11424","geography_type":"zcta","name":"11424","vintage":"2020","period_start":null,"period_end":null,"current_month":"2026-06-30","measure_basis":"index","gross_or_net":"unknown","statistic":"typical_observed_rent_35_65_percentile_smoothed","unit_scope":"all_units","bedroom_count":null,"source_id":"zori","source_artifact_id":"zori-zip-sfrcondomfr-sm-month","source_url":"https://www.zillow.com/research/data/","source_label":"Zillow ZORI — ZIP-level typical observed market rent (all units, smoothed)","not_a_label":"median asking rent","attribution":"Data Provided by Zillow Group","zori_missing":true,"zori_rent_usd":null,"zori_all_units":true},"geometry":{"type":"Polygon","coordinates":[[[-73.83073000003893,40.71421700021168],[-73.82720699973407,40.715073999834495],[-73.82632200017743,40.71373300028973],[-73.82712499971831,40.71271199984735],[-73.83073000003893,40.71421700021168]]]}},{"type":"Feature","properties":{"market_area_id":"zcta:11426","zcta":"11426","zip":"11426","geography_type":"zcta","name":"11426","vintage":"2020","period_start":"2026-06-01","period_end":"2026-06-30","current_month":"2026-06-30","measure_basis":"index","gross_or_net":"unknown","statistic":"typical_observed_rent_35_65_percentile_smoothed","unit_scope":"all_units","bedroom_count":null,"source_id":"zori","source_artifact_id":"zori-zip-sfrcondomfr-sm-month","source_url":"https://www.zillow.com/research/data/","source_label":"Zillow ZORI — ZIP-level typical observed market rent (all units, smoothed)","not_a_label":"median asking rent","attribution":"Data Provided by Zillow Group","zori_missing":false,"zori_rent_usd":2986.0,"zori_all_units":true},"geometry":{"type":"Polygon","coordinates":[[[-73.73194400019618,40.73092600029618],[-73.7312770001994,40.73271399998571],[-73.72821199965394,40.73305700024043],[-73.72783599991034,40.734395999979796],[-73.72742199963352,40.7343339998121],[-73.72701400010284,40.73558199970487],[-73.72611199992942,40.736381999836794],[-73.72751000039538,40.740687999744594],[-73.72672899969749,40.740784999982274],[-73.73232499996267,40.743644999810236],[-73.72921900030767,40.74695400032468],[-73.72796200030702,40.75002599993704],[-73.72736100043247,40.75083800024341],[-73.72293400030439,40.75412800015367],[-73.72249499991325,40.75335200026577],[-73.72126300002695,40.75247300008465],[-73.71839099982536,40.745726999931996],[-73.71890399983634,40.745589999855426],[-73.71834300014477,40.74433899983304],[-73.71782799958565,40.74448700011904],[-73.71740599981126,40.74351100028785],[-73.71792499967003,40.74337699981482],[-73.71661699961575,40.740110000195095],[-73.71589199989266,40.740137000236466],[-73.71147800018336,40.732501000326714],[-73.71089300020236,40.730970999764146],[-73.71140299984029,40.73091299976347],[-73.7113819999239,40.72972499984694],[-73.71114000007456,40.72936699993751],[-73.71060699997209,40.72945300022846],[-73.71061399964479,40.72905200019467],[-73.71125300005248,40.72899799995291],[-73.71110699956428,40.72811799984646],[-73.71055500009356,40.728041000159934],[-73.71048727628335,40.72723815706877],[-73.71693408906174,40.72639466764109],[-73.72567318060052,40.72404591011605],[-73.7295104366529,40.72261210413511],[-73.73121899957476,40.72669800030817],[-73.73166899983656,40.726597999793135],[-73.73193699962516,40.727309000034545],[-73.73149200028455,40.727418999894134],[-73.73160500026245,40.72789099997548],[-73.73211900009835,40.728023000264585],[-73.73125000043522,40.73027599982118],[-73.73277500022448,40.73033299969896],[-73.73291099976859,40.73095199999248],[-73.73194400019618,40.73092600029618]]]}},{"type":"Feature","properties":{"market_area_id":"zcta:11427","zcta":"11427","zip":"11427","geography_type":"zcta","name":"11427","vintage":"2020","period_start":null,"period_end":null,"current_month":"2026-06-30","measure_basis":"index","gross_or_net":"unknown","statistic":"typical_observed_rent_35_65_percentile_smoothed","unit_scope":"all_units","bedroom_count":null,"source_id":"zori","source_artifact_id":"zori-zip-sfrcondomfr-sm-month","source_url":"https://www.zillow.com/research/data/","source_label":"Zillow ZORI — ZIP-level typical observed market rent (all units, smoothed)","not_a_label":"median asking rent","attribution":"Data Provided by Zillow Group","zori_missing":true,"zori_rent_usd":null,"zori_all_units":true},"geometry":{"type":"Polygon","coordinates":[[[-73.76624399988886,40.72640299995643],[-73.75998800019792,40.72587900029124],[-73.75677399968954,40.72637599978739],[-73.76226299982461,40.729605000312475],[-73.76555099995282,40.73254400016259],[-73.7465410001323,40.73577799978629],[-73.74594699993047,40.73416799980333],[-73.74661499975215,40.73339399969937],[-73.74673799977579,40.732583000116335],[-73.74306499968313,40.735465000283966],[-73.73922400025928,40.7396839999076],[-73.73320100019683,40.743210000107105],[-73.73270300025445,40.74385400000449],[-73.72672899969749,40.740784999982274],[-73.72751000039538,40.740687999744594],[-73.72611199992942,40.736381999836794],[-73.72701400010284,40.73558199970487],[-73.72742199963352,40.7343339998121],[-73.72783599991034,40.734395999979796],[-73.72821199965394,40.73305700024043],[-73.7312770001994,40.73271399998571],[-73.73194400019618,40.73092600029618],[-73.73291099976859,40.73095199999248],[-73.73277500022448,40.73033299969896],[-73.73125000043522,40.73027599982118],[-73.73169499977583,40.729049000144606],[-73.73356000022201,40.7293479997079],[-73.73407599970774,40.728030999840485],[-73.73545499990712,40.728346000331854],[-73.73530000009643,40.72873400025789],[-73.73617799998041,40.728933000145815],[-73.7363250002935,40.7285460000429],[-73.73715499959857,40.728732000214904],[-73.73755200015692,40.72925099981236],[-73.7381560004045,40.728956999903936],[-73.73871500044626,40.72908600007233],[-73.7393730002222,40.72868699991353],[-73.7393110002979,40.72816699997188],[-73.7518140003573,40.720498000135116],[-73.75772500026676,40.71793399985973],[-73.75959999986038,40.720453999858606],[-73.75913000040542,40.720649000104686],[-73.75999700041876,40.721758999737055],[-73.76117499987835,40.72119199993745],[-73.7620510001125,40.72201900006043],[-73.7608059998074,40.722492999864116],[-73.76523399976041,40.725011000036375],[-73.76624399988886,40.72640299995643]]]}},{"type":"Feature","properties":{"market_area_id":"zcta:11428","zcta":"11428","zip":"11428","geography_type":"zcta","name":"11428","vintage":"2020","period_start":"2026-06-01","period_end":"2026-06-30","current_month":"2026-06-30","measure_basis":"index","gross_or_net":"unknown","statistic":"typical_observed_rent_35_65_percentile_smoothed","unit_scope":"all_units","bedroom_count":null,"source_id":"zori","source_artifact_id":"zori-zip-sfrcondomfr-sm-month","source_url":"https://www.zillow.com/research/data/","source_label":"Zillow ZORI — ZIP-level typical observed market rent (all units, smoothed)","not_a_label":"median asking rent","attribution":"Data Provided by Zillow Group","zori_missing":false,"zori_rent_usd":2024.0,"zori_all_units":true},"geometry":{"type":"Polygon","coordinates":[[[-73.75764200042609,40.71797099983916],[-73.7518140003573,40.720498000135116],[-73.7393110002979,40.72816699997188],[-73.7393730002222,40.72868699991353],[-73.73871500044626,40.72908600007233],[-73.7381560004045,40.728956999903936],[-73.73755200015692,40.72925099981236],[-73.73715499959857,40.728732000214904],[-73.7363250002935,40.7285460000429],[-73.73617799998041,40.728933000145815],[-73.73530000009643,40.72873400025789],[-73.73545499990712,40.728346000331854],[-73.73407599970774,40.728030999840485],[-73.73356000022201,40.7293479997079],[-73.73169499977583,40.729049000144606],[-73.73211900009835,40.728023000264585],[-73.73160500026245,40.72789099997548],[-73.73149200028455,40.727418999894134],[-73.73193699962516,40.727309000034545],[-73.73166899983656,40.726597999793135],[-73.73121899957476,40.72669800030817],[-73.7295104366529,40.72261210413511],[-73.73032750208363,40.72216554709037],[-73.72966100017355,40.72048299999773],[-73.73216199975607,40.7200490001408],[-73.73237400036648,40.720401999741895],[-73.7325659999871,40.72030499974296],[-73.73318699995312,40.71957399979481],[-73.73530400029439,40.718498000332005],[-73.73543300016583,40.7170339999876],[-73.73749600008041,40.71696000032827],[-73.7374459998517,40.71725500032068],[-73.7537080002175,40.713324999777676],[-73.75434900027501,40.71426999995141],[-73.75487399998157,40.71410100023587],[-73.75764200042609,40.71797099983916]]]}},{"type":"Feature","properties":{"market_area_id":"zcta:11429","zcta":"11429","zip":"11429","geography_type":"zcta","name":"11429","vintage":"2020","period_start":null,"period_end":null,"current_month":"2026-06-30","measure_basis":"index","gross_or_net":"unknown","statistic":"typical_observed_rent_35_65_percentile_smoothed","unit_scope":"all_units","bedroom_count":null,"source_id":"zori","source_artifact_id":"zori-zip-sfrcondomfr-sm-month","source_url":"https://www.zillow.com/research/data/","source_label":"Zillow ZORI — ZIP-level typical observed market rent (all units, smoothed)","not_a_label":"median asking rent","attribution":"Data Provided by Zillow Group","zori_missing":true,"zori_rent_usd":null,"zori_all_units":true},"geometry":{"type":"Polygon","coordinates":[[[-73.7537080002175,40.713324999777676],[-73.7374459998517,40.71725500032068],[-73.73749600008041,40.71696000032827],[-73.73543300016583,40.7170339999876],[-73.73530400029439,40.718498000332005],[-73.73318699995312,40.71957399979481],[-73.7325659999871,40.72030499974296],[-73.73237400036648,40.720401999741895],[-73.73216199975607,40.7200490001408],[-73.72966100017355,40.72048299999773],[-73.72697267844464,40.710722752702836],[-73.7265035857509,40.696886242264],[-73.72751600024318,40.69719599986271],[-73.72772399975733,40.701924000319714],[-73.73042899955435,40.702006000324864],[-73.73044899964583,40.7016470000459],[-73.73069700024125,40.70165400032026],[-73.7306799996245,40.70200900023178],[-73.74040900028992,40.70230899977538],[-73.7404300002063,40.70195900017647],[-73.74114300023383,40.70180800004035],[-73.74220799971556,40.702136000026464],[-73.74204600023218,40.70251199996677],[-73.74247600040246,40.70261800033081],[-73.74240000023448,40.7027869999069],[-73.74315900029276,40.702575999962605],[-73.74330700043078,40.702960000008055],[-73.74864300040497,40.701587000193776],[-73.74955600044902,40.703613000123745],[-73.75007100010987,40.70347900033945],[-73.75128399972957,40.70619000023853],[-73.75077400009164,40.706321999980936],[-73.75136800029347,40.70768199994225],[-73.75181500018223,40.707576999805546],[-73.75275599981538,40.709850000274336],[-73.75230999975155,40.70995399992823],[-73.75246000043768,40.71031700020388],[-73.75290099958033,40.71021000021763],[-73.75366999968436,40.7119380000902],[-73.75318400033586,40.712055000021074],[-73.7537080002175,40.713324999777676]]]}},{"type":"Feature","properties":{"market_area_id":"zcta:11430","zcta":"11430","zip":"11430","geography_type":"zcta","name":"11430","vintage":"2020","period_start":null,"period_end":null,"current_month":"2026-06-30","measure_basis":"index","gross_or_net":"unknown","statistic":"typical_observed_rent_35_65_percentile_smoothed","unit_scope":"all_units","bedroom_count":null,"source_id":"zori","source_artifact_id":"zori-zip-sfrcondomfr-sm-month","source_url":"https://www.zillow.com/research/data/","source_label":"Zillow ZORI — ZIP-level typical observed market rent (all units, smoothed)","not_a_label":"median asking rent","attribution":"Data Provided by Zillow Group","zori_missing":true,"zori_rent_usd":null,"zori_all_units":true},"geometry":{"type":"Polygon","coordinates":[[[-73.83270500008999,40.66540600029618],[-73.82683199981535,40.66370899980136],[-73.82305400014069,40.663562000119974],[-73.82300800010994,40.66383599968242],[-73.81333700006917,40.662806000145395],[-73.81206699964973,40.66303099976796],[-73.81227300041238,40.663116000230396],[-73.81211299968048,40.66330900007655],[-73.8113889997823,40.66373200026453],[-73.81055299973113,40.66633300002744],[-73.80580799958572,40.66614899986862],[-73.80196399978881,40.665901000154875],[-73.80216200015555,40.66524999967016],[-73.79508999960659,40.66489000003028],[-73.78755299962553,40.66384600010273],[-73.78079099959629,40.66233200007415],[-73.77689499992086,40.6606559998497],[-73.77401000019877,40.65977899997736],[-73.75161599999059,40.647235000130536],[-73.75201900039671,40.64666500019087],[-73.74943000005233,40.644925000252236],[-73.74889699994986,40.64516500026143],[-73.74876899990333,40.64459999997183],[-73.74727099987827,40.643156000229055],[-73.74672000023244,40.642213000156914],[-73.74615299979479,40.64037900017094],[-73.7467579998673,40.63781500028415],[-73.74799738093898,40.634640666596255],[-73.76742499972154,40.626605999738416],[-73.76878429324466,40.62432898932981],[-73.76868699974506,40.622682000040506],[-73.76950500025288,40.622121000050115],[-73.76974499955409,40.621126000283304],[-73.77076999975115,40.620030999777505],[-73.77138999989226,40.62015300020992],[-73.77170999955939,40.62066900005527],[-73.77090399964545,40.622447000243646],[-73.77082099980477,40.62328300019026],[-73.77123400025664,40.62319000023148],[-73.77172800000106,40.623584999955355],[-73.77518000016079,40.61926500000834],[-73.77186000024554,40.62376499996958],[-73.77538100000226,40.62705600032775],[-73.77750500001622,40.62777799994696],[-73.7793269999064,40.62733600020951],[-73.7801649996074,40.626520999809415],[-73.78419400025054,40.62089200006178],[-73.7849320003924,40.62046899967907],[-73.78918600026813,40.62300699997835],[-73.78346600015439,40.62811800011427],[-73.78264500017181,40.63024800029174],[-73.78396300027184,40.63087499975322],[-73.78434800023632,40.63137299983413],[-73.78570800016914,40.632094999820104],[-73.78733099986768,40.632517000098424],[-73.78818299981239,40.63352799995344],[-73.78942700029256,40.634263000128065],[-73.79078399985235,40.63400300022131],[-73.79079300007317,40.63428200021267],[-73.79811900016702,40.631037999818936],[-73.79812300036497,40.631318000048736],[-73.79125099983257,40.6346889999368],[-73.79235300002252,40.63591400010902],[-73.7945139998464,40.63645299985392],[-73.79725700017657,40.638007999700974],[-73.7992370002505,40.638419999958714],[-73.80580400028607,40.64156999999982],[-73.81629499958619,40.645964000292196],[-73.82305199959255,40.644485000038834],[-73.82533700016333,40.64424800009133],[-73.82871200033017,40.65706000023416],[-73.82986999969832,40.65996700011978],[-73.83270500008999,40.66540600029618]]]}},{"type":"Feature","properties":{"market_area_id":"zcta:11432","zcta":"11432","zip":"11432","geography_type":"zcta","name":"11432","vintage":"2020","period_start":"2026-06-01","period_end":"2026-06-30","current_month":"2026-06-30","measure_basis":"index","gross_or_net":"unknown","statistic":"typical_observed_rent_35_65_percentile_smoothed","unit_scope":"all_units","bedroom_count":null,"source_id":"zori","source_artifact_id":"zori-zip-sfrcondomfr-sm-month","source_url":"https://www.zillow.com/research/data/","source_label":"Zillow ZORI — ZIP-level typical observed market rent (all units, smoothed)","not_a_label":"median asking rent","attribution":"Data Provided by Zillow Group","zori_missing":false,"zori_rent_usd":2490.11,"zori_all_units":true},"geometry":{"type":"Polygon","coordinates":[[[-73.80860500034257,40.7184150000312],[-73.80903999963743,40.71991200028708],[-73.79847200034445,40.72353000031638],[-73.79723299988713,40.720608999821444],[-73.79900100024896,40.72014499968147],[-73.79809599970248,40.717542999721466],[-73.7977319996544,40.71766400008624],[-73.79532599960814,40.71868799999944],[-73.79557699967832,40.71902500005717],[-73.79489899981088,40.71924599990821],[-73.79504100010112,40.71953000026922],[-73.7945909998393,40.7198379997419],[-73.79030000015366,40.7209200001649],[-73.79050900039104,40.72347099985688],[-73.79174499957698,40.72577599970948],[-73.78360099987361,40.72841300008417],[-73.78316900005348,40.72764399993798],[-73.7807989999922,40.728424999717696],[-73.77906599979048,40.7249639997858],[-73.77620799983258,40.72053700034041],[-73.77659000032232,40.720513000269136],[-73.77670999997292,40.71997999983227],[-73.77597900040207,40.71891700027895],[-73.7763690003894,40.71876999978873],[-73.77583600028693,40.71766599978098],[-73.7749059996261,40.71783799985387],[-73.77357099980763,40.71512000003383],[-73.77444200001891,40.71490500011707],[-73.77420199981938,40.71454799970668],[-73.77460199985248,40.71439299992998],[-73.77503000037298,40.71429100019636],[-73.77529899998649,40.71469600021972],[-73.7761860000913,40.71448600011165],[-73.77596699980816,40.71415299982736],[-73.77685700028601,40.713872999976076],[-73.7771230004248,40.71426200008337],[-73.77696600006595,40.7137529997766],[-73.77786800023938,40.71364099998537],[-73.77800100030876,40.71405099972606],[-73.77886999997192,40.713849000225835],[-73.77872799968168,40.713415000015424],[-73.77938100033306,40.71329100001935],[-73.77965099977149,40.713653999806645],[-73.78178300018139,40.71313999970127],[-73.78160099970819,40.71275000026707],[-73.78201599980989,40.712636000304755],[-73.78030900044575,40.70900099996424],[-73.7798769997273,40.70901599996503],[-73.77968299955855,40.70859600002855],[-73.7821360003588,40.70812000003063],[-73.78214999970419,40.707661999993825],[-73.7833049995976,40.70794600006056],[-73.78288600019626,40.706947999943004],[-73.78337099971984,40.70683200024187],[-73.78381699978368,40.70793000016571],[-73.78673900021398,40.70789199971912],[-73.78869099980051,40.70746800018237],[-73.7895700004077,40.7072220002897],[-73.78941100039904,40.70683299991137],[-73.79009199974122,40.706665999731094],[-73.79001300009848,40.70639999995337],[-73.7923170000375,40.70600099999712],[-73.79165400023868,40.704856999827626],[-73.79284799959184,40.70442399996119],[-73.79395900000263,40.70582699993842],[-73.79489499961292,40.70546099995139],[-73.79462900037247,40.7051170001059],[-73.79510399985028,40.70492600014707],[-73.79492999977302,40.704704000048594],[-73.79663700003546,40.704078999815664],[-73.7960899996893,40.70329400014851],[-73.80412899981069,40.70146000003336],[-73.80826600040885,40.709679000300405],[-73.80785399978191,40.70984300018049],[-73.80857600003024,40.71127400017334],[-73.80918000027783,40.71146999967267],[-73.81014500020044,40.71347099978423],[-73.81022100036841,40.71570700006811],[-73.80777400031425,40.71571599997963],[-73.80784399973615,40.715999999740184],[-73.81033299962311,40.716079999693825],[-73.81033400034633,40.716421000162576],[-73.81141100042193,40.7165279997001],[-73.81172900043924,40.71745900008168],[-73.80860500034257,40.7184150000312]]]}},{"type":"Feature","properties":{"market_area_id":"zcta:11433","zcta":"11433","zip":"11433","geography_type":"zcta","name":"11433","vintage":"2020","period_start":"2026-06-01","period_end":"2026-06-30","current_month":"2026-06-30","measure_basis":"index","gross_or_net":"unknown","statistic":"typical_observed_rent_35_65_percentile_smoothed","unit_scope":"all_units","bedroom_count":null,"source_id":"zori","source_artifact_id":"zori-zip-sfrcondomfr-sm-month","source_url":"https://www.zillow.com/research/data/","source_label":"Zillow ZORI — ZIP-level typical observed market rent (all units, smoothed)","not_a_label":"median asking rent","attribution":"Data Provided by Zillow Group","zori_missing":false,"zori_rent_usd":3295.67,"zori_all_units":true},"geometry":{"type":"Polygon","coordinates":[[[-73.80412899981069,40.70146000003336],[-73.79841500044303,40.702741000040575],[-73.79677000010486,40.700512999691384],[-73.79934100000759,40.69929099988952],[-73.79753699966075,40.69819900003895],[-73.7935770004112,40.699756000077656],[-73.7946390004182,40.701237000206156],[-73.79236800009113,40.70212099983809],[-73.79379199959807,40.70403199976805],[-73.7960899996893,40.70329400014851],[-73.79663700003546,40.704078999815664],[-73.79492999977302,40.704704000048594],[-73.79510399985028,40.70492600014707],[-73.79462900037247,40.7051170001059],[-73.79489499961292,40.70546099995139],[-73.79395900000263,40.70582699993842],[-73.79284799959184,40.70442399996119],[-73.79165400023868,40.704856999827626],[-73.7923170000375,40.70600099999712],[-73.79001300009848,40.70639999995337],[-73.79009199974122,40.706665999731094],[-73.78941100039904,40.70683299991137],[-73.7895700004077,40.7072220002897],[-73.78673900021398,40.70789199971912],[-73.78381699978368,40.70793000016571],[-73.78337099971984,40.70683200024187],[-73.78288600019626,40.706947999943004],[-73.7833049995976,40.70794600006056],[-73.78214999970419,40.707661999993825],[-73.7821360003588,40.70812000003063],[-73.77968299955855,40.70859600002855],[-73.77937299993715,40.70781200014167],[-73.77901200026213,40.70789799968355],[-73.77873400042778,40.70734100034017],[-73.77678100011804,40.70782299974878],[-73.77526899984926,40.70411899981557],[-73.77297900015392,40.70038100001364],[-73.77322199982818,40.70023599967923],[-73.76989500024021,40.6963590003013],[-73.77730699964951,40.69225400002378],[-73.777835999554,40.694321000082404],[-73.7794409997092,40.693644999790244],[-73.78168699992192,40.69231499999604],[-73.78078200027376,40.691030000121806],[-73.78242699971362,40.6903439999653],[-73.78288000034847,40.69098400031036],[-73.78370100033102,40.69063600029349],[-73.78326600013783,40.68999400016726],[-73.78479199975202,40.68936199998534],[-73.79038499964416,40.68775399975144],[-73.79067400024748,40.68815000017207],[-73.7937029999096,40.68681199992468],[-73.79391200014697,40.68710799992516],[-73.79437099973126,40.68691300022452],[-73.79477800033537,40.6874710000595],[-73.79415300017138,40.68775199983965],[-73.79458300034169,40.68835399986258],[-73.79521099998041,40.6880950001787],[-73.79561500021146,40.688657000103476],[-73.79499500007034,40.688917000266166],[-73.79545500037788,40.68955199968723],[-73.79610099955995,40.68928199994877],[-73.7971530004195,40.690406000239946],[-73.79673300029494,40.69058400004877],[-73.79715699971915,40.691189000084236],[-73.79760100013316,40.691002000003415],[-73.79974799971335,40.69334799966658],[-73.79944999978753,40.69353499997448],[-73.80047599980949,40.694220999971705],[-73.80073299972744,40.69488700001873],[-73.80057600026693,40.69520399970189],[-73.80119600040804,40.69533699994479],[-73.80276800005295,40.699104999858896],[-73.80210100005618,40.70064300026375],[-73.80353399978394,40.7002789999287],[-73.80412899981069,40.70146000003336]]]}},{"type":"Feature","properties":{"market_area_id":"zcta:11434","zcta":"11434","zip":"11434","geography_type":"zcta","name":"11434","vintage":"2020","period_start":"2026-06-01","period_end":"2026-06-30","current_month":"2026-06-30","measure_basis":"index","gross_or_net":"unknown","statistic":"typical_observed_rent_35_65_percentile_smoothed","unit_scope":"all_units","bedroom_count":null,"source_id":"zori","source_artifact_id":"zori-zip-sfrcondomfr-sm-month","source_url":"https://www.zillow.com/research/data/","source_label":"Zillow ZORI — ZIP-level typical observed market rent (all units, smoothed)","not_a_label":"median asking rent","attribution":"Data Provided by Zillow Group","zori_missing":false,"zori_rent_usd":3083.33,"zori_all_units":true},"geometry":{"type":"Polygon","coordinates":[[[-73.80216200015555,40.66524999967016],[-73.8016600000152,40.66675600011545],[-73.79908300026473,40.66654600013646],[-73.79739500026884,40.666939999962295],[-73.79306199985207,40.66708699969369],[-73.78940999967581,40.66684099991893],[-73.7880849999031,40.67300999999815],[-73.79047400023094,40.67339100028577],[-73.79082499986022,40.674146000022745],[-73.78942899994239,40.67451900007823],[-73.79034399963629,40.676040000288204],[-73.79084599977661,40.67592000005571],[-73.79103699957231,40.67634699979213],[-73.7913949997726,40.67628799976642],[-73.7918030002016,40.677544000054176],[-73.79112799980891,40.677773000108786],[-73.79120599962671,40.67798300015758],[-73.79172200001075,40.67934100012599],[-73.79215300000598,40.679234000112096],[-73.79276499975117,40.6799429998233],[-73.79256399990973,40.67999899980387],[-73.79277700034504,40.680345000052064],[-73.79209299973152,40.68047599984863],[-73.79260400009268,40.68315299970069],[-73.79315599956342,40.684224000057434],[-73.79263500005482,40.68436699980515],[-73.79272100026856,40.684647999730316],[-73.79284400029219,40.68489799987999],[-73.793471000106,40.6848409999284],[-73.79398099974394,40.6857259998101],[-73.79356300016752,40.68584800007055],[-73.793907999949,40.68630500026148],[-73.7934640004333,40.68648000020091],[-73.7937029999096,40.68681199992468],[-73.79067400024748,40.68815000017207],[-73.79038499964416,40.68775399975144],[-73.78479199975202,40.68936199998534],[-73.78326600013783,40.68999400016726],[-73.78370100033102,40.69063600029349],[-73.78288000034847,40.69098400031036],[-73.78242699971362,40.6903439999653],[-73.78078200027376,40.691030000121806],[-73.78168699992192,40.69231499999604],[-73.777835999554,40.694321000082404],[-73.77730699964951,40.69225400002378],[-73.76929400036572,40.696650000328205],[-73.76521399966893,40.69278900012219],[-73.765393999594,40.69206499974388],[-73.76620000040623,40.69218299974004],[-73.76305200002012,40.68594499985584],[-73.75804699958373,40.6792209997039],[-73.75982499999128,40.67896999997346],[-73.75800399992602,40.676281000233324],[-73.75805699962949,40.675585000165306],[-73.75925000005601,40.67509500001909],[-73.75950899962379,40.67544699999348],[-73.7611489999391,40.67476399999296],[-73.76091499958736,40.67443700030897],[-73.76203199984593,40.673953000197706],[-73.7636770001841,40.67474600000209],[-73.76404700007996,40.67284700023306],[-73.76225100012906,40.67194300010845],[-73.76293400001936,40.67181300009101],[-73.76261500017712,40.670802999864364],[-73.76312399999016,40.6704960000422],[-73.76335699961865,40.66949400010266],[-73.76288399979063,40.66946100000565],[-73.7629380002173,40.66921899970355],[-73.76355300033555,40.668959999933385],[-73.76377699974321,40.66835499979988],[-73.7637619996746,40.668050000112395],[-73.76344899968016,40.66800400011216],[-73.76364500039705,40.667166999796024],[-73.76675400042511,40.66743300017888],[-73.76713000016875,40.666696000188935],[-73.76353200041915,40.666287000205664],[-73.7654999998992,40.661663999738266],[-73.76818899980269,40.66173800018048],[-73.76806800032718,40.661002000307455],[-73.76622100032263,40.661065999967],[-73.7666489999448,40.66053799991735],[-73.7660299996286,40.66039199974683],[-73.76615900039836,40.660084999699336],[-73.76796399967179,40.66034799996881],[-73.76766999994392,40.65841799973523],[-73.7661550002004,40.65855099978786],[-73.76582399976431,40.65630400016829],[-73.76735299975154,40.656159999768526],[-73.77401000019877,40.65977899997736],[-73.77689499992086,40.6606559998497],[-73.78079099959629,40.66233200007415],[-73.78505299986793,40.66344300023795],[-73.79508999960659,40.66489000003028],[-73.80216200015555,40.66524999967016]]]}},{"type":"Feature","properties":{"market_area_id":"zcta:11435","zcta":"11435","zip":"11435","geography_type":"zcta","name":"11435","vintage":"2020","period_start":"2026-06-01","period_end":"2026-06-30","current_month":"2026-06-30","measure_basis":"index","gross_or_net":"unknown","statistic":"typical_observed_rent_35_65_percentile_smoothed","unit_scope":"all_units","bedroom_count":null,"source_id":"zori","source_artifact_id":"zori-zip-sfrcondomfr-sm-month","source_url":"https://www.zillow.com/research/data/","source_label":"Zillow ZORI — ZIP-level typical observed market rent (all units, smoothed)","not_a_label":"median asking rent","attribution":"Data Provided by Zillow Group","zori_missing":false,"zori_rent_usd":2319.03,"zori_all_units":true},"geometry":{"type":"Polygon","coordinates":[[[-73.82556700031711,40.71615099969978],[-73.82172299962188,40.71677600034042],[-73.8203230004044,40.716660000057054],[-73.81930499988005,40.71713600028483],[-73.8182179997587,40.71638999988269],[-73.81676300028964,40.716822000044594],[-73.81706600023834,40.717716999805376],[-73.81690600040477,40.717399999687686],[-73.81516200033239,40.71807599992654],[-73.81507699994357,40.71788999993093],[-73.8138810000423,40.71822000004932],[-73.81396600043111,40.718406999980374],[-73.81358700031444,40.71851099988584],[-73.81348799968193,40.71830199973422],[-73.81311000028846,40.71841200018251],[-73.81320099962674,40.71861800014924],[-73.81282900008105,40.718721000234005],[-73.81272399960076,40.71850400002162],[-73.81237299997147,40.71860200009533],[-73.81252699995727,40.718948000063016],[-73.81211799970336,40.719062000111094],[-73.81141100042193,40.7165279997001],[-73.81033400034633,40.716421000162576],[-73.81033299962311,40.716079999693825],[-73.80784399973615,40.715999999740184],[-73.80777400031425,40.71571599997963],[-73.81022100036841,40.71570700006811],[-73.81014500020044,40.71347099978423],[-73.8095080003409,40.712141000211595],[-73.80918000027783,40.71146999967267],[-73.80857600003024,40.71127400017334],[-73.80785399978191,40.70984300018049],[-73.80826600040885,40.709679000300405],[-73.80353399978394,40.7002789999287],[-73.80210100005618,40.70064300026375],[-73.80276800005295,40.699104999858896],[-73.80119600040804,40.69533699994479],[-73.80057600026693,40.69520399970189],[-73.80073299972744,40.69488700001873],[-73.80047599980949,40.694220999971705],[-73.79944999978753,40.69353499997448],[-73.79974799971335,40.69334799966658],[-73.79760100013316,40.691002000003415],[-73.79715699971915,40.691189000084236],[-73.79673300029494,40.69058400004877],[-73.7971530004195,40.690406000239946],[-73.79610099955995,40.68928199994877],[-73.79545500037788,40.68955199968723],[-73.79499500007034,40.688917000266166],[-73.79561500021146,40.688657000103476],[-73.79521099998041,40.6880950001787],[-73.79458300034169,40.68835399986258],[-73.79415300017138,40.68775199983965],[-73.79477800033537,40.6874710000595],[-73.79437099973126,40.68691300022452],[-73.79391200014697,40.68710799992516],[-73.7934640004333,40.68648000020091],[-73.79443199983064,40.686150000145425],[-73.79457699959559,40.686460999992235],[-73.79564500034867,40.68621600015104],[-73.79546899972327,40.68585699993014],[-73.80589100032472,40.68289700032677],[-73.81442900021338,40.69833499982367],[-73.81945899986583,40.70839600029507],[-73.82116699995319,40.7103970001767],[-73.82395499959088,40.71285299989794],[-73.82556700031711,40.71615099969978]]]}},{"type":"Feature","properties":{"market_area_id":"zcta:11436","zcta":"11436","zip":"11436","geography_type":"zcta","name":"11436","vintage":"2020","period_start":null,"period_end":null,"current_month":"2026-06-30","measure_basis":"index","gross_or_net":"unknown","statistic":"typical_observed_rent_35_65_percentile_smoothed","unit_scope":"all_units","bedroom_count":null,"source_id":"zori","source_artifact_id":"zori-zip-sfrcondomfr-sm-month","source_url":"https://www.zillow.com/research/data/","source_label":"Zillow ZORI — ZIP-level typical observed market rent (all units, smoothed)","not_a_label":"median asking rent","attribution":"Data Provided by Zillow Group","zori_missing":true,"zori_rent_usd":null,"zori_all_units":true},"geometry":{"type":"Polygon","coordinates":[[[-73.80589100032472,40.68289700032677],[-73.79546899972327,40.68585699993014],[-73.79564500034867,40.68621600015104],[-73.79457699959559,40.686460999992235],[-73.79443199983064,40.686150000145425],[-73.793907999949,40.68630500026148],[-73.79356300016752,40.68584800007055],[-73.79398099974394,40.6857259998101],[-73.793471000106,40.6848409999284],[-73.79284400029219,40.68489799987999],[-73.79263500005482,40.68436699980515],[-73.79315599956342,40.684224000057434],[-73.79260400009268,40.68315299970069],[-73.79209299973152,40.68047599984863],[-73.79277700034504,40.680345000052064],[-73.79256399990973,40.67999899980387],[-73.79276499975117,40.6799429998233],[-73.79215300000598,40.679234000112096],[-73.79172200001075,40.67934100012599],[-73.79120599962671,40.67798300015758],[-73.79112799980891,40.677773000108786],[-73.7918030002016,40.677544000054176],[-73.7913949997726,40.67628799976642],[-73.79103699957231,40.67634699979213],[-73.79084599977661,40.67592000005571],[-73.79034399963629,40.676040000288204],[-73.78942899994239,40.67451900007823],[-73.79082499986022,40.674146000022745],[-73.79047400023094,40.67339100028577],[-73.7880849999031,40.67300999999815],[-73.78940999967581,40.66684099991893],[-73.79306199985207,40.66708699969369],[-73.79739500026884,40.666939999962295],[-73.79908300026473,40.66654600013646],[-73.8016600000152,40.66675600011545],[-73.80122099962408,40.669108000217236],[-73.80139300005153,40.673116999782],[-73.80589100032472,40.68289700032677]]]}},{"type":"Feature","properties":{"market_area_id":"zcta:11439","zcta":"11439","zip":"11439","geography_type":"zcta","name":"11439","vintage":"2020","period_start":null,"period_end":null,"current_month":"2026-06-30","measure_basis":"index","gross_or_net":"unknown","statistic":"typical_observed_rent_35_65_percentile_smoothed","unit_scope":"all_units","bedroom_count":null,"source_id":"zori","source_artifact_id":"zori-zip-sfrcondomfr-sm-month","source_url":"https://www.zillow.com/research/data/","source_label":"Zillow ZORI — ZIP-level typical observed market rent (all units, smoothed)","not_a_label":"median asking rent","attribution":"Data Provided by Zillow Group","zori_missing":true,"zori_rent_usd":null,"zori_all_units":true},"geometry":{"type":"Polygon","coordinates":[[[-73.79900100024896,40.72014499968147],[-73.79723299988713,40.720608999821444],[-73.79847200034445,40.72353000031638],[-73.79174499957698,40.72577599970948],[-73.79050900039104,40.72347099985688],[-73.79030000015366,40.7209200001649],[-73.7945909998393,40.7198379997419],[-73.79504100010112,40.71953000026922],[-73.79489899981088,40.71924599990821],[-73.79557699967832,40.71902500005717],[-73.79532599960814,40.71868799999944],[-73.79809599970248,40.717542999721466],[-73.79900100024896,40.72014499968147]]]}},{"type":"Feature","properties":{"market_area_id":"zcta:11451","zcta":"11451","zip":"11451","geography_type":"zcta","name":"11451","vintage":"2020","period_start":null,"period_end":null,"current_month":"2026-06-30","measure_basis":"index","gross_or_net":"unknown","statistic":"typical_observed_rent_35_65_percentile_smoothed","unit_scope":"all_units","bedroom_count":null,"source_id":"zori","source_artifact_id":"zori-zip-sfrcondomfr-sm-month","source_url":"https://www.zillow.com/research/data/","source_label":"Zillow ZORI — ZIP-level typical observed market rent (all units, smoothed)","not_a_label":"median asking rent","attribution":"Data Provided by Zillow Group","zori_missing":true,"zori_rent_usd":null,"zori_all_units":true},"geometry":{"type":"Polygon","coordinates":[[[-73.79934100000759,40.69929099988952],[-73.79677000010486,40.700512999691384],[-73.79841500044303,40.702741000040575],[-73.79379199959807,40.70403199976805],[-73.79236800009113,40.70212099983809],[-73.7946390004182,40.701237000206156],[-73.7935770004112,40.699756000077656],[-73.79753699966075,40.69819900003895],[-73.79934100000759,40.69929099988952]]]}},{"type":"Feature","properties":{"market_area_id":"zcta:11580","zcta":"11580","zip":"11580","geography_type":"zcta","name":"11580","vintage":"2020","period_start":"2026-06-01","period_end":"2026-06-30","current_month":"2026-06-30","measure_basis":"index","gross_or_net":"unknown","statistic":"typical_observed_rent_35_65_percentile_smoothed","unit_scope":"all_units","bedroom_count":null,"source_id":"zori","source_artifact_id":"zori-zip-sfrcondomfr-sm-month","source_url":"https://www.zillow.com/research/data/","source_label":"Zillow ZORI — ZIP-level typical observed market rent (all units, smoothed)","not_a_label":"median asking rent","attribution":"Data Provided by Zillow Group","zori_missing":false,"zori_rent_usd":3127.33,"zori_all_units":true},"geometry":{"type":"MultiPolygon","coordinates":[[[[-73.72822427431363,40.66735510496358],[-73.72794100039062,40.67080899976247],[-73.72762624855271,40.67307842803762],[-73.72822427431363,40.66735510496358]]],[[[-73.72755700025107,40.67410100030061],[-73.72755264339969,40.67411813715786],[-73.72754998449716,40.674089073568275],[-73.72755700025107,40.67410100030061]]],[[[-73.72652933850462,40.67652798410665],[-73.72635499960366,40.676973000059064],[-73.72620221285855,40.677370052136254],[-73.72633655602048,40.67695870209916],[-73.72652933850462,40.67652798410665]]]]}},{"type":"Feature","properties":{"market_area_id":"zcta:11691","zcta":"11691","zip":"11691","geography_type":"zcta","name":"11691","vintage":"2020","period_start":null,"period_end":null,"current_month":"2026-06-30","measure_basis":"index","gross_or_net":"unknown","statistic":"typical_observed_rent_35_65_percentile_smoothed","unit_scope":"all_units","bedroom_count":null,"source_id":"zori","source_artifact_id":"zori-zip-sfrcondomfr-sm-month","source_url":"https://www.zillow.com/research/data/","source_label":"Zillow ZORI — ZIP-level typical observed market rent (all units, smoothed)","not_a_label":"median asking rent","attribution":"Data Provided by Zillow Group","zori_missing":true,"zori_rent_usd":null,"zori_all_units":true},"geometry":{"type":"Polygon","coordinates":[[[-73.78916299980361,40.59607700026604],[-73.78922999975076,40.59785300018618],[-73.78588399989624,40.600421999854625],[-73.78531499980875,40.60156899992236],[-73.78349600029162,40.60258499968979],[-73.78313399989337,40.60381500005285],[-73.78394999985306,40.604879999865815],[-73.78307500034214,40.605981999849256],[-73.77935700004362,40.60925400025835],[-73.77727900006042,40.60984899990069],[-73.77526399982638,40.609717999844],[-73.77412900002446,40.60874700025677],[-73.77477099990688,40.60841700023508],[-73.77423299978155,40.607702999732155],[-73.77425600024607,40.607456999958245],[-73.77472800024917,40.60743699994796],[-73.77458400030912,40.606526000156634],[-73.77518000016079,40.6045640003221],[-73.77470899998261,40.604278000047046],[-73.77546399984293,40.60407000025643],[-73.77602899973245,40.60273399973205],[-73.77557699982083,40.603028999916205],[-73.77471499983038,40.60069000006974],[-73.77414099972003,40.59993300009337],[-73.77420400036755,40.59899499970507],[-73.77371700029582,40.59862899983931],[-73.77370300005211,40.59822200000973],[-73.77291800005456,40.597860999701126],[-73.77109299979134,40.598307999727645],[-73.77037300009113,40.598092000289455],[-73.76947699976549,40.59825799966717],[-73.76811400035793,40.59783000021105],[-73.7679350002578,40.5981360001811],[-73.7682399998563,40.598322000147164],[-73.77034600032694,40.598985999721215],[-73.7709139996912,40.598848999969036],[-73.77115800008866,40.59939299967394],[-73.77088100007924,40.60182000030767],[-73.77047400037344,40.60210799993918],[-73.77018599959506,40.602748999772814],[-73.77039700038056,40.602968000121294],[-73.77013500043975,40.603120000255906],[-73.77056499971174,40.6048399996608],[-73.7700049998451,40.60539199969324],[-73.76984599983643,40.60778799973738],[-73.76921200034992,40.60847400002668],[-73.76900099956441,40.609392000274774],[-73.76995399979145,40.61014600024436],[-73.77162400024399,40.61061999998708],[-73.77228000037012,40.61150599969515],[-73.77340400030138,40.61109000012988],[-73.7729630002604,40.610152999896705],[-73.77378099986993,40.611284000147776],[-73.77397099984073,40.61211299986821],[-73.77417199968217,40.61183100013204],[-73.77344799978398,40.61364600021887],[-73.7717020000618,40.613965000240036],[-73.76681899982412,40.614291000002865],[-73.76502600024627,40.61352099969906],[-73.76345399970302,40.613690000100746],[-73.76002099980987,40.611349000168374],[-73.75473199969133,40.610404999849976],[-73.75345799997226,40.6105199998349],[-73.74821599970939,40.6120109997673],[-73.74799300012663,40.612310000177224],[-73.74749500018427,40.61188799973944],[-73.74711900044062,40.612035999773],[-73.74674699999662,40.61140300029479],[-73.74566139154464,40.61182004221033],[-73.74314534572407,40.607784226840856],[-73.74355099992992,40.607452000297265],[-73.74029100028912,40.60459800029721],[-73.73923500012994,40.60402799987254],[-73.73826500018447,40.60255699995144],[-73.73846299965287,40.595866000286655],[-73.7379828689606,40.594543209636676],[-73.73877800019544,40.59435499980986],[-73.73900199960312,40.59458600023405],[-73.73958800030734,40.59442699985941],[-73.74064299974333,40.5947209998821],[-73.74089899983635,40.59448100001614],[-73.74222600015722,40.5949059998161],[-73.74350300024935,40.59460300003294],[-73.74400899968933,40.59603399966796],[-73.74569300038557,40.595985999887795],[-73.74820800021179,40.59528200006231],[-73.75125100011762,40.59512699989951],[-73.75115800023119,40.59180600021453],[-73.75164899960255,40.5913760003111],[-73.75357000012524,40.590942000200094],[-73.75597399962336,40.59085199969874],[-73.75782599965079,40.59134399982383],[-73.76134300010784,40.591726999854245],[-73.76784599967101,40.59074699975652],[-73.76963900014718,40.59076900007641],[-73.77023099980089,40.59397499981791],[-73.77270100031959,40.59312299998532],[-73.7800459997817,40.59238099991272],[-73.7800590002005,40.592574000329535],[-73.78506200008876,40.59219999990987],[-73.78337499991781,40.5927220001587],[-73.78373800014094,40.59592899967778],[-73.7833899999864,40.59596399992023],[-73.78348399969774,40.597034999707496],[-73.78472399997995,40.59695200025701],[-73.78479599994998,40.59770400017738],[-73.78837299978318,40.597505999839605],[-73.78823600041416,40.596118000223555],[-73.78916299980361,40.59607700026604]]]}},{"type":"Feature","properties":{"market_area_id":"zcta:11692","zcta":"11692","zip":"11692","geography_type":"zcta","name":"11692","vintage":"2020","period_start":"2026-06-01","period_end":"2026-06-30","current_month":"2026-06-30","measure_basis":"index","gross_or_net":"unknown","statistic":"typical_observed_rent_35_65_percentile_smoothed","unit_scope":"all_units","bedroom_count":null,"source_id":"zori","source_artifact_id":"zori-zip-sfrcondomfr-sm-month","source_url":"https://www.zillow.com/research/data/","source_label":"Zillow ZORI — ZIP-level typical observed market rent (all units, smoothed)","not_a_label":"median asking rent","attribution":"Data Provided by Zillow Group","zori_missing":false,"zori_rent_usd":3336.5,"zori_all_units":true},"geometry":{"type":"Polygon","coordinates":[[[-73.80532999973484,40.590519999909205],[-73.8031429999717,40.59065799972187],[-73.80333200011756,40.59241199988293],[-73.80242800029433,40.59247299976029],[-73.80237700024071,40.59328700008912],[-73.8025100003101,40.593947999881706],[-73.80314200014679,40.593848000023],[-73.80251299978482,40.59396699983792],[-73.80256800003642,40.59427199976084],[-73.8032430004291,40.59408700011899],[-73.80328799973663,40.59428199969003],[-73.80233700005773,40.5944050000609],[-73.80318700035262,40.594656000060304],[-73.8034400000726,40.594433999793736],[-73.80319700039836,40.5946779997762],[-73.80337800014833,40.59486899973383],[-73.80365500015775,40.59473099974417],[-73.80372499957964,40.59481699986015],[-73.80335800005683,40.59491199971688],[-73.80319999987307,40.59487299966993],[-73.8032149999417,40.59514600020284],[-73.80390799987775,40.5950050001567],[-73.80364599993695,40.59517600027583],[-73.80511200017496,40.597151000139256],[-73.80471100031696,40.59767499981664],[-73.8039189997484,40.59796600006751],[-73.80285000006872,40.59891600033597],[-73.80165599981726,40.59890100011713],[-73.80094899963751,40.59915200028941],[-73.80091500020062,40.59939099984117],[-73.80076399968956,40.599163000090606],[-73.79676799955674,40.599383999743665],[-73.79365199985598,40.60262300014408],[-73.78905800022163,40.60562099984515],[-73.78616900030158,40.60307499969116],[-73.78716199981328,40.60232599978715],[-73.78807200038261,40.60085400002777],[-73.79026199962051,40.59925999974746],[-73.79107799958021,40.59663300019371],[-73.78922899992584,40.59673299997964],[-73.78916299980361,40.59607700026604],[-73.78823600041416,40.596118000223555],[-73.78837299978318,40.597505999839605],[-73.78670400005389,40.59762400002196],[-73.78479599994998,40.59770400017738],[-73.78472399997995,40.59695200025701],[-73.78348399969774,40.597034999707496],[-73.7833899999864,40.59596399992023],[-73.78373800014094,40.59592899967778],[-73.78337499991781,40.5927220001587],[-73.78506200008876,40.59219999990987],[-73.7800590002005,40.592574000329535],[-73.7800459997817,40.59238099991272],[-73.77270100031959,40.59312299998532],[-73.77023099980089,40.59397499981791],[-73.76963900014718,40.59076900007641],[-73.77583700011182,40.590325000281496],[-73.7792490000886,40.589586000047305],[-73.78031000027066,40.589609000129755],[-73.78881600037228,40.58745799978174],[-73.78945099968368,40.58762300022805],[-73.79171600016298,40.58728300000054],[-73.80116100024793,40.58539700029418],[-73.80171600009172,40.586671999707875],[-73.80401599983277,40.58649499969801],[-73.80430500043609,40.5883270001962],[-73.8047349997081,40.588269000195965],[-73.80481900027202,40.58887499985582],[-73.80524199987131,40.58883699977286],[-73.8053330001079,40.58946599987461],[-73.8049320002499,40.58950799985723],[-73.80499199962604,40.58984999980579],[-73.80540099987995,40.589849999805786],[-73.80532999973484,40.590519999909205]]]}},{"type":"Feature","properties":{"market_area_id":"zcta:11693","zcta":"11693","zip":"11693","geography_type":"zcta","name":"11693","vintage":"2020","period_start":null,"period_end":null,"current_month":"2026-06-30","measure_basis":"index","gross_or_net":"unknown","statistic":"typical_observed_rent_35_65_percentile_smoothed","unit_scope":"all_units","bedroom_count":null,"source_id":"zori","source_artifact_id":"zori-zip-sfrcondomfr-sm-month","source_url":"https://www.zillow.com/research/data/","source_label":"Zillow ZORI — ZIP-level typical observed market rent (all units, smoothed)","not_a_label":"median asking rent","attribution":"Data Provided by Zillow Group","zori_missing":true,"zori_rent_usd":null,"zori_all_units":true},"geometry":{"type":"MultiPolygon","coordinates":[[[[-73.83484699964731,40.59554299992054],[-73.8333610002161,40.5972359999221],[-73.83213799965232,40.59762400002196],[-73.83232400032347,40.59781499974855],[-73.83126099959327,40.59789199985893],[-73.83046999974793,40.59745100013432],[-73.83038899955707,40.59773399978467],[-73.82948300008401,40.59813400031067],[-73.82911300018816,40.59777200026839],[-73.82804299978525,40.59770099967029],[-73.82604799964271,40.599461000093136],[-73.82552899978396,40.59851100006664],[-73.82456800005932,40.598170000015536],[-73.82395899978884,40.598876999896405],[-73.82452799987632,40.59893600016781],[-73.82478800016732,40.59841799972914],[-73.82453100024937,40.59911900019283],[-73.82407799961452,40.598909000188804],[-73.82416600037638,40.5992989999636],[-73.82376600034331,40.600039999747054],[-73.82194399955482,40.599800999787384],[-73.82146900007699,40.59999399992962],[-73.82440999987554,40.600342000223485],[-73.82445199970834,40.60079699987591],[-73.82351100007519,40.60154599986168],[-73.82357800002234,40.60227199982846],[-73.82294500036075,40.60258299995245],[-73.82290299962963,40.60468700019043],[-73.82246699961155,40.60552499969529],[-73.82290500017778,40.60585099971422],[-73.82236000037973,40.60646900006757],[-73.82121299998394,40.607076000301085],[-73.82003200015127,40.608924000012394],[-73.81979699997463,40.61049799987687],[-73.82043399983418,40.61206700017627],[-73.82085999980653,40.61226499966281],[-73.82128400012905,40.611101000012376],[-73.82047300019225,40.61019499984123],[-73.82083700024032,40.609231000114235],[-73.82163099956038,40.60849599996914],[-73.8218430001708,40.60987799975362],[-73.8228709998426,40.61033599990043],[-73.82382499989454,40.61149900018454],[-73.82410000025415,40.6123200001359],[-73.82165800022287,40.6149090000445],[-73.82094099999739,40.6152370000154],[-73.81757099985342,40.61416300023965],[-73.81652700028809,40.61494700031071],[-73.81654800020449,40.61447000013955],[-73.81623400038514,40.614230999952596],[-73.81416100042479,40.614648999796664],[-73.81441400014477,40.614100999999806],[-73.8148669998813,40.61401099998918],[-73.81504199978347,40.61430699987078],[-73.81550999958864,40.61400600013658],[-73.81487500027723,40.613369999741224],[-73.8150359999357,40.61297600001922],[-73.81550600028899,40.61333899994253],[-73.81615599966901,40.61294200021476],[-73.81540400018174,40.61038500003993],[-73.81450299983325,40.61105800021343],[-73.81519599976929,40.60997699974458],[-73.81475300007848,40.60863299972674],[-73.81508199996645,40.60728400028472],[-73.81574200029054,40.606465000143274],[-73.81546100008315,40.60642800032046],[-73.81553399987808,40.60616399986576],[-73.81552499965726,40.60640700019071],[-73.81595999985043,40.60626200008911],[-73.81588799988042,40.605928999934854],[-73.81642500018084,40.605223999958426],[-73.81739199975327,40.60515800028803],[-73.817253999661,40.6039400003143],[-73.81771999981633,40.602225000308884],[-73.81831099964513,40.60134000021054],[-73.81849099957017,40.59938999992472],[-73.8192809995906,40.59752999987045],[-73.81973599987528,40.597516999911626],[-73.82038399960547,40.59656900014306],[-73.82071199966853,40.59517099969618],[-73.8213579997489,40.59469100028705],[-73.82480300023595,40.59508300007385],[-73.83232599997329,40.59461899983974],[-73.83465599985159,40.59516799975746],[-73.83484699964731,40.59554299992054]]],[[[-73.82009200042573,40.586979999783864],[-73.81891300024289,40.587575999960464],[-73.8191330003509,40.588047999957695],[-73.81741600004274,40.58891700020957],[-73.81763799980057,40.58928600023499],[-73.81674200037325,40.5893189997277],[-73.81524799964781,40.589988999693894],[-73.8147399996597,40.59061100022298],[-73.81335399978762,40.59096100032838],[-73.81358899996425,40.59169800031163],[-73.81323499996192,40.59107100013905],[-73.81170299960168,40.59159399968446],[-73.81147800036908,40.592916000286664],[-73.8113260000331,40.59174599975946],[-73.81082499971768,40.59208799985865],[-73.81095399958913,40.59248900007678],[-73.81138600030756,40.5924419998184],[-73.81140800004887,40.592870999674155],[-73.81107300031313,40.5930220002454],[-73.81137299988877,40.59270299984864],[-73.81075000027293,40.59279199989003],[-73.81137299988877,40.59268400021537],[-73.81135799982016,40.59246300024273],[-73.81094000024372,40.5925469998276],[-73.81079499958047,40.59209400001236],[-73.80991099984871,40.59225399981879],[-73.8100580001618,40.593082000237594],[-73.80973099992364,40.59240399971597],[-73.80979899969572,40.592720000126306],[-73.8096909997407,40.592454000061664],[-73.80950599979276,40.59277500031283],[-73.80961700012084,40.5935760003328],[-73.80595800027187,40.591935999878906],[-73.80573200031607,40.590758000258425],[-73.80581799963146,40.591866999962605],[-73.80428399962138,40.59131099996612],[-73.80418800026021,40.59186599993363],[-73.8073190000296,40.59306900009607],[-73.8080229998363,40.59362399979679],[-73.80780100007844,40.59400399973722],[-73.8079790003537,40.59418400031947],[-73.80710399994445,40.59528899990713],[-73.80606000037912,40.595558000210715],[-73.80483699981534,40.59504500010811],[-73.80411499956698,40.59431900009712],[-73.80412100031306,40.59352400013565],[-73.80378800022714,40.59288599988171],[-73.80243800034008,40.59264000014637],[-73.80333200011756,40.59241199988293],[-73.8031429999717,40.59065799972187],[-73.80532999973484,40.590519999909205],[-73.80540099987995,40.589849999805786],[-73.80499199962604,40.58984999980579],[-73.8049320002499,40.58950799985723],[-73.8053330001079,40.58946599987461],[-73.80524199987131,40.58883699977286],[-73.80481900027202,40.58887499985582],[-73.8047349997081,40.588269000195965],[-73.80430500043609,40.5883270001962],[-73.80401599983277,40.58649499969801],[-73.80171600009172,40.586671999707875],[-73.80133799979994,40.58540700018613],[-73.80783500041363,40.58401499988394],[-73.81352399966694,40.583473000215946],[-73.81563500016043,40.582806999758084],[-73.81570200010758,40.58342900022634],[-73.81817000007811,40.58306600023143],[-73.81922100021444,40.58475200000878],[-73.81957400039187,40.58458699998379],[-73.81980600019547,40.584948999778376],[-73.8194000003146,40.585100999948615],[-73.8197390002483,40.585684000284104],[-73.81936799962924,40.5858300001154],[-73.82009200042573,40.586979999783864]]]]}},{"type":"Feature","properties":{"market_area_id":"zcta:11694","zcta":"11694","zip":"11694","geography_type":"zcta","name":"11694","vintage":"2020","period_start":"2026-06-01","period_end":"2026-06-30","current_month":"2026-06-30","measure_basis":"index","gross_or_net":"unknown","statistic":"typical_observed_rent_35_65_percentile_smoothed","unit_scope":"all_units","bedroom_count":null,"source_id":"zori","source_artifact_id":"zori-zip-sfrcondomfr-sm-month","source_url":"https://www.zillow.com/research/data/","source_label":"Zillow ZORI — ZIP-level typical observed market rent (all units, smoothed)","not_a_label":"median asking rent","attribution":"Data Provided by Zillow Group","zori_missing":false,"zori_rent_usd":2336.67,"zori_all_units":true},"geometry":{"type":"Polygon","coordinates":[[[-73.88313099970603,40.568380999860494],[-73.88130100031825,40.56877400001599],[-73.87851699998019,40.56866000024497],[-73.87662099957186,40.569231999940015],[-73.8655429997426,40.574642000150455],[-73.85298699997978,40.581303000232765],[-73.85044399966614,40.582130000301035],[-73.84861099990532,40.58218800016714],[-73.8451810003852,40.581580999771354],[-73.839296000415,40.5818639997297],[-73.83855300025024,40.58279200001871],[-73.83584099988222,40.582878999961345],[-73.82852499983412,40.584854000093536],[-73.82804799980813,40.586080000123715],[-73.8230690002093,40.58749200027085],[-73.82145999985615,40.586769999854894],[-73.8191330003509,40.588047999957695],[-73.81891300024289,40.587575999960464],[-73.82009200042573,40.586979999783864],[-73.81936799962924,40.5858300001154],[-73.8197390002483,40.585684000284104],[-73.8194000003146,40.585100999948615],[-73.81980600019547,40.584948999778376],[-73.81957400039187,40.58458699998379],[-73.81922100021444,40.58475200000878],[-73.81817000007811,40.58306600023143],[-73.81570200010758,40.58342900022634],[-73.81563500016043,40.582806999758084],[-73.83386900020422,40.57765000017054],[-73.8377759997503,40.57592999994054],[-73.85713399972536,40.56912700017627],[-73.86286899990773,40.566831000048595],[-73.86269400000555,40.56650200030847],[-73.86349300024679,40.5670339997203],[-73.86553799971973,40.56657200018536],[-73.86661700034347,40.56609200024168],[-73.86630900037188,40.56554599971201],[-73.86688400030715,40.566084000338606],[-73.86848699991423,40.565526999870805],[-73.86825099991266,40.565068999840776],[-73.86869000030381,40.56552800029359],[-73.87062199979884,40.56481299991866],[-73.87027600019243,40.56417500012784],[-73.87065899960878,40.564813999669695],[-73.87091300005198,40.56476500025083],[-73.87262500033731,40.56408699998537],[-73.87237500009208,40.5635790002822],[-73.87276099988144,40.56411399969241],[-73.87329900000677,40.56404100000441],[-73.87937899997064,40.56183699977626],[-73.882770000031,40.56759700023348],[-73.88313099970603,40.568380999860494]]]}},{"type":"Feature","properties":{"market_area_id":"zcta:11697","zcta":"11697","zip":"11697","geography_type":"zcta","name":"11697","vintage":"2020","period_start":null,"period_end":null,"current_month":"2026-06-30","measure_basis":"index","gross_or_net":"unknown","statistic":"typical_observed_rent_35_65_percentile_smoothed","unit_scope":"all_units","bedroom_count":null,"source_id":"zori","source_artifact_id":"zori-zip-sfrcondomfr-sm-month","source_url":"https://www.zillow.com/research/data/","source_label":"Zillow ZORI — ZIP-level typical observed market rent (all units, smoothed)","not_a_label":"median asking rent","attribution":"Data Provided by Zillow Group","zori_missing":true,"zori_rent_usd":null,"zori_all_units":true},"geometry":{"type":"Polygon","coordinates":[[[-73.94013000010375,40.54800300017969],[-73.94017100011163,40.55302800024445],[-73.93950599976469,40.55460999991406],[-73.93830499984053,40.555910000288264],[-73.93543400036214,40.5573059998902],[-73.9335799997866,40.55733000001412],[-73.93222599970159,40.557675000247094],[-73.93167199968269,40.55684900012665],[-73.92757299961768,40.55813800030192],[-73.92672599969585,40.55855699991755],[-73.926279999632,40.56091499977725],[-73.92426299974817,40.561491999835674],[-73.92263099982878,40.56148700014986],[-73.92208199983278,40.56207400002251],[-73.92036799989764,40.5622189997249],[-73.92025999994262,40.56261199989458],[-73.92031000017133,40.56223000014133],[-73.91766099955248,40.56282599971474],[-73.914534999806,40.564359999933785],[-73.91188299971243,40.56498999997458],[-73.91195499968244,40.56581099991549],[-73.91216200026999,40.56583600013801],[-73.91173600029764,40.56587299990435],[-73.91192600026844,40.565813999806174],[-73.91185799959806,40.564995000081204],[-73.91017499962506,40.564922999738606],[-73.910655999849,40.56375000022319],[-73.91024400012036,40.562392999772065],[-73.90923099961886,40.56075800019457],[-73.90844300014658,40.56075900000613],[-73.90334099962578,40.56186299991336],[-73.89455099984202,40.564294999949574],[-73.89536900034986,40.56695300000581],[-73.89261000012617,40.56858700005619],[-73.88911100011077,40.56791600027433],[-73.88430999988887,40.56869600012182],[-73.88488700037227,40.568470000195084],[-73.8847559999527,40.56828900031026],[-73.88433699965304,40.568488000187045],[-73.88471800031787,40.56824499988728],[-73.88445700020196,40.56789600003622],[-73.88380699992364,40.56815399985123],[-73.8840229998337,40.56850299972166],[-73.88357699976987,40.56821000015052],[-73.88390400000802,40.56890600015467],[-73.88313099970603,40.568380999860494],[-73.87937899997064,40.56183699977626],[-73.88029700003759,40.56137499985562],[-73.88143299966441,40.56132699976967],[-73.88235599975424,40.56077700002454],[-73.88324700005698,40.560856000085934],[-73.88486399990774,40.56000700029675],[-73.88593400031064,40.5599840002732],[-73.88697500040124,40.5593999999958],[-73.8878530002852,40.55952199984836],[-73.88963900019037,40.558664000252506],[-73.8905489998614,40.558704999940105],[-73.89213899994799,40.55787199989528],[-73.89249399977523,40.55811600016984],[-73.89348600036034,40.55793799982794],[-73.89494800040039,40.557295000029626],[-73.89491800026315,40.55707899985698],[-73.89549400002333,40.55741499990027],[-73.89711900027002,40.55665899999083],[-73.89734199985278,40.556990000072815],[-73.8980049996516,40.55710100032981],[-73.90058999979803,40.5564230002424],[-73.9012429995511,40.55676099990809],[-73.90278999997996,40.556735999708565],[-73.90691400015935,40.55560400027605],[-73.91948099979287,40.55062500003273],[-73.93611999972718,40.54450699996531],[-73.93889900004237,40.54322800024817],[-73.94047400006032,40.54285000011717],[-73.94073699982607,40.54182000023665],[-73.94013000010375,40.54800300017969]]]}}]}
